{
  "accountFlags": {
    "initialized": true,
    "market": true,
    "openOrders": false,
    "requestQueue": false,
    "eventQueue": false,
    "bids": false,
    "asks": false
  },
  "ownAddress": "2eSZySzRb6w7RrwbgVgrcPYLvtp5v8jBjsp387FbFtNn",
  "vaultSignerNonce": "00",
  "baseMint": "5oVNBeEEQvYi1cX3ir8Dx5n1P7pdxydbGF2X4TxVusJm",
  "quoteMint": "So11111111111111111111111111111111111111112",
  "baseVault": "BwSjTMYMsgdhgXrAyLM4NNTnbn5hZpUAWkpZGHMMS6ay",
  "baseDepositsTotal": "06516e80",
  "baseFeesAccrued": "00",
  "quoteVault": "EKaAS5EFC5iCjnAyfSGz1rRedRdpSyvGoSeS9cTL2kQV",
  "quoteDepositsTotal": "c93622ec",
  "quoteFeesAccrued": "03",
  "quoteDustThreshold": "01f4",
  "requestQueue": "9L1o2SBXv73Z6sGfi8gaZykbBr7VVbMApgWWkbUkomRw",
  "eventQueue": "5aE7C1Gvp8wJ5DVeWK8ShtmriPQUwACw2sG8dpPwSTFX",
  "bids": "C6ABzzMi59TqeYaQCzbFyqdqVYEYcgXSVHhG1rRRZxxt",
  "asks": "HoxiwYbqfRCUAgqGiFcibPBJF29DyaoKWeFZUZJJizqD",
  "baseLotSize": "0f4240",
  "quoteLotSize": "64",
  "feeRateBps": "96",
  "referrerRebatesAccrued": "07b6",
  "provider": "openbook",
  "other": "So11111111111111111111111111111111111111112",
  "baseScale": 9,
  "quoteScale": 9
}