{
  "accountFlags": {
    "initialized": true,
    "market": true,
    "openOrders": false,
    "requestQueue": false,
    "eventQueue": false,
    "bids": false,
    "asks": false
  },
  "ownAddress": "2ikmhKuUrcZ3XLzkAT2dC1kNof2vctwBR2BAvCktAoG7",
  "vaultSignerNonce": "03",
  "baseMint": "So11111111111111111111111111111111111111112",
  "quoteMint": "USDH1SM1ojwWUga67PGrgFWUHibbjqMvuMaDkRJTgkX",
  "baseVault": "1YWLBcj1xWVertP9kjgWxmD11eCHJyb9FmSGZt9c11N",
  "baseDepositsTotal": "2faf0800",
  "baseFeesAccrued": "00",
  "quoteVault": "Ev3tRdCwdXaRHJ3x6j2mGKJnTobKZyHeGa61Cgft3V8V",
  "quoteDepositsTotal": "36cfd0",
  "quoteFeesAccrued": "06",
  "quoteDustThreshold": "64",
  "requestQueue": "EjZGwExs35PD4vHzdeqesYnXybskxzJYB1qR27PFt8Bk",
  "eventQueue": "A5iUaHoHo6QUitPWh12q2uaHNRc5cVafE8hsFj95bqxA",
  "bids": "GkMFaVFrK9FjcP7AXvRvVwTeJSB5GpVzqLG8XmKjcxGq",
  "asks": "BuPhSyHBRRyCu1zwwQE3rZMf2sx8YGU7Cez3sYMKwLmA",
  "baseLotSize": "989680",
  "quoteLotSize": "64",
  "feeRateBps": "00",
  "referrerRebatesAccrued": "c3",
  "provider": "openbook",
  "other": "So11111111111111111111111111111111111111112",
  "baseScale": 9,
  "quoteScale": 6
}