{
  "accountFlags": {
    "initialized": true,
    "market": true,
    "openOrders": false,
    "requestQueue": false,
    "eventQueue": false,
    "bids": false,
    "asks": false
  },
  "ownAddress": "2yw2vatXBCQyLtyDYkA1ytkVm2LsWfPShdrXrBnVzB56",
  "vaultSignerNonce": "00",
  "baseMint": "9tzZzEHsKnwFL1A3DyFJwj36KnZj3gZ7g4srWp9YTEoh",
  "quoteMint": "So11111111111111111111111111111111111111112",
  "baseVault": "ErHYvnnRHArx1PMbRcAJnDQZoQJp9xqdjMhG7re1rWmd",
  "baseDepositsTotal": "c4520a5980",
  "baseFeesAccrued": "00",
  "quoteVault": "9iyJ5xDVZM29CjgSGuqyuuLxgKtB7RADg7CuZnWouDSf",
  "quoteDepositsTotal": "11e20607",
  "quoteFeesAccrued": "0d",
  "quoteDustThreshold": "64",
  "requestQueue": "GfjMkee2cR6e3SfdNQWQTXUkQohpkEyQ2Jc6MvpZwtZa",
  "eventQueue": "3npnWdHEnbSBv1cMpWqS31u751gBQwtik3YACJVrZHZ7",
  "bids": "7havjWtJiX5ab38TN3C9ri4hHoZH96kHuV293CPXYuWT",
  "asks": "Hqc1pFALccW3FT3Z8Bb2S8SxrQzUCSp8HzU6k7nEMHXm",
  "baseLotSize": "0f4240",
  "quoteLotSize": "01",
  "feeRateBps": "00",
  "referrerRebatesAccrued": "025fa4",
  "provider": "openbook",
  "other": "So11111111111111111111111111111111111111112",
  "baseScale": 6,
  "quoteScale": 9
}