{
  "accountFlags": {
    "initialized": true,
    "market": true,
    "openOrders": false,
    "requestQueue": false,
    "eventQueue": false,
    "bids": false,
    "asks": false
  },
  "ownAddress": "3BAKsQd3RuhZKES2DGysMhjBdwjZYKYmxRqnSMtZ4KSN",
  "vaultSignerNonce": "02",
  "baseMint": "3NZ9JMVBmGAqocybic2c7LQCJScmgsAZ6vQqTDzcqmJh",
  "quoteMint": "EPjFWdd5AufqSSqeM2qN1xzybapC8G4wEGGkZwyTDt1v",
  "baseVault": "4dBGZ9VFcVxovZYfWfJx1mPDyeacSmn4GkEsG36fVfHZ",
  "baseDepositsTotal": "06233290",
  "baseFeesAccrued": "00",
  "quoteVault": "7jf1ikTkQFeQgmT8PKpZXWQrxvXVmk3rqLpEZzTEMMH9",
  "quoteDepositsTotal": "0887fe4c3c",
  "quoteFeesAccrued": "82d15919",
  "quoteDustThreshold": "64",
  "requestQueue": "6yk54yRHCPnXKL779tyLtiiW4vjd5BdnoF2pksp1p5PS",
  "eventQueue": "2t7SmTmuwKpt6YPtQXsDm4q1iyyGNZNuSsX63hUeh54a",
  "bids": "45XVoYsjbE4nToSZM4GaBQAZCo1XC6wZDaYKCE3RFnYe",
  "asks": "48UFRoTiMmmRa7gF6GYeT7UAUAfHJERzTy9gjr7brahc",
  "baseLotSize": "2710",
  "quoteLotSize": "01",
  "feeRateBps": "00",
  "referrerRebatesAccrued": "06822d6c",
  "provider": "openbook",
  "other": "EPjFWdd5AufqSSqeM2qN1xzybapC8G4wEGGkZwyTDt1v",
  "baseScale": 8,
  "quoteScale": 6
}