{
  "accountFlags": {
    "initialized": true,
    "market": true,
    "openOrders": false,
    "requestQueue": false,
    "eventQueue": false,
    "bids": false,
    "asks": false
  },
  "ownAddress": "3NnxQvDcZXputNMxaxsGvqiKpqgPfSYXpNigZNFcknmD",
  "vaultSignerNonce": "00",
  "baseMint": "MangoCzJ36AjZyKwVj3VnYU4GTonjfVEnJmvvWaxLac",
  "quoteMint": "EPjFWdd5AufqSSqeM2qN1xzybapC8G4wEGGkZwyTDt1v",
  "baseVault": "6pr2nSMUg7Bet39jztkKJ1WtX1AV27vpzzLbWa4Tdrrc",
  "baseDepositsTotal": "033af0075980",
  "baseFeesAccrued": "00",
  "quoteVault": "4pQHik1oQgYJwNRjyzNgTJcxR7Z3BgHPcmj9Gp3gVZyA",
  "quoteDepositsTotal": "1126730581",
  "quoteFeesAccrued": "0a054528",
  "quoteDustThreshold": "01f4",
  "requestQueue": "bHULB9gq5RVErH8Z9gKj6N8ZNLpNdiSGCUGb21QiyE2",
  "eventQueue": "L5qRy8coUoZpKTLN3xRXRNThGhQneg7k1fAMqjcE4cN",
  "bids": "5xcsJ8wAc37HMMWuboeon8EFQFd5xaeeFF7gYWQecJRh",
  "asks": "FS3RJV17qKEtDjsffnbLujxR1qieBFR1Rvvk3jHxb3Ua",
  "baseLotSize": "989680",
  "quoteLotSize": "0a",
  "feeRateBps": "96",
  "referrerRebatesAccrued": "0279d1c6",
  "provider": "openbook",
  "other": "EPjFWdd5AufqSSqeM2qN1xzybapC8G4wEGGkZwyTDt1v",
  "baseScale": 6,
  "quoteScale": 6
}