{
  "accountFlags": {
    "initialized": true,
    "market": true,
    "openOrders": false,
    "requestQueue": false,
    "eventQueue": false,
    "bids": false,
    "asks": false
  },
  "ownAddress": "3xYMkcXUuJ8epKTfJx3f4Xwp65gFNX4P6GAvCbMqFQm4",
  "vaultSignerNonce": "00",
  "baseMint": "EZF2sPJRe26e8iyXaCrmEefrGVBkqqNGv9UPGG9EnTQz",
  "quoteMint": "EPjFWdd5AufqSSqeM2qN1xzybapC8G4wEGGkZwyTDt1v",
  "baseVault": "BSt23PqThoatBLMSwGwBokjumD2SL6UHYmhHxpXm6pWj",
  "baseDepositsTotal": "2f210d166e00",
  "baseFeesAccrued": "00",
  "quoteVault": "ttvAwX7vQyFATyh6tTPhwhDWP2kjENEHYjKnpCw4Yvd",
  "quoteDepositsTotal": "0186a0",
  "quoteFeesAccrued": "00",
  "quoteDustThreshold": "64",
  "requestQueue": "GNBDrZ57bRfJggsV4rCie1GLzT5oFSa3XAanDaFzFCxS",
  "eventQueue": "3PFYdt1Z6yeagQjayTZaDJDdBVVyykZGkXGmTvjL5e6Q",
  "bids": "HcmqvEDShAoDL4iktknh4zPGX58ru9Lt8mEHRU6P6MMZ",
  "asks": "4589KQEty7hfsFAMdxB4Qz2rR6QqpBzBmnPCb83c572J",
  "baseLotSize": "3b9aca00",
  "quoteLotSize": "01",
  "feeRateBps": "00",
  "referrerRebatesAccrued": "00",
  "provider": "openbook",
  "other": "EPjFWdd5AufqSSqeM2qN1xzybapC8G4wEGGkZwyTDt1v",
  "baseScale": 9,
  "quoteScale": 6
}