{
  "accountFlags": {
    "initialized": true,
    "market": true,
    "openOrders": false,
    "requestQueue": false,
    "eventQueue": false,
    "bids": false,
    "asks": false
  },
  "ownAddress": "4MsCTC18gpEAgZWtB39R5JyfLd4EcqJxQ73QZPvRCDCg",
  "vaultSignerNonce": "02",
  "baseMint": "DezXAZ8z7PnrnRJjz3wXBoRgixCa6xjnB7YaB1pPB263",
  "quoteMint": "4k3Dyjzvzp8eMZWUXbBCjEvwSkkk59S5iCNLY3QrkX6R",
  "baseVault": "6xkCh21TZke2R9c5eo7hPT7t5qAfBRYsjnGW7KoYtapF",
  "baseDepositsTotal": "513c0dfa60",
  "baseFeesAccrued": "00",
  "quoteVault": "FkWtsLesaUiBMobBRDbRqUpnQCR6Aw6P739851nq1Etc",
  "quoteDepositsTotal": "63",
  "quoteFeesAccrued": "0839",
  "quoteDustThreshold": "64",
  "requestQueue": "13GnKWkWwBBiLZ8YjwJ91xrdS8JSs5g4Tct5f5kYZDsz",
  "eventQueue": "3NU9K2a4b7vfjSPEoSq3uykjc4SCMZoJpa5RyjEqzQwo",
  "bids": "Fe7iu1CXvJJyThzxxigePK7d6pskUX5mYCvyMQWHhXfb",
  "asks": "4iPXhWjDF77kNTxTCcRrN128nb8HUZ74jA5BxZXCi3GA",
  "baseLotSize": "0186a0",
  "quoteLotSize": "0a",
  "feeRateBps": "00",
  "referrerRebatesAccrued": "0836",
  "provider": "openbook",
  "other": "4k3Dyjzvzp8eMZWUXbBCjEvwSkkk59S5iCNLY3QrkX6R",
  "baseScale": 5,
  "quoteScale": 6
}