{
  "accountFlags": {
    "initialized": true,
    "market": true,
    "openOrders": false,
    "requestQueue": false,
    "eventQueue": false,
    "bids": false,
    "asks": false
  },
  "ownAddress": "4NQSVV2QtGVr9qEK7QFcSYtwaQ6XRwW9w2FJKQKcuqUQ",
  "vaultSignerNonce": "00",
  "baseMint": "LMDAmLNduiDmSiMxgae1gW7ubArfEGdAfTpKohqE5gn",
  "quoteMint": "So11111111111111111111111111111111111111112",
  "baseVault": "EVuce7nWcek9QCsaHHjSDDWRZRpFNtkWTbwhhx8JNH7C",
  "baseDepositsTotal": "00",
  "baseFeesAccrued": "00",
  "quoteVault": "CU8wuEAortUvm43Jt1TzDbu2v7Bv3fwj9ufejoTS4k6q",
  "quoteDepositsTotal": "00",
  "quoteFeesAccrued": "00",
  "quoteDustThreshold": "01f4",
  "requestQueue": "5F2zwuCcVT2mPWkqMMySfPBRzpyEinhpmawAa4gSd9xC",
  "eventQueue": "JDWU2F4gusNSK41oVpaukFAxJzg7sDpHXgGExpUe2cN5",
  "bids": "96Vj9y6Ypr17KvF47JuQfR7SfcdBddELfe1vCnHYVGiF",
  "asks": "CZNk5M4AX6yf6FGG4hXhr1VMwn12ihYx93xBPTPXRT4R",
  "baseLotSize": "01",
  "quoteLotSize": "00",
  "feeRateBps": "96",
  "referrerRebatesAccrued": "00",
  "provider": "openbook",
  "other": "So11111111111111111111111111111111111111112",
  "baseScale": 6,
  "quoteScale": 9
}