{
  "accountFlags": {
    "initialized": true,
    "market": true,
    "openOrders": false,
    "requestQueue": false,
    "eventQueue": false,
    "bids": false,
    "asks": false
  },
  "ownAddress": "56hH2J1LQ7NBq4aARnrvwZFVZ7wSFxcRRVxkWcQJH866",
  "vaultSignerNonce": "01",
  "baseMint": "cqNTpypmbwghrf1G9VGvSENcw7M7wGSQ7JS8UTQWXwb",
  "quoteMint": "EPjFWdd5AufqSSqeM2qN1xzybapC8G4wEGGkZwyTDt1v",
  "baseVault": "GiD5NxWQhJDr6vRzbnmtvggZ2wfDqGx6Gn3zm9EFhXRs",
  "baseDepositsTotal": "00",
  "baseFeesAccrued": "00",
  "quoteVault": "viYFj79WTBXmp31Aqjb69urFWUfwiQDCq8T4UcskEbY",
  "quoteDepositsTotal": "00",
  "quoteFeesAccrued": "00",
  "quoteDustThreshold": "64",
  "requestQueue": "5ALLnof6VqZ3JyHVnKPLvN5daAbEEp1PGUCTZF1kexPE",
  "eventQueue": "7PDwKFH46ibVeGyJ4URj2kaCbo2Qfwx3o1fqyiyKXdBL",
  "bids": "wvAfRTe6G3S3tLQVLAr9kJz4ocen1rx5jbFmcYUuDNB",
  "asks": "7iggm4v5u5wnQF4eog1e2Dc3sBJQfYXpmkKWNDgAysT6",
  "baseLotSize": "05f5e100",
  "quoteLotSize": "01",
  "feeRateBps": "00",
  "referrerRebatesAccrued": "00",
  "provider": "openbook",
  "other": "EPjFWdd5AufqSSqeM2qN1xzybapC8G4wEGGkZwyTDt1v",
  "baseScale": 8,
  "quoteScale": 6
}