{
  "accountFlags": {
    "initialized": true,
    "market": true,
    "openOrders": false,
    "requestQueue": false,
    "eventQueue": false,
    "bids": false,
    "asks": false
  },
  "ownAddress": "5CnjQT1MzhjStQHh2dWzo2WqbmAG1UqMUaZUPHhSa47A",
  "vaultSignerNonce": "03",
  "baseMint": "EPjFWdd5AufqSSqeM2qN1xzybapC8G4wEGGkZwyTDt1v",
  "quoteMint": "Dg7d2va8PEKhPH1gfDoDUw21eRVbZPGRXrKEVafgEVgw",
  "baseVault": "58iimeNfdGAtiDXbF9VGwL2MYryLVddwA6pkETrm9Y8h",
  "baseDepositsTotal": "00",
  "baseFeesAccrued": "00",
  "quoteVault": "5GxcF1Gum3QymcLfJNLaHjzz1LSuGr4fYZq4Db4didbt",
  "quoteDepositsTotal": "00",
  "quoteFeesAccrued": "00",
  "quoteDustThreshold": "64",
  "requestQueue": "8o7TKeDBJ9ASWcXQJzNKejZcfacq6X9M61HwEsBQJxqS",
  "eventQueue": "AkVecbsY3snctUmpJ46EHgYayA1XAr63FBEufoc5C4ac",
  "bids": "FjQuoCo5JcaXsPwrJqXwRNFwgS9GS39e1dqyfziYjNtu",
  "asks": "GxAZoK7L6G9pZUfboNhs7kibVKAjZYWWTP7fboWiFF9p",
  "baseLotSize": "0f4240",
  "quoteLotSize": "0f4240",
  "feeRateBps": "00",
  "referrerRebatesAccrued": "00",
  "provider": "openbook",
  "other": "EPjFWdd5AufqSSqeM2qN1xzybapC8G4wEGGkZwyTDt1v",
  "baseScale": 6,
  "quoteScale": 8
}