{
  "accountFlags": {
    "initialized": true,
    "market": true,
    "openOrders": false,
    "requestQueue": false,
    "eventQueue": false,
    "bids": false,
    "asks": false
  },
  "ownAddress": "5mWtpKm3j8Mh6XANBDozwfBfTeELREKJUAP2MsusWdWx",
  "vaultSignerNonce": "04",
  "baseMint": "J1toso1uCk3RLmjorhTtrVwY9HJ7X8V9yYac6Y7kGCPn",
  "quoteMint": "EPjFWdd5AufqSSqeM2qN1xzybapC8G4wEGGkZwyTDt1v",
  "baseVault": "FcrKGxSuCTmqRipf2uhxvnRCQkfiJbVq9VF5StD3qtrs",
  "baseDepositsTotal": "00",
  "baseFeesAccrued": "00",
  "quoteVault": "Aru2pXyjW7b1pHYG6pKmeqJmXQVtAgrQG8ZCjdB4bNwn",
  "quoteDepositsTotal": "895440",
  "quoteFeesAccrued": "00",
  "quoteDustThreshold": "64",
  "requestQueue": "EDsBvowBjuyZDSeKiHVYM9NKF5fuWRCZTVHLiqk3yVje",
  "eventQueue": "DBKencQvXwps2Mo9LmMQ16RGeSbqvZNdKav5RVzQ1vsP",
  "bids": "7rza1rjLdASSUhQn1dT48hxQfbhCBP3wUhn2nd8AVNr9",
  "asks": "3HBqswPd1xjSxUPsXPtVe5pi61JmD7dRtww473evv7T4",
  "baseLotSize": "3b9aca00",
  "quoteLotSize": "2710",
  "feeRateBps": "00",
  "referrerRebatesAccrued": "00",
  "provider": "openbook",
  "other": "EPjFWdd5AufqSSqeM2qN1xzybapC8G4wEGGkZwyTDt1v",
  "baseScale": 9,
  "quoteScale": 6
}