{
  "accountFlags": {
    "initialized": true,
    "market": true,
    "openOrders": false,
    "requestQueue": false,
    "eventQueue": false,
    "bids": false,
    "asks": false
  },
  "ownAddress": "5nkgkUDk32MEtMczjY9c8gtvKutUiTBC2qum2baCtPx",
  "vaultSignerNonce": "00",
  "baseMint": "2jw1uFmc1hhfJH3EqGhaE2rfZMMC2YBpxkZcdUbPppMn",
  "quoteMint": "So11111111111111111111111111111111111111112",
  "baseVault": "Dnj38aZmk4JUrysig8BE2YbjAXNJwGptrPZQ5vtsCdLy",
  "baseDepositsTotal": "3b9aca00",
  "baseFeesAccrued": "00",
  "quoteVault": "3uMyqCxGW9GUrVRD24T3nTegqFnoqPA8AjZ8Ny5gPXU6",
  "quoteDepositsTotal": "270f",
  "quoteFeesAccrued": "01",
  "quoteDustThreshold": "64",
  "requestQueue": "2s7wExDs1aEiKgqfKtxGQoM5Nxf9ehuGsAHyfVQceu5d",
  "eventQueue": "EF4X1k7yqabCTqPjz61ZLEDASFUapJ7GPHXZNVkgi5E",
  "bids": "7uu1Gy4K6f2KZfU51R3uabmQZk9C2yqaatNnoKa7GXHx",
  "asks": "6911jo7He2HhHoZC9i5MwovEo4e2W7M6L8FRKJ5B8h7V",
  "baseLotSize": "0186a0",
  "quoteLotSize": "01",
  "feeRateBps": "00",
  "referrerRebatesAccrued": "2710",
  "provider": "openbook",
  "other": "So11111111111111111111111111111111111111112",
  "baseScale": 9,
  "quoteScale": 9
}