{
  "accountFlags": {
    "initialized": true,
    "market": true,
    "openOrders": false,
    "requestQueue": false,
    "eventQueue": false,
    "bids": false,
    "asks": false
  },
  "ownAddress": "67HcVXkvz5aq74vfYvyebftDqh9ejDvF59ZKuHQYPYKw",
  "vaultSignerNonce": "01",
  "baseMint": "StepAscQoEioFxxWGnh2sLBDFp9d8rvKz2Yp39iDpyT",
  "quoteMint": "EPjFWdd5AufqSSqeM2qN1xzybapC8G4wEGGkZwyTDt1v",
  "baseVault": "BJe8yNjCAKXnUjUMWc61tUE5YxyabPngfzZm1EEUaBwo",
  "baseDepositsTotal": "00",
  "baseFeesAccrued": "00",
  "quoteVault": "3EdrPXbruaBeuBW2FzUY4JwMhnmQKoz6ECwBatHaQ4pU",
  "quoteDepositsTotal": "00",
  "quoteFeesAccrued": "02",
  "quoteDustThreshold": "01f4",
  "requestQueue": "2XFykEHBqxtpQZWj7HdpNdB6p3HY2k6vpfRzeA4ejcrD",
  "eventQueue": "DhqN4PtvYh2MUrfjn2oPSPzvkF5Us7j7snmxy4tHVQTr",
  "bids": "GyS1eV3iFQdXESZf1TgM6JgFpQbhV1SrHhw3rDcyYEZg",
  "asks": "Fu2WTGS4yrHGnoGjCmQi9UnM6vyTNmrA8p6SRk4ikJ1G",
  "baseLotSize": "0f4240",
  "quoteLotSize": "0a",
  "feeRateBps": "96",
  "referrerRebatesAccrued": "0190",
  "provider": "openbook",
  "other": "EPjFWdd5AufqSSqeM2qN1xzybapC8G4wEGGkZwyTDt1v",
  "baseScale": 9,
  "quoteScale": 6
}