{
  "accountFlags": {
    "initialized": true,
    "market": true,
    "openOrders": false,
    "requestQueue": false,
    "eventQueue": false,
    "bids": false,
    "asks": false
  },
  "ownAddress": "6BaxwQnuwJabq6HGke2pSVz5Rynvh467AfyX7bpenGf6",
  "vaultSignerNonce": "01",
  "baseMint": "2zzC22UBgJGCYPdFyo7GDwz7YHq5SozJc1nnBqLU8oZb",
  "quoteMint": "EPjFWdd5AufqSSqeM2qN1xzybapC8G4wEGGkZwyTDt1v",
  "baseVault": "4EF59nckLsXFyvuAWK8oFpUsi4Nh1S9dvAwVP4Ebrozi",
  "baseDepositsTotal": "0f325344f2bff600",
  "baseFeesAccrued": "00",
  "quoteVault": "6YGXzNAtVFD47pz4tYbv4FwrANaBaxbhV89H8FdWfDRN",
  "quoteDepositsTotal": "379f62",
  "quoteFeesAccrued": "0e19",
  "quoteDustThreshold": "64",
  "requestQueue": "FqgjnQqsVBjZtcxnMjvczJZUBg7CzZiqUhgcDG2MTKhz",
  "eventQueue": "HCj1ZqhbJJKEbLEu2LUDysVAV9C5U1Rzw6Y7qao9x96k",
  "bids": "2XZng4uw72g6tcAUQcgVR9zVaHVBfCtmv8zo7hUxW2EK",
  "asks": "GZFHkF7GY4FEE9rH6Ak76N8asTPGVkV69PAfcxcp54WP",
  "baseLotSize": "3b9aca00",
  "quoteLotSize": "01",
  "feeRateBps": "00",
  "referrerRebatesAccrued": "01ea",
  "provider": "openbook",
  "other": "EPjFWdd5AufqSSqeM2qN1xzybapC8G4wEGGkZwyTDt1v",
  "baseScale": 9,
  "quoteScale": 6
}