{
  "accountFlags": {
    "initialized": true,
    "market": true,
    "openOrders": false,
    "requestQueue": false,
    "eventQueue": false,
    "bids": false,
    "asks": false
  },
  "ownAddress": "6bLLqWGdMkXe3d187vGcdehUtM2LKDX2jVTFa5vWBtBo",
  "vaultSignerNonce": "02",
  "baseMint": "CRSzWoeyfR8sJxB2d6LLEre92Uc59TCPX2gZidp4t3eE",
  "quoteMint": "So11111111111111111111111111111111111111112",
  "baseVault": "48sH5Q7M7R8d2UoPt67u1DXnvEC72EVG6o5MBc3UamoG",
  "baseDepositsTotal": "00",
  "baseFeesAccrued": "00",
  "quoteVault": "DjKBh4dSTzFiCSR9BwgpV1Th4nhaT2sxHbGAHdAts8y4",
  "quoteDepositsTotal": "00",
  "quoteFeesAccrued": "00",
  "quoteDustThreshold": "64",
  "requestQueue": "8JYXHWbDj2JrKrnXcAniWZhU3zKFMHLkmbEakqeNSZTa",
  "eventQueue": "D8XzKaC1yxDGNreDdQys3gMwqsvzuQZdMka2y5pMdL7q",
  "bids": "GsqS5zuJaxXDUPA8jNo8iWgvPkmvx3hyv8oVwfSYYr3B",
  "asks": "FwbK3v4zx8FE4mPnAPRfxuCQxL1RHagUhbLwpzzrV5Kr",
  "baseLotSize": "3b9aca00",
  "quoteLotSize": "4f463080",
  "feeRateBps": "00",
  "referrerRebatesAccrued": "00",
  "provider": "openbook",
  "other": "So11111111111111111111111111111111111111112",
  "baseScale": 9,
  "quoteScale": 9
}