{
  "accountFlags": {
    "initialized": true,
    "market": true,
    "openOrders": false,
    "requestQueue": false,
    "eventQueue": false,
    "bids": false,
    "asks": false
  },
  "ownAddress": "6FYykprAfzWxMLWR3qVWep9G85m8eYhupW3PaKEfr6k2",
  "vaultSignerNonce": "01",
  "baseMint": "6aJhpKmMpWCRw7vFLc5xxC1fJZGKXZspT5Lxjz5PnWtB",
  "quoteMint": "So11111111111111111111111111111111111111112",
  "baseVault": "6ZgjmZyvVB97JxdctvHFzW79VQMJSFd35u9zwgGs5JPS",
  "baseDepositsTotal": "00",
  "baseFeesAccrued": "00",
  "quoteVault": "9wpJgQBrrLTXfKp52jXQhokqUfqcAr2KBcprNExhDcTA",
  "quoteDepositsTotal": "00",
  "quoteFeesAccrued": "00",
  "quoteDustThreshold": "64",
  "requestQueue": "83hM2L7HYofN5bd2hY59idZR8JizK5STATrq1rV4AaYG",
  "eventQueue": "5KP92wjVxmLcF9SxY6EUgEJCafBPVhGngF4WGVWirTpk",
  "bids": "GWDyjtX5aM4iLBJKhyZeU8f5y3VeSXP8Gzfxn5hJDWAN",
  "asks": "6j9zFksXgpejxZpvKZ9pk4z54bRgfpsFxseir9cggniS",
  "baseLotSize": "2710",
  "quoteLotSize": "0186a0",
  "feeRateBps": "00",
  "referrerRebatesAccrued": "00",
  "provider": "openbook",
  "other": "So11111111111111111111111111111111111111112",
  "baseScale": 6,
  "quoteScale": 9
}