{
  "accountFlags": {
    "initialized": true,
    "market": true,
    "openOrders": false,
    "requestQueue": false,
    "eventQueue": false,
    "bids": false,
    "asks": false
  },
  "ownAddress": "7oVs3vhJyyrog5BATkdbykEM94e9xdBT5M74sAPK4rMY",
  "vaultSignerNonce": "03",
  "baseMint": "FfpyoV365c7iR8QQg5NHGCXQfahbqzY67B3wpzXkiLXr",
  "quoteMint": "EPjFWdd5AufqSSqeM2qN1xzybapC8G4wEGGkZwyTDt1v",
  "baseVault": "ESPgcqw11Xjw1SosLuqt2mnr7c7KXGVoaPYasFHGDanv",
  "baseDepositsTotal": "0147e836887a9f00",
  "baseFeesAccrued": "00",
  "quoteVault": "4ats4TzZMViwB9Hm63niHrQLuNNXjW47ZXyeXUhec4KK",
  "quoteDepositsTotal": "0b6bf273",
  "quoteFeesAccrued": "0fb920",
  "quoteDustThreshold": "64",
  "requestQueue": "Fv9XRcQmQ4krk1FGwJtBHQg5SHnQLZsG27ZUJ1YrUQYf",
  "eventQueue": "A5sFeuzbbZvVvu5zeuGBVUPrfAKFpHFPctsZ1aFmrA2c",
  "bids": "6pNSoqPXbKsYYXstJH6Xnu5F9yk29ATXdycYWEV9Nryw",
  "asks": "AJ15SmGgCSKo2gGRFcSuLhCmjg9krj7PfoStuWj1EuLU",
  "baseLotSize": "05f5e100",
  "quoteLotSize": "01",
  "feeRateBps": "00",
  "referrerRebatesAccrued": "018cc8",
  "provider": "openbook",
  "other": "EPjFWdd5AufqSSqeM2qN1xzybapC8G4wEGGkZwyTDt1v",
  "baseScale": 6,
  "quoteScale": 6
}