{
  "accountFlags": {
    "initialized": true,
    "market": true,
    "openOrders": false,
    "requestQueue": false,
    "eventQueue": false,
    "bids": false,
    "asks": false
  },
  "ownAddress": "84Mf8a9k2qVKM8o3BTNsvNBmyxBymngAM87vE8ZbAiaQ",
  "vaultSignerNonce": "00",
  "baseMint": "AURYydfxJib1ZkTir1Jn1J9ECYUtjb6rKQVmtYaixWPP",
  "quoteMint": "EPjFWdd5AufqSSqeM2qN1xzybapC8G4wEGGkZwyTDt1v",
  "baseVault": "5wVPFmSeDs2miQSZUbVPee5bbjGqVRRiEXq4HKMJRF3X",
  "baseDepositsTotal": "0224a3c9f580",
  "baseFeesAccrued": "00",
  "quoteVault": "F8rNas9jvgUpBTC2SKmjtDJCDuJGzFY4CLu3cxvMAPQD",
  "quoteDepositsTotal": "4bdd80c3",
  "quoteFeesAccrued": "5b48bd",
  "quoteDustThreshold": "64",
  "requestQueue": "GdbQQ8qSH5n2B2twrqsNxvQqmGwGdYcLyrbrytDc6XBg",
  "eventQueue": "BZ9usK5GHxrkvUTA4WRuFs2gC2v5SddgaRATYSZUh964",
  "bids": "HdYCmMguPRgfG417uDxWN4Z7QZUQv7rXaQHYncd1M6QF",
  "asks": "FUjSBg8gkqMDoyZhHzafSpf4GLQzS5NUPmMrJfCqhneW",
  "baseLotSize": "989680",
  "quoteLotSize": "0a",
  "feeRateBps": "00",
  "referrerRebatesAccrued": "1b2f5f",
  "provider": "openbook",
  "other": "EPjFWdd5AufqSSqeM2qN1xzybapC8G4wEGGkZwyTDt1v",
  "baseScale": 9,
  "quoteScale": 6
}