{
  "accountFlags": {
    "initialized": true,
    "market": true,
    "openOrders": false,
    "requestQueue": false,
    "eventQueue": false,
    "bids": false,
    "asks": false
  },
  "ownAddress": "86uKru98PdVMJ1yJU2vy2H2sdiMb61fvW7a1zAZM9PA4",
  "vaultSignerNonce": "00",
  "baseMint": "DkPn7EwX229HDWL9suY9o2GN6iov2pMpXhvujkUjav6A",
  "quoteMint": "So11111111111111111111111111111111111111112",
  "baseVault": "Gs5wnX2pZ5sNT2C4gdgFAQHi5dp1nzVtWT1oKsRKBm72",
  "baseDepositsTotal": "00",
  "baseFeesAccrued": "00",
  "quoteVault": "5Vhczq99acAqY8XdpT5kLKVh7oKvcERQ9imYx7gEKqJo",
  "quoteDepositsTotal": "00",
  "quoteFeesAccrued": "00",
  "quoteDustThreshold": "64",
  "requestQueue": "413tzZ3PU8CYTeeYQZPjdYdi3Zxq1osXmHNs9R7Us1Wf",
  "eventQueue": "5AgXxBQ867U7rDYweb6iF4AE8JsD6zd9J5yVUDeKaWs6",
  "bids": "8C88FfKYWbitsdLPwf9uiumGQHdwithkkS45QVVfh8Va",
  "asks": "HQbXKsYHqD1cwWCxhq3U2sRm1gyLJVZTCb3FcpyiZo3g",
  "baseLotSize": "0186a0",
  "quoteLotSize": "0a",
  "feeRateBps": "00",
  "referrerRebatesAccrued": "00",
  "provider": "openbook",
  "other": "So11111111111111111111111111111111111111112",
  "baseScale": 9,
  "quoteScale": 9
}