{
  "accountFlags": {
    "initialized": true,
    "market": true,
    "openOrders": false,
    "requestQueue": false,
    "eventQueue": false,
    "bids": false,
    "asks": false
  },
  "ownAddress": "8BnEgHoWFysVcuFFX7QztDmzuH8r5ZFvyP3sYwn1XTh6",
  "vaultSignerNonce": "01",
  "baseMint": "So11111111111111111111111111111111111111112",
  "quoteMint": "EPjFWdd5AufqSSqeM2qN1xzybapC8G4wEGGkZwyTDt1v",
  "baseVault": "CKxTHwM9fPMRRvZmFnFoqKNd9pQR21c5Aq9bh5h9oghX",
  "baseDepositsTotal": "297b94132980",
  "baseFeesAccrued": "00",
  "quoteVault": "6A5NHCj1yF6urc9wZNe6Bcjj4LVszQNj5DwAWG97yzMu",
  "quoteDepositsTotal": "ab56899491",
  "quoteFeesAccrued": "1232d51fa5",
  "quoteDustThreshold": "64",
  "requestQueue": "CPjXDcggXckEq9e4QeXUieVJBpUNpLEmpihLpg5vWjGF",
  "eventQueue": "8CvwxZ9Db6XbLD46NZwwmVDZZRDy7eydFcAGkXKh9axa",
  "bids": "5jWUncPNBMZJ3sTHKmMLszypVkoRK6bfEQMQUHweeQnh",
  "asks": "EaXdHx7x3mdGA38j5RSmKYSXMzAFzzUXCLNBEDXDn1d5",
  "baseLotSize": "0f4240",
  "quoteLotSize": "01",
  "feeRateBps": "00",
  "referrerRebatesAccrued": "012c91c71b",
  "provider": "openbook",
  "other": "EPjFWdd5AufqSSqeM2qN1xzybapC8G4wEGGkZwyTDt1v",
  "baseScale": 9,
  "quoteScale": 6
}