{
  "accountFlags": {
    "initialized": true,
    "market": true,
    "openOrders": false,
    "requestQueue": false,
    "eventQueue": false,
    "bids": false,
    "asks": false
  },
  "ownAddress": "8hbciUHgDWP8nvRWZBkrnWqyc94HqVhnUsRW76m75oMd",
  "vaultSignerNonce": "00",
  "baseMint": "2jw1uFmc1hhfJH3EqGhaE2rfZMMC2YBpxkZcdUbPppMn",
  "quoteMint": "EPjFWdd5AufqSSqeM2qN1xzybapC8G4wEGGkZwyTDt1v",
  "baseVault": "455BqgasKKm2P2oVD5SuQQdkfriiN2SewHtbiSxrmJ1q",
  "baseDepositsTotal": "051f4d5c00",
  "baseFeesAccrued": "00",
  "quoteVault": "G84GdYyme6Uu6iNoJy1JpbwoajrXBrEgQUFsprQS9dZk",
  "quoteDepositsTotal": "a7d974",
  "quoteFeesAccrued": "1f",
  "quoteDustThreshold": "64",
  "requestQueue": "B7MQyAD1jVa5DRd4dt9nZRdYYBC6akdyTf7Hdgpuv3yE",
  "eventQueue": "DnWKHTmXoDj1xTPyU5dahiJ17wkM1fm9aqrJqrRMHLWe",
  "bids": "AQiBpqgofxcAXSjZMVeQNV98AM4jfRv3mqQF8MihowgX",
  "asks": "9ozoed6eNisnTvPNvh7JAL6FqenGHVsJrDxYa1fvssJT",
  "baseLotSize": "0f4240",
  "quoteLotSize": "01",
  "feeRateBps": "00",
  "referrerRebatesAccrued": "0384",
  "provider": "openbook",
  "other": "EPjFWdd5AufqSSqeM2qN1xzybapC8G4wEGGkZwyTDt1v",
  "baseScale": 9,
  "quoteScale": 6
}