{
  "accountFlags": {
    "initialized": true,
    "market": true,
    "openOrders": false,
    "requestQueue": false,
    "eventQueue": false,
    "bids": false,
    "asks": false
  },
  "ownAddress": "8KY9dDAzZQDyw3r8eRSePpJJcYPWaJ3suscnM1kTNvBU",
  "vaultSignerNonce": "02",
  "baseMint": "LMDAmLNduiDmSiMxgae1gW7ubArfEGdAfTpKohqE5gn",
  "quoteMint": "EPjFWdd5AufqSSqeM2qN1xzybapC8G4wEGGkZwyTDt1v",
  "baseVault": "BJ5cYwZiiFfGofnFCxqtZoPFxqM9VmDbGUwZzzXTUrRL",
  "baseDepositsTotal": "00",
  "baseFeesAccrued": "00",
  "quoteVault": "AxPhcRX4ZPSWWtDkoytcd7R6PL1wqT4eFEv1ESx87jbp",
  "quoteDepositsTotal": "00",
  "quoteFeesAccrued": "00",
  "quoteDustThreshold": "64",
  "requestQueue": "EceXvX8QaTLJXWpEi7MY76MacqsTaxCzo7j5f9XaDAao",
  "eventQueue": "6fddGJep7HMx57Pxw67S7DpRBsH9SwLTphJv6zGFFDwP",
  "bids": "AHrRbQ467DrcBpD9M1smPoVpSGWka1ZpmzS3cnvuqoiT",
  "asks": "2uQRn3bem6cXYW1Cye6U77u28AfUXoTVxrKrd3ykHAMJ",
  "baseLotSize": "0186a0",
  "quoteLotSize": "0a",
  "feeRateBps": "00",
  "referrerRebatesAccrued": "00",
  "provider": "openbook",
  "other": "EPjFWdd5AufqSSqeM2qN1xzybapC8G4wEGGkZwyTDt1v",
  "baseScale": 6,
  "quoteScale": 6
}