{
  "accountFlags": {
    "initialized": true,
    "market": true,
    "openOrders": false,
    "requestQueue": false,
    "eventQueue": false,
    "bids": false,
    "asks": false
  },
  "ownAddress": "8W9GWPzPL7RKuZ5d5JHPWLCmXJFNVRXsSP2Lx7C9sUjm",
  "vaultSignerNonce": "02",
  "baseMint": "3FoUAsGDbvTD6YZ4wVKJgTB76onJUKz7GPEBNiR5b8wc",
  "quoteMint": "EPjFWdd5AufqSSqeM2qN1xzybapC8G4wEGGkZwyTDt1v",
  "baseVault": "6ahJfRGHUHzA2ivM4wZW7Wv3jHWBbFr8dA4YFVFgE4pQ",
  "baseDepositsTotal": "061e2980",
  "baseFeesAccrued": "00",
  "quoteVault": "7YJimRVYHgwJzNwapzmdRUYqi1k1yApAvozgMdyJz7su",
  "quoteDepositsTotal": "0f4240",
  "quoteFeesAccrued": "09",
  "quoteDustThreshold": "64",
  "requestQueue": "4mexrh1XzAzSqkR3tmifr75cnFbnxXaXnjNMKMgccXhJ",
  "eventQueue": "VAbw5gDh49VSHjbHwaLcph8GaNR7Q9RmcvJUyEhAR38",
  "bids": "C4WZAK1rqQDWYJSdCPSsUyKhu1bJXTubyp5yfgvfyVk5",
  "asks": "G7SXQFfa7Mu8xxg1xYJeEa4QLvw6DNAxrcCoCW41yrFr",
  "baseLotSize": "2710",
  "quoteLotSize": "64",
  "feeRateBps": "00",
  "referrerRebatesAccrued": "02cd",
  "provider": "openbook",
  "other": "EPjFWdd5AufqSSqeM2qN1xzybapC8G4wEGGkZwyTDt1v",
  "baseScale": 4,
  "quoteScale": 6
}