{
  "accountFlags": {
    "initialized": true,
    "market": true,
    "openOrders": false,
    "requestQueue": false,
    "eventQueue": false,
    "bids": false,
    "asks": false
  },
  "ownAddress": "8WdmKZ4qQbdCpyMyw6dUcfC9FVMKLchna1rz36aHbA7h",
  "vaultSignerNonce": "02",
  "baseMint": "So11111111111111111111111111111111111111112",
  "quoteMint": "EPjFWdd5AufqSSqeM2qN1xzybapC8G4wEGGkZwyTDt1v",
  "baseVault": "EovmiKjurXETrk2ASfFVtDK7YpxLwMzdydAoVjdmECVw",
  "baseDepositsTotal": "00",
  "baseFeesAccrued": "00",
  "quoteVault": "EyuKiJwA9wtsidYaSqo3Wg451AMo9aWwkT75NKdhYKYP",
  "quoteDepositsTotal": "00",
  "quoteFeesAccrued": "00",
  "quoteDustThreshold": "64",
  "requestQueue": "FmXkmwstC1scFnG5hG2gsGsc1FiDLHCQuYYNGzW9bDXV",
  "eventQueue": "9k9abJAmqtiPXCGNvCwshpahJ4YeetQrPh1mn9m56RaE",
  "bids": "EWhSej4fYhh4EBrVnn97XGw9k7SX1U9y3CFTVno2QrXv",
  "asks": "CYsqeae9FHkUbs4Pun1HHLgjsRpWjPeWcMnwCstfsiud",
  "baseLotSize": "0f4240",
  "quoteLotSize": "03e8",
  "feeRateBps": "00",
  "referrerRebatesAccrued": "00",
  "provider": "openbook",
  "other": "EPjFWdd5AufqSSqeM2qN1xzybapC8G4wEGGkZwyTDt1v",
  "baseScale": 9,
  "quoteScale": 6
}