{
  "accountFlags": {
    "initialized": true,
    "market": true,
    "openOrders": false,
    "requestQueue": false,
    "eventQueue": false,
    "bids": false,
    "asks": false
  },
  "ownAddress": "8ybAadAtaPsemMrgdonW1YZWTQz59ZQgoSFJEhZHfWiq",
  "vaultSignerNonce": "02",
  "baseMint": "NASTYAhPiC1LnBr8dikyd9KWBMhrzhQQ5Ro8TD1tqf7",
  "quoteMint": "EPjFWdd5AufqSSqeM2qN1xzybapC8G4wEGGkZwyTDt1v",
  "baseVault": "7wvACuyBrAaBTx6WScx3uBAJhMWqJL9XpfXxDUs7ZPty",
  "baseDepositsTotal": "00",
  "baseFeesAccrued": "00",
  "quoteVault": "2z2hUCmcRS1G7vUyd4rGi6eafVQABPYD8tXWsMuTrGEj",
  "quoteDepositsTotal": "3fa032",
  "quoteFeesAccrued": "00",
  "quoteDustThreshold": "64",
  "requestQueue": "7byZag6FRWinuRfkbiMwiEts9wDuEsk7TS8LkzwTsyg3",
  "eventQueue": "D6hDjJ2moEwAQfM2CArT3TeqcmfCaXXxZpWkFyMBLACn",
  "bids": "dSZjoyctwskm9HdnHpm6t1B1QbnadcSY3psKrSyWFgY",
  "asks": "6rg3Q1jipRzeJa8i3WXwbijqdoS614BJkAay5PrQpjTd",
  "baseLotSize": "3b9aca00",
  "quoteLotSize": "01",
  "feeRateBps": "00",
  "referrerRebatesAccrued": "00",
  "provider": "openbook",
  "other": "EPjFWdd5AufqSSqeM2qN1xzybapC8G4wEGGkZwyTDt1v",
  "baseScale": 9,
  "quoteScale": 6
}