{
  "accountFlags": {
    "initialized": true,
    "market": true,
    "openOrders": false,
    "requestQueue": false,
    "eventQueue": false,
    "bids": false,
    "asks": false
  },
  "ownAddress": "9GZCkL5dKLXXBeihax9kSDggF1Q19wooSXESryLTCR8p",
  "vaultSignerNonce": "00",
  "baseMint": "CRSzWoeyfR8sJxB2d6LLEre92Uc59TCPX2gZidp4t3eE",
  "quoteMint": "4k3Dyjzvzp8eMZWUXbBCjEvwSkkk59S5iCNLY3QrkX6R",
  "baseVault": "AryYHDV4mpmY18vL6cehNugZn4dqdPdcsJsg8xyaPSZn",
  "baseDepositsTotal": "00",
  "baseFeesAccrued": "00",
  "quoteVault": "zhUrq3r8XCK319HkGRyMexDw4x5WQnsNogz6o8ysN22",
  "quoteDepositsTotal": "00",
  "quoteFeesAccrued": "00",
  "quoteDustThreshold": "64",
  "requestQueue": "HBaorppAAdk3eU4GpeYKhdPSQKP72BBFzftUTwqN8ir6",
  "eventQueue": "2JtQghUbNhx8YDmsG76RWhbGwujodUCKQmavRqBRbkus",
  "bids": "FoTQAedzy1kdWZWZU56JSgoNMJjRKksVJXTJZ87RyTdo",
  "asks": "8LBEJ7kzSCTvmTdtKyD2cpwyaFi1WRCQpTc6YJZBccmq",
  "baseLotSize": "3b9aca00",
  "quoteLotSize": "058b1140",
  "feeRateBps": "00",
  "referrerRebatesAccrued": "00",
  "provider": "openbook",
  "other": "4k3Dyjzvzp8eMZWUXbBCjEvwSkkk59S5iCNLY3QrkX6R",
  "baseScale": 9,
  "quoteScale": 6
}