{
  "accountFlags": {
    "initialized": true,
    "market": true,
    "openOrders": false,
    "requestQueue": false,
    "eventQueue": false,
    "bids": false,
    "asks": false
  },
  "ownAddress": "9o3kdaCH73UiZeDXDCY9HhaBGw3732RrzW1bfXizYdL2",
  "vaultSignerNonce": "03",
  "baseMint": "5tB5D6DGJMxxHYmNkfJNG237x6pZGEwTzGpUUh62yQJ7",
  "quoteMint": "So11111111111111111111111111111111111111112",
  "baseVault": "3P3T4HbS2jrTkUZcu2xYFxb4uWpqsZ4yPSNxABPW5pFf",
  "baseDepositsTotal": "00",
  "baseFeesAccrued": "00",
  "quoteVault": "E1XFxqQpY5EyBB6Yp4UQF4Wt3Wm4VcpgVm52ZTaAVX2G",
  "quoteDepositsTotal": "00",
  "quoteFeesAccrued": "00",
  "quoteDustThreshold": "64",
  "requestQueue": "4vrg7PNMiQPsh5GyJq7EBV5gXNBsLEcgQsEd4Zgf8zsQ",
  "eventQueue": "5FBcXoFiBUotQ1axyAd8FUEerbRw8FADfQcv4LEvG5f9",
  "bids": "JCWYKMGMNkGSr54nz9gByq3vTcKdKB6RDNkgSnDk5L4s",
  "asks": "n7qoHsTKJw1NcWHKZrpepayHuBFvmgKVEJrftxH85rX",
  "baseLotSize": "989680",
  "quoteLotSize": "03e8",
  "feeRateBps": "00",
  "referrerRebatesAccrued": "00",
  "provider": "openbook",
  "other": "So11111111111111111111111111111111111111112",
  "baseScale": 9,
  "quoteScale": 9
}