{
  "accountFlags": {
    "initialized": true,
    "market": true,
    "openOrders": false,
    "requestQueue": false,
    "eventQueue": false,
    "bids": false,
    "asks": false
  },
  "ownAddress": "9P8RGZGugjd98TrJwZjfktMD9c99dAyRuqRfphPo8SLY",
  "vaultSignerNonce": "00",
  "baseMint": "DezXAZ8z7PnrnRJjz3wXBoRgixCa6xjnB7YaB1pPB263",
  "quoteMint": "MEANeD3XDdUmNMsRGjASkSWdC8prLYsoRJ61pPeHctD",
  "baseVault": "4YGcWL259PVEwsJajvv5GmeCFqx4YVgoUEyWSVfxdGpf",
  "baseDepositsTotal": "f224d4a000",
  "baseFeesAccrued": "00",
  "quoteVault": "7Y7L7FbssGfXAiyAFk12eMJaRH9BjNsdSFR8dY4j2RTM",
  "quoteDepositsTotal": "0f4bc5bd",
  "quoteFeesAccrued": "01",
  "quoteDustThreshold": "64",
  "requestQueue": "2tRSHHXmSi51h2omFo2LtAiPUqvSAJLWZFiN6cdMHiHJ",
  "eventQueue": "YbX8Hi3DCpkNVKksDoqiBMKYrPjojh4xerG8pr1J3Ly",
  "bids": "G8Kg7b5NQRXuX6eL8iguwsdgSui8gvwN5R3NL9nbj2Xg",
  "asks": "mVF4FmcosTCpzqax33wTVfWum4Dpg1oGkyBtiM2LRMc",
  "baseLotSize": "0186a0",
  "quoteLotSize": "01",
  "feeRateBps": "00",
  "referrerRebatesAccrued": "1770",
  "provider": "openbook",
  "other": "DezXAZ8z7PnrnRJjz3wXBoRgixCa6xjnB7YaB1pPB263",
  "baseScale": 5,
  "quoteScale": 6
}