{
  "accountFlags": {
    "initialized": true,
    "market": true,
    "openOrders": false,
    "requestQueue": false,
    "eventQueue": false,
    "bids": false,
    "asks": false
  },
  "ownAddress": "9peWaSN6pLxdnaamxnVB9HC7f9QAZuD5B8Z1gnANVfue",
  "vaultSignerNonce": "01",
  "baseMint": "EPjFWdd5AufqSSqeM2qN1xzybapC8G4wEGGkZwyTDt1v",
  "quoteMint": "So11111111111111111111111111111111111111112",
  "baseVault": "5gkF9CyaputUxDNo64s6EjY5KGK7vw82U6ftQawXc8WU",
  "baseDepositsTotal": "00",
  "baseFeesAccrued": "00",
  "quoteVault": "G1fqGMkDoHUYzRAXstCEFaxuYJwzmNRYY791YHVzjTkU",
  "quoteDepositsTotal": "00",
  "quoteFeesAccrued": "00",
  "quoteDustThreshold": "64",
  "requestQueue": "Hj7AgrvANS4Yd18JHJMytXFzJstnZuGAbHVFUkCWmcUY",
  "eventQueue": "5exEgh3q77vxYLnWDR2Ju69eV5JY4Tehin5a9QAxPNYA",
  "bids": "R7pdQy1aui18LKynyDuEzjL2JX9nuumgtV6C5po9iup",
  "asks": "5Ujz8stoF43nmtv8EpzcLxUEkMMAmwLz1BhDc886oUx4",
  "baseLotSize": "01f4",
  "quoteLotSize": "03",
  "feeRateBps": "00",
  "referrerRebatesAccrued": "00",
  "provider": "openbook",
  "other": "EPjFWdd5AufqSSqeM2qN1xzybapC8G4wEGGkZwyTDt1v",
  "baseScale": 6,
  "quoteScale": 9
}