{
  "accountFlags": {
    "initialized": true,
    "market": true,
    "openOrders": false,
    "requestQueue": false,
    "eventQueue": false,
    "bids": false,
    "asks": false
  },
  "ownAddress": "9PMryTdkTLZ1A1bDmyB1ydeQpKCmWfThmoAd4Jrev7LL",
  "vaultSignerNonce": "00",
  "baseMint": "FoXyMu5xwXre7zEoSvzViRk3nGawHUp9kUh97y2NDhcq",
  "quoteMint": "EPjFWdd5AufqSSqeM2qN1xzybapC8G4wEGGkZwyTDt1v",
  "baseVault": "Hoyc5w9c6rLCnVMWYJ3RomARdkFMQ1WN1b1skdDwTPFX",
  "baseDepositsTotal": "031376",
  "baseFeesAccrued": "00",
  "quoteVault": "J56KZapr3Tpitr6cdQCQh9JfQHm2G273R8vSzBGAzoSs",
  "quoteDepositsTotal": "472edadf",
  "quoteFeesAccrued": "7f1a82",
  "quoteDustThreshold": "64",
  "requestQueue": "4jgzo4v2GwKyo3ozVxRu6VoJS28E3bTYeJRcbSHozoph",
  "eventQueue": "CdCFy2XNnaWDNJLrbdGws5m2hi6sB5hTTidcYbCWTchx",
  "bids": "GLYqJck4c2tXzRLdBALYWQEiSpbifxbRmkLstHpyr15n",
  "asks": "4SnMXimQz7iCMw878XCjSp1BYJ64AnXcWyF7MZ4qnJQn",
  "baseLotSize": "01",
  "quoteLotSize": "0a",
  "feeRateBps": "00",
  "referrerRebatesAccrued": "77a38b",
  "provider": "openbook",
  "other": "EPjFWdd5AufqSSqeM2qN1xzybapC8G4wEGGkZwyTDt1v",
  "baseScale": 0,
  "quoteScale": 6
}