{
  "accountFlags": {
    "initialized": true,
    "market": true,
    "openOrders": false,
    "requestQueue": false,
    "eventQueue": false,
    "bids": false,
    "asks": false
  },
  "ownAddress": "9tJB1d9LMt6rbZyYxivKGzKKFogfsxyroJpkYLsSN13Z",
  "vaultSignerNonce": "00",
  "baseMint": "HEhMLvpSdPviukafKwVN8BnBUTamirptsQ6Wxo5Cyv8s",
  "quoteMint": "EPjFWdd5AufqSSqeM2qN1xzybapC8G4wEGGkZwyTDt1v",
  "baseVault": "6bvR9v1wkQ6EaYgSUpi3NHoVu28UquLJcUuc18d8TLCA",
  "baseDepositsTotal": "03737e6a0640",
  "baseFeesAccrued": "00",
  "quoteVault": "BVH337ewH5GMpnSHeVPZEVsXPmMbHeEC3csMbmChbiS2",
  "quoteDepositsTotal": "0736b174",
  "quoteFeesAccrued": "209c27",
  "quoteDustThreshold": "01f4",
  "requestQueue": "3dP3qgkuAJRESxjZ19K7KmrJfBbfT1dNc8pmD5jcLTrJ",
  "eventQueue": "DhQ14zFQrBKfPrZhN3BT95vHKbNown417k9b5HLCUH25",
  "bids": "AtSzUNeZzwy6DbiTsg1AqzaVfXz9Rbw31e9jMPXkUrV3",
  "asks": "3sWgBEn9Fv6Cd2mrF2Yz7mHhTivgtB4U9guPmfzPGuqm",
  "baseLotSize": "0f4240",
  "quoteLotSize": "01",
  "feeRateBps": "96",
  "referrerRebatesAccrued": "0db501",
  "provider": "openbook",
  "other": "EPjFWdd5AufqSSqeM2qN1xzybapC8G4wEGGkZwyTDt1v",
  "baseScale": 9,
  "quoteScale": 6
}