{
  "accountFlags": {
    "initialized": true,
    "market": true,
    "openOrders": false,
    "requestQueue": false,
    "eventQueue": false,
    "bids": false,
    "asks": false
  },
  "ownAddress": "A91LgQwXHQWyLPDR5tN1eFDNHvRG4ZGvNazLdb6dVt1i",
  "vaultSignerNonce": "01",
  "baseMint": "65aNqK5p43JhpFJLBiJPB1MmkW5uo2s6y5Dkj5KQdw3w",
  "quoteMint": "So11111111111111111111111111111111111111112",
  "baseVault": "2kGcPThjydqcKfkX5i8S9RVDqwicL4wvW8YLNGzs1KxX",
  "baseDepositsTotal": "00",
  "baseFeesAccrued": "00",
  "quoteVault": "GXdrDEp4f3yf2j9XrgehLgxZtEefLNTwVSo3EGptt2DU",
  "quoteDepositsTotal": "00",
  "quoteFeesAccrued": "00",
  "quoteDustThreshold": "64",
  "requestQueue": "5imrEUXFCUcU2WRj4Qsrzv2qu2XvCpTMtbthmAe4JxqF",
  "eventQueue": "6cJbUPcdc4LY3fkry5Wg1CFuDhrs83f7yGZgdnA7iPbg",
  "bids": "3vG8VASbZQSUgXD4gJyRD3vcjoRs2D6Wz8rpoCDSfDpp",
  "asks": "Gbg8XP5bK4KQvfHsVtrHJLBQyvZooP796XnLEwHNcRWY",
  "baseLotSize": "03e8",
  "quoteLotSize": "0f4240",
  "feeRateBps": "00",
  "referrerRebatesAccrued": "00",
  "provider": "openbook",
  "other": "So11111111111111111111111111111111111111112",
  "baseScale": 3,
  "quoteScale": 9
}