{
  "accountFlags": {
    "initialized": true,
    "market": true,
    "openOrders": false,
    "requestQueue": false,
    "eventQueue": false,
    "bids": false,
    "asks": false
  },
  "ownAddress": "ATRb8TfeAGvze6DurB6trEms8ysiCk2AXtrZVrbhCHwC",
  "vaultSignerNonce": "02",
  "baseMint": "StepAscQoEioFxxWGnh2sLBDFp9d8rvKz2Yp39iDpyT",
  "quoteMint": "EPjFWdd5AufqSSqeM2qN1xzybapC8G4wEGGkZwyTDt1v",
  "baseVault": "2JSq3ZoLSXqVbYgK1H2PGrfbpspTS5ikvBczkR2ZTnn2",
  "baseDepositsTotal": "00",
  "baseFeesAccrued": "00",
  "quoteVault": "3o6kb3CAnQDNG7iK15czH4oRh9Psx3gEQkCaUckxUTdp",
  "quoteDepositsTotal": "444000",
  "quoteFeesAccrued": "1a",
  "quoteDustThreshold": "01f4",
  "requestQueue": "9USHuiPP4A8Vb2nRMsQHWJ3CCyJ72tovWtWqMcKgkQas",
  "eventQueue": "HaUwVbmCUARHjER2jpihgJiH2UNA6Quwk1bizogS1gow",
  "bids": "EwNGkzzb1KBVpLYHfCsbFZdZ6TR3kfdMXGs8KZ7snk4g",
  "asks": "99QmPREWUBLbiRqCGezQQg3dTbzeZe3eeQVQnm3e9Nxk",
  "baseLotSize": "0f4240",
  "quoteLotSize": "01",
  "feeRateBps": "96",
  "referrerRebatesAccrued": "77a7",
  "provider": "openbook",
  "other": "EPjFWdd5AufqSSqeM2qN1xzybapC8G4wEGGkZwyTDt1v",
  "baseScale": 9,
  "quoteScale": 6
}