{
  "accountFlags": {
    "initialized": true,
    "market": true,
    "openOrders": false,
    "requestQueue": false,
    "eventQueue": false,
    "bids": false,
    "asks": false
  },
  "ownAddress": "AYhLYoDr6QCtVb5n1M5hsWLG74oB8VEz378brxGTnjjn",
  "vaultSignerNonce": "02",
  "baseMint": "mSoLzYCxHdYgdzU16g5QSh3i5K3z3KZK7ytfqcJm7So",
  "quoteMint": "So11111111111111111111111111111111111111112",
  "baseVault": "5WxJBe2DiLHHVwv7aJ7coPtJKiBTiX7qTug3nDksNod1",
  "baseDepositsTotal": "61b127c0",
  "baseFeesAccrued": "00",
  "quoteVault": "4NQihzqeiK7bXVufn27E9UdMruVHZsBE1JWk1CKebePD",
  "quoteDepositsTotal": "0f1ac3149f",
  "quoteFeesAccrued": "1d833d28",
  "quoteDustThreshold": "01f4",
  "requestQueue": "H5tHbp5xRBaFfk661oGwowPoqRLdkj8LnER8eETPPBue",
  "eventQueue": "CQAGjLTBrkkPXLA46Jw6kSmUEvYA4yebDi9DPHqb4QN4",
  "bids": "3UGDERd9FXm8ZhNbjDXu55kti7C5opPP4cMpRFUwa4pn",
  "asks": "Ca2AW6v9jW1xbwYeScaRUSWyZRUnhVTEDnih5QZER4Fa",
  "baseLotSize": "0f4240",
  "quoteLotSize": "64",
  "feeRateBps": "96",
  "referrerRebatesAccrued": "1a0120fd",
  "provider": "openbook",
  "other": "So11111111111111111111111111111111111111112",
  "baseScale": 9,
  "quoteScale": 9
}