{
  "accountFlags": {
    "initialized": true,
    "market": true,
    "openOrders": false,
    "requestQueue": false,
    "eventQueue": false,
    "bids": false,
    "asks": false
  },
  "ownAddress": "B2na8Awyd7cpC59iEU43FagJAPLigr3AP3s38KM982bu",
  "vaultSignerNonce": "00",
  "baseMint": "Es9vMFrzaCERmJfrF4H2FYD4KCoNkY11McCe8BenwNYB",
  "quoteMint": "EPjFWdd5AufqSSqeM2qN1xzybapC8G4wEGGkZwyTDt1v",
  "baseVault": "8R9Ej7Xm8KcSGk6wJnWnY4haqZBTyLrDwGJYzSze7XVm",
  "baseDepositsTotal": "43f30500",
  "baseFeesAccrued": "00",
  "quoteVault": "8iofzoHaVY2PjqjZmq7jrF3N3eQVLBxzMwSCKMXc5zny",
  "quoteDepositsTotal": "9f2132d7",
  "quoteFeesAccrued": "0600af15",
  "quoteDustThreshold": "64",
  "requestQueue": "6SQMeddsCC25Xe4DHNRMcE8XjoWqPXwHtjBVdYksXrGr",
  "eventQueue": "eZNP9fzaKv6pCka26M5WgVt4Ut17nKT7Ra9AHXSSyjk",
  "bids": "3Wgvew2C4XRKJH3Gyn6MkUNkywiXM76ozCcQmvWQY8tD",
  "asks": "DdodgUuckqcvEXeKzxUJqbqxPyNpyseWu1QHoAhhi7HW",
  "baseLotSize": "0f4240",
  "quoteLotSize": "64",
  "feeRateBps": "00",
  "referrerRebatesAccrued": "03031442",
  "provider": "openbook",
  "other": "EPjFWdd5AufqSSqeM2qN1xzybapC8G4wEGGkZwyTDt1v",
  "baseScale": 6,
  "quoteScale": 6
}