{
  "accountFlags": {
    "initialized": true,
    "market": true,
    "openOrders": false,
    "requestQueue": false,
    "eventQueue": false,
    "bids": false,
    "asks": false
  },
  "ownAddress": "BbJgE7HZMaDp5NTYvRh5jZSkQPVDTU8ubPFtpogUkEj4",
  "vaultSignerNonce": "00",
  "baseMint": "7vfCXTUXx5WJV5JADk17DUJ4ksgau7utNKj4b963voxs",
  "quoteMint": "EPjFWdd5AufqSSqeM2qN1xzybapC8G4wEGGkZwyTDt1v",
  "baseVault": "C2EPjmtgyYWUgkz5Dw8AV5bPfxcdgdMCVHFqU1qVKVc2",
  "baseDepositsTotal": "19077880",
  "baseFeesAccrued": "00",
  "quoteVault": "2HjmKdfj5bs6uzGDH6tjRZejHfwkzZrX59UskYbZtpJV",
  "quoteDepositsTotal": "03350ee453",
  "quoteFeesAccrued": "0143ce4803",
  "quoteDustThreshold": "64",
  "requestQueue": "G5srcEbwDKwgtGaERQwdhwjgyLUZ4Nh59t3EviddK3fd",
  "eventQueue": "DvfMMNzFTvPofaEzdt3ez4U6ziRJcMCm7LGGKskznThz",
  "bids": "6YSbESJWKwtC4x7rBdHbcYSVEejCWo2sZkapKQE8Y289",
  "asks": "FALKx6CxTcwzpTdihdR7ZuK3Wd2H2aEvCNBS4K8UfPxe",
  "baseLotSize": "2710",
  "quoteLotSize": "0a",
  "feeRateBps": "00",
  "referrerRebatesAccrued": "24bdb1ef",
  "provider": "openbook",
  "other": "EPjFWdd5AufqSSqeM2qN1xzybapC8G4wEGGkZwyTDt1v",
  "baseScale": 8,
  "quoteScale": 6
}