{
  "accountFlags": {
    "initialized": true,
    "market": true,
    "openOrders": false,
    "requestQueue": false,
    "eventQueue": false,
    "bids": false,
    "asks": false
  },
  "ownAddress": "BrFRYGQ1dGThTiSREuQdeNdDYGjMS2nNzMgWSXc85RqB",
  "vaultSignerNonce": "01",
  "baseMint": "ax7EjwgRaerUacfCAptcMnkckmf8Wiee5T9KLqSzsF6",
  "quoteMint": "EPjFWdd5AufqSSqeM2qN1xzybapC8G4wEGGkZwyTDt1v",
  "baseVault": "NfdFT7GTNpWgYGwj9KnYKXJkrwxd8GZrsUkAiAVvDzy",
  "baseDepositsTotal": "3661393c9800",
  "baseFeesAccrued": "00",
  "quoteVault": "5ME1WwqbPzfU4YCk6hCWkvMZ64to3UBVF62RWx3absVF",
  "quoteDepositsTotal": "0155aa64",
  "quoteFeesAccrued": "04",
  "quoteDustThreshold": "64",
  "requestQueue": "A3RgGVB1iBYLGv16F6DkctN1hb18VkunLQk2Y4cV2jPc",
  "eventQueue": "Do6NxGrtFy5hDhfaRDk8pnbtBpnhWQYuySeJhdPVJkQ1",
  "bids": "95zm6vLsuqVeTfnvGiCSw6kWoo7ELgKTfi51bys2wMwx",
  "asks": "6rQUHGRKw7csvxXZmkJRFfxDHSyfiEsMUMC9yQfSpsNL",
  "baseLotSize": "05f5e100",
  "quoteLotSize": "01",
  "feeRateBps": "00",
  "referrerRebatesAccrued": "112d",
  "provider": "openbook",
  "other": "EPjFWdd5AufqSSqeM2qN1xzybapC8G4wEGGkZwyTDt1v",
  "baseScale": 9,
  "quoteScale": 6
}