{
  "accountFlags": {
    "initialized": true,
    "market": true,
    "openOrders": false,
    "requestQueue": false,
    "eventQueue": false,
    "bids": false,
    "asks": false
  },
  "ownAddress": "Bv8HJZTfMcSosx3ZAxnpL4eKZjLUfv2SduxXxxo8A2e7",
  "vaultSignerNonce": "01",
  "baseMint": "So11111111111111111111111111111111111111112",
  "quoteMint": "EPjFWdd5AufqSSqeM2qN1xzybapC8G4wEGGkZwyTDt1v",
  "baseVault": "CqDo6xwUFPsow31qNFHKAei3n7dW1iK2cqdVJJ1mHa4P",
  "baseDepositsTotal": "00",
  "baseFeesAccrued": "00",
  "quoteVault": "5dRqcJJaLdQBD7syj37retFiipEMYxxgQ4Jb1pj3VevT",
  "quoteDepositsTotal": "00",
  "quoteFeesAccrued": "00",
  "quoteDustThreshold": "64",
  "requestQueue": "B3ZarfpDop9d6syCmK5rxQxT3r8RmMj6zXnRCh7uv6bt",
  "eventQueue": "BPf8pPXUu61vqYiRYJ6vg3xhWgp3fe8bMwv64AYBWYib",
  "bids": "HSfQrgdzUaninrsQWdhVP5beSvcrqhRzR8z2tmQfqG9y",
  "asks": "6LvsUzttdZ7WUKLRdS4swQKoBXkokSEXsA2FTXdTbP2N",
  "baseLotSize": "174876e800",
  "quoteLotSize": "01",
  "feeRateBps": "00",
  "referrerRebatesAccrued": "00",
  "provider": "openbook",
  "other": "EPjFWdd5AufqSSqeM2qN1xzybapC8G4wEGGkZwyTDt1v",
  "baseScale": 9,
  "quoteScale": 6
}