{
  "accountFlags": {
    "initialized": true,
    "market": true,
    "openOrders": false,
    "requestQueue": false,
    "eventQueue": false,
    "bids": false,
    "asks": false
  },
  "ownAddress": "BzcCZrTF3KZJBPcqU4K1CfBEkioqiLW3XANKkBrv6Rxj",
  "vaultSignerNonce": "00",
  "baseMint": "72hgmvS5zFxaFJfMizq6Gp4gjBqXjTPyX9GDP38krorQ",
  "quoteMint": "EPjFWdd5AufqSSqeM2qN1xzybapC8G4wEGGkZwyTDt1v",
  "baseVault": "GwQGGcr3sRg4rgEEu9mFRge6iV2HQYKHy4LnzStypEMz",
  "baseDepositsTotal": "1fa3e3519a4a00",
  "baseFeesAccrued": "00",
  "quoteVault": "GAkvcVUoqFq3Z8eDg5KFe67UUGe8sTqDtX8hHzxdYyXV",
  "quoteDepositsTotal": "033823aa",
  "quoteFeesAccrued": "0d",
  "quoteDustThreshold": "64",
  "requestQueue": "6kgUjRYdNNeKRRBtkzm1FJru13wL7tFYh8Cgrx4jWhEy",
  "eventQueue": "AoivVkjqq48AN2S8W8mgwqg8tySWGC69v7PhVC2eMSPX",
  "bids": "8tcBkCT6zvnXeF22r4ygVH8ovpfUiq1v8h9oTaioTYHx",
  "asks": "Enzg9N3iUDKgdmtEErgxiAGdjqXpKNbpKFQi6Bj7kyab",
  "baseLotSize": "3b9aca00",
  "quoteLotSize": "01",
  "feeRateBps": "00",
  "referrerRebatesAccrued": "2b8a",
  "provider": "openbook",
  "other": "EPjFWdd5AufqSSqeM2qN1xzybapC8G4wEGGkZwyTDt1v",
  "baseScale": 9,
  "quoteScale": 6
}