{
  "accountFlags": {
    "initialized": true,
    "market": true,
    "openOrders": false,
    "requestQueue": false,
    "eventQueue": false,
    "bids": false,
    "asks": false
  },
  "ownAddress": "ChFBdvhszo69u49GkSBqmusovtryKtR8hLERbX9czeyB",
  "vaultSignerNonce": "00",
  "baseMint": "So11111111111111111111111111111111111111112",
  "quoteMint": "EPjFWdd5AufqSSqeM2qN1xzybapC8G4wEGGkZwyTDt1v",
  "baseVault": "GEnJtnBL9uJm7GsyJFfHntgzREHJ1MVWNMt7Q7LKiLEW",
  "baseDepositsTotal": "00",
  "baseFeesAccrued": "00",
  "quoteVault": "DiGi1JVCKaLVBpvxHAuC7iuYUwj6eYcEiZxb4Q7tsCnZ",
  "quoteDepositsTotal": "00",
  "quoteFeesAccrued": "00",
  "quoteDustThreshold": "64",
  "requestQueue": "FXAeLa9F3wPcydpvBMAo46AqE29chiPJ1uz8Rs2J2hru",
  "eventQueue": "upeBFR4hQgYRWx7UZWd8xF92DYrpVEs2Nf5KiEDTn9B",
  "bids": "Hd8BCRXf6yEuRroeCCobmt8wYNvX8fci3iN6yiZ68ZXN",
  "asks": "Hi9ZbAeATagqYNnnMMeqZS9c857gL4MKwLgDijfqSYPs",
  "baseLotSize": "3b9aca00",
  "quoteLotSize": "2710",
  "feeRateBps": "00",
  "referrerRebatesAccrued": "00",
  "provider": "openbook",
  "other": "EPjFWdd5AufqSSqeM2qN1xzybapC8G4wEGGkZwyTDt1v",
  "baseScale": 9,
  "quoteScale": 6
}