{
  "accountFlags": {
    "initialized": true,
    "market": true,
    "openOrders": false,
    "requestQueue": false,
    "eventQueue": false,
    "bids": false,
    "asks": false
  },
  "ownAddress": "Cnw1Xzad6Yhx58Fwv22MHA7Ng9gTfnfSb6PU9okVyLv7",
  "vaultSignerNonce": "00",
  "baseMint": "GHAhTrgtYW7jRkojQQWPGkMbmG5jGK25QBu6FSj5tvZ5",
  "quoteMint": "EPjFWdd5AufqSSqeM2qN1xzybapC8G4wEGGkZwyTDt1v",
  "baseVault": "DT3n8sU9RRqg76rA1c1QYdRp2bE8QAQzhoiFwTDpuhe4",
  "baseDepositsTotal": "2a9ba66600",
  "baseFeesAccrued": "00",
  "quoteVault": "B12skSqVuQkFjKqEMpLRer8HnEnquacEaG2dN4yEXX6k",
  "quoteDepositsTotal": "02997c",
  "quoteFeesAccrued": "02",
  "quoteDustThreshold": "64",
  "requestQueue": "2EfGUgx3XYy68id9qMGyfXRhPEvPgD3cJ7qctwKYMtGw",
  "eventQueue": "7Z8CpXE3tEdcRMH9p19SsoyXpNr2gDf6znRNJuD14apL",
  "bids": "HBsbXvuNchNC1oqteTWUeHfFHnEqjM6BYy15budDn62C",
  "asks": "GkLhGaTq85gUjYJzFHG49CCoPYgNHKw5dUggnutrNyGr",
  "baseLotSize": "3b9aca00",
  "quoteLotSize": "2710",
  "feeRateBps": "00",
  "referrerRebatesAccrued": "016e",
  "provider": "openbook",
  "other": "EPjFWdd5AufqSSqeM2qN1xzybapC8G4wEGGkZwyTDt1v",
  "baseScale": 9,
  "quoteScale": 6
}