{
  "accountFlags": {
    "initialized": true,
    "market": true,
    "openOrders": false,
    "requestQueue": false,
    "eventQueue": false,
    "bids": false,
    "asks": false
  },
  "ownAddress": "CfJA14ySWvpXKmBGrXifz7ha5YZPkBBDi9y1qUNLZYAK",
  "vaultSignerNonce": "00",
  "baseMint": "dapeM1DJj3xf2rC5o3Gcz1Cg3Rdu2ayZae9nGcsRRZT",
  "quoteMint": "EPjFWdd5AufqSSqeM2qN1xzybapC8G4wEGGkZwyTDt1v",
  "baseVault": "BqxPJoKitZ1qqBMCb3WXQugPMaGCaKwcDNoddKpAXHdK",
  "baseDepositsTotal": "0d693a40",
  "baseFeesAccrued": "00",
  "quoteVault": "DW3hyPn8H8KdQiYw6aRbwKvmrMqbMrvQ958KkNbQUenm",
  "quoteDepositsTotal": "00",
  "quoteFeesAccrued": "00",
  "quoteDustThreshold": "64",
  "requestQueue": "7am66fhANpntoedH6KsUpDSQL5brbSLntuzoZqd5vqV",
  "eventQueue": "D1NjV5UMbDGpfmsJMcVSGTkfuTbHPKYvzyDbFTKK6RSC",
  "bids": "2wLKHJTLjxHpbNsLoKyamUi3hXSESvVmhsbvSouMzqgP",
  "asks": "8rCci3ieBcAmtt9u5owGYVE9CkxCT49Sxh4Rt5navKxY",
  "baseLotSize": "03e8",
  "quoteLotSize": "0a",
  "feeRateBps": "00",
  "referrerRebatesAccrued": "00",
  "provider": "openbook",
  "other": "EPjFWdd5AufqSSqeM2qN1xzybapC8G4wEGGkZwyTDt1v",
  "baseScale": 8,
  "quoteScale": 6
}