{
  "owner": "D3BBjqUdCYuP18fNvvMbPAZ8DpcRi4io2EsYHQawJDag",
  "pubkey": "13Jn5xugRGjVorHWakzjvdZBMFwPLQniKHRoE6j4BMCC",
  "data": {
    "authority": "8W6QginLcAydYyMYjxuyKQN56NzeakDE3aRFrAmocS6D",
    "fee": "2625a0",
    "taxFee": "07a120",
    "state": {
      "initialized": {}
    },
    "mintLpt": "AKDmdvWJp9RdKDnSHtrUdw9pLEm9M4rZmKBGeU6BBgWR",
    "taxMan": "9doo2HZQEmh2NgfT3Yx12M89aoBheycYqH1eaR5gKb3e",
    "mints": [
      "C98A4nkJXhpVZNAZdHUA95RpTF3T4whtQubL3YobiUX9",
      "EPjFWdd5AufqSSqeM2qN1xzybapC8G4wEGGkZwyTDt1v"
    ],
    "actions": [
      {
        "active": {}
      },
      {
        "active": {}
      }
    ],
    "treasuries": [
      "9VcR7zx7UrVgduvagUp1774GU92yoJLhoHjvELUfXkn6",
      "3zWSRofy1mTeGghYuuKCANsztKaaFUfC8yfk1RCCAahS"
    ],
    "reserves": [
      "09f70eacda",
      "31b81633"
    ],
    "weights": [
      "14f46b0400",
      "02540be400"
    ]
  },
  "params": {
    "treasurer": "FLZ2a89iJD4T3R9JisqdVGH3JnbxgDwvKM8RfixAs1Ys",
    "taxmanTokenAccounts": [
      "ib3t4G4bn8Kzr6CKJJwBMAn4LRHr789kJVmcDNHyegU",
      "72JkQT8UHvtvXN3jTiH5KoTguyAFq588bwxwraxwMrW6"
    ]
  },
  "provider": "balansol",
  "poolAddress": "13Jn5xugRGjVorHWakzjvdZBMFwPLQniKHRoE6j4BMCC",
  "other": "EPjFWdd5AufqSSqeM2qN1xzybapC8G4wEGGkZwyTDt1v"
}