{
  "owner": "D3BBjqUdCYuP18fNvvMbPAZ8DpcRi4io2EsYHQawJDag",
  "pubkey": "4JFd9kHUC4FoKaTL38YMGoXP68MNBT9sC1FZCmfMn1FC",
  "data": {
    "authority": "8W6QginLcAydYyMYjxuyKQN56NzeakDE3aRFrAmocS6D",
    "fee": "2625a0",
    "taxFee": "07a120",
    "state": {
      "initialized": {}
    },
    "mintLpt": "HCoxPbYLG4ayAn4iXHdhouJPG2qwH4uVhKFMRJpJaEnp",
    "taxMan": "9doo2HZQEmh2NgfT3Yx12M89aoBheycYqH1eaR5gKb3e",
    "mints": [
      "EPjFWdd5AufqSSqeM2qN1xzybapC8G4wEGGkZwyTDt1v",
      "Es9vMFrzaCERmJfrF4H2FYD4KCoNkY11McCe8BenwNYB",
      "Ea5SjE2Y6yvCeW5dYTn7PYMuW5ikXkvbGdcmSnXeaLjS",
      "7kbnvuGBxxj8AG9qp8Scn56muWGaRaFqxg1FsRp3PaFT",
      "USDH1SM1ojwWUga67PGrgFWUHibbjqMvuMaDkRJTgkX",
      "9iLH8T7zoWhY7sBmj1WK9ENbWdS1nL8n9wAxaeRitTa6"
    ],
    "actions": [
      {
        "active": {}
      },
      {
        "active": {}
      },
      {
        "active": {}
      },
      {
        "active": {}
      },
      {
        "active": {}
      },
      {
        "active": {}
      }
    ],
    "treasuries": [
      "8BRHBaqXeqk7hnUr9VZtPDJTGNYAoA6kc3SW4dG8FqX1",
      "GTeAPxdEQhUZvBBidwjCoZrJrYCRHYmxExof9x6x33Eh",
      "Bo6BEPACrQP2qkWxjQd5iJ8mGfXA8y5mhR5Skn7WAY8o",
      "BChGSqiBAqtypRbqJicVMniQVvGy6pchG57V8rG6PrGu",
      "GuZihdof3YrMcXSXRqSaZ7SX4wt96B7USvqamz2ZXt56",
      "4dxAuxvJrXhuGFxsJRWwkJJSwLXRTAvEqjuDW3CHCkGi"
    ],
    "reserves": [
      "9f9b97",
      "9fc50b",
      "9f3a10",
      "9f3686",
      "a00609",
      "02798eea9c"
    ],
    "weights": [
      "03e19c0380",
      "03e19c0380",
      "03e19c0380",
      "03e19c0380",
      "03e19c0380",
      "03e06ad67f"
    ]
  },
  "params": {
    "treasurer": "Ba191FPth72VkaEqy1m5shh6PmQ2hwHXfqzBUiQJH9CK",
    "taxmanTokenAccounts": [
      "72JkQT8UHvtvXN3jTiH5KoTguyAFq588bwxwraxwMrW6",
      "Gy6vqmQbTtTCHs75cueSya6trdDcceT2wrXpP9dksogw",
      "A7mXUNE6sqmwphusEMZrGdjKgf1WjR6YVAfGjyH6T8LL",
      "FmCqrcLmgsc5zc4XhoJHtCgU4otZWKgFsDkYpfR3cmJF",
      "Ei8bH2278tjWETcE9N5H81yt3DzQXUY3GTA9RJmJ2JHC",
      "EHbskD84zMQZR4pYPafQwR37N8GWJypQDWN3QqhNqttJ"
    ]
  },
  "provider": "balansol",
  "poolAddress": "4JFd9kHUC4FoKaTL38YMGoXP68MNBT9sC1FZCmfMn1FC",
  "other": "9iLH8T7zoWhY7sBmj1WK9ENbWdS1nL8n9wAxaeRitTa6"
}