{
  "owner": "D3BBjqUdCYuP18fNvvMbPAZ8DpcRi4io2EsYHQawJDag",
  "pubkey": "5kGXS7qHqt2cxTUdBNe3ZhRsVCpp1SgN7Fz26pB8USUK",
  "data": {
    "authority": "BnJUPQ5yqgD1AVHUQpR6xrYz815UJ9T2GeMcaxKxbJq9",
    "fee": "2625a0",
    "taxFee": "07a120",
    "state": {
      "initialized": {}
    },
    "mintLpt": "7arWEbibRCMLRAJLk6MJwTKToeu4nYRcKxC6XmuVgENS",
    "taxMan": "9doo2HZQEmh2NgfT3Yx12M89aoBheycYqH1eaR5gKb3e",
    "mints": [
      "zebeczgi5fSEtbpfQKVZKCJ3WgYXxjkMUkNNx7fLKAF",
      "SUNNYWgPQmFxe9wTZzNK7iPnJ3vYDrkgnxJRJm1s3ag"
    ],
    "actions": [
      {
        "active": {}
      },
      {
        "active": {}
      }
    ],
    "treasuries": [
      "ERxRkkUQpDNgv471yW8yAFLjWPu612JnPnpQpd2khE5Y",
      "Bfb7tZWJKGdqozzvyGc7CvREU3PwGdR4x8fQm2H2kiep"
    ],
    "reserves": [
      "00",
      "00"
    ],
    "weights": [
      "0ba43b7400",
      "0ba43b7400"
    ]
  },
  "params": {
    "treasurer": "wgsJRQ5vBtFaiFVVLS7uFetuPzDJ1wioVmRQ6LtYBdE",
    "taxmanTokenAccounts": [
      "5XDYYGSiPT95FkYaiLGhJZ97UV8fvDfTwuRBHemQVtXt",
      "4eSupFvuBc5PG4oo3BoXe2Ux6JQvT7FZrZshC1MV5CZN"
    ]
  },
  "provider": "balansol",
  "poolAddress": "5kGXS7qHqt2cxTUdBNe3ZhRsVCpp1SgN7Fz26pB8USUK",
  "other": "zebeczgi5fSEtbpfQKVZKCJ3WgYXxjkMUkNNx7fLKAF"
}