{
  "owner": "D3BBjqUdCYuP18fNvvMbPAZ8DpcRi4io2EsYHQawJDag",
  "pubkey": "7248xpGYz1BYQD4h3jim1SnvQr5qx6nwSPWTcNdBLRZv",
  "data": {
    "authority": "7zND8YAtCYehNoa1JrfDLQZi44xJkEuPWK5b4CkiuFpo",
    "fee": "2625a0",
    "taxFee": "07a120",
    "state": {
      "initialized": {}
    },
    "mintLpt": "B2bBbDAyPqQ8xFD8vekxYJEDoMMTApqG1E9xtE4LN6UT",
    "taxMan": "9doo2HZQEmh2NgfT3Yx12M89aoBheycYqH1eaR5gKb3e",
    "mints": [
      "bSo13r4TkiE4KumL71LsHTPpL2euBYLFx6h9HP3piy1",
      "So11111111111111111111111111111111111111112"
    ],
    "actions": [
      {
        "active": {}
      },
      {
        "active": {}
      }
    ],
    "treasuries": [
      "H1bSURRfCKSsWAnCguoQSqLmEKJ9LUBWi8YL2rf8HeeA",
      "FuNrphNCUPAvu7e4xesNijy6xaNXyiki567rCBj95DeG"
    ],
    "reserves": [
      "0166bd41",
      "017d7840"
    ],
    "weights": [
      "0ba43b7400",
      "0ba43b7400"
    ]
  },
  "params": {
    "treasurer": "8zPNKYvRrQo2CCWAiPvC4eXoekZK1yjwx2wNyzJHPGZj",
    "taxmanTokenAccounts": [
      "D5UtLMLwwbNHqYBwYH1XtDdBoJ7AqL5r4tQdTRBxJ1Dc",
      "Dcd63bUGN8pycgDCEU5nBB3j6vohPXmxFNufvZG8sU36"
    ]
  },
  "provider": "balansol",
  "poolAddress": "7248xpGYz1BYQD4h3jim1SnvQr5qx6nwSPWTcNdBLRZv",
  "other": "So11111111111111111111111111111111111111112"
}