{
  "owner": "D3BBjqUdCYuP18fNvvMbPAZ8DpcRi4io2EsYHQawJDag",
  "pubkey": "7RCzYjkywLTnvTND2GnVic27AHKvFV228hsmaLt1u53e",
  "data": {
    "authority": "8W6QginLcAydYyMYjxuyKQN56NzeakDE3aRFrAmocS6D",
    "fee": "2625a0",
    "taxFee": "07a120",
    "state": {
      "initialized": {}
    },
    "mintLpt": "FJLZbUS3moEXSJMvzxgZH3hBF68ZJeUNfzfxPTkMpXFJ",
    "taxMan": "9doo2HZQEmh2NgfT3Yx12M89aoBheycYqH1eaR5gKb3e",
    "mints": [
      "EPjFWdd5AufqSSqeM2qN1xzybapC8G4wEGGkZwyTDt1v",
      "So11111111111111111111111111111111111111112"
    ],
    "actions": [
      {
        "active": {}
      },
      {
        "active": {}
      }
    ],
    "treasuries": [
      "8wbn74EdMqQqggPAFAbMNDdtt4FcRPQg8stc1YAtdoss",
      "CvQwkJUhvSUKuekTv8WDCLGJUYaaW2v58QneVVsLgW3u"
    ],
    "reserves": [
      "00",
      "00"
    ],
    "weights": [
      "037e11d600",
      "13ca651200"
    ]
  },
  "params": {
    "treasurer": "ACkHNCa66WkWKKPiEJNGq2AfCcpwW87WsCHU9ovoBbMY",
    "taxmanTokenAccounts": [
      "72JkQT8UHvtvXN3jTiH5KoTguyAFq588bwxwraxwMrW6",
      "Dcd63bUGN8pycgDCEU5nBB3j6vohPXmxFNufvZG8sU36"
    ]
  },
  "provider": "balansol",
  "poolAddress": "7RCzYjkywLTnvTND2GnVic27AHKvFV228hsmaLt1u53e",
  "other": "EPjFWdd5AufqSSqeM2qN1xzybapC8G4wEGGkZwyTDt1v"
}