{
  "owner": "D3BBjqUdCYuP18fNvvMbPAZ8DpcRi4io2EsYHQawJDag",
  "pubkey": "8c7vtUorQeHwNhWdLMB41MVF6F45aDTJ1stb2mhhbGWj",
  "data": {
    "authority": "6rVuQ8hYcZ7KcTT1oj7x2Cy8VUBmeFVS6caxbpXxNJr",
    "fee": "2625a0",
    "taxFee": "07a120",
    "state": {
      "initialized": {}
    },
    "mintLpt": "G8Hoq79topCSidx87UusoggxSYkiJYW11MxYk8VdhDFL",
    "taxMan": "9doo2HZQEmh2NgfT3Yx12M89aoBheycYqH1eaR5gKb3e",
    "mints": [
      "EPjFWdd5AufqSSqeM2qN1xzybapC8G4wEGGkZwyTDt1v",
      "So11111111111111111111111111111111111111112"
    ],
    "actions": [
      {
        "active": {}
      },
      {
        "active": {}
      }
    ],
    "treasuries": [
      "HRT2zdysQcdqJGEtaUiE2ivYEKPmDEdMejjKju2kwCZL",
      "7Wb15zP9YXJPgLS7LBETgNuYakwMtZJkrbqeCfrRzdtd"
    ],
    "reserves": [
      "05",
      "88"
    ],
    "weights": [
      "0ba43b7400",
      "0ba43b7400"
    ]
  },
  "params": {
    "treasurer": "3VnB5suXf5WHvxPWWhEgpvhtHAvH2Lwd33ghiju16JSe",
    "taxmanTokenAccounts": [
      "72JkQT8UHvtvXN3jTiH5KoTguyAFq588bwxwraxwMrW6",
      "Dcd63bUGN8pycgDCEU5nBB3j6vohPXmxFNufvZG8sU36"
    ]
  },
  "provider": "balansol",
  "poolAddress": "8c7vtUorQeHwNhWdLMB41MVF6F45aDTJ1stb2mhhbGWj",
  "other": "EPjFWdd5AufqSSqeM2qN1xzybapC8G4wEGGkZwyTDt1v"
}