{
  "owner": "D3BBjqUdCYuP18fNvvMbPAZ8DpcRi4io2EsYHQawJDag",
  "pubkey": "9Doqn5jUSW8suHDmUc4MxvHi3XkVWebdaGNmnfDTxGZp",
  "data": {
    "authority": "2YzVq5RrQW91SzRjWjXoXcXaghjA2FzhBk9sKuBfNSDC",
    "fee": "2625a0",
    "taxFee": "07a120",
    "state": {
      "initialized": {}
    },
    "mintLpt": "8wsyPJKJAcnAGhv1rA5RHXjjSXXQyS2fX5bKnLQtDczM",
    "taxMan": "9doo2HZQEmh2NgfT3Yx12M89aoBheycYqH1eaR5gKb3e",
    "mints": [
      "EZF2sPJRe26e8iyXaCrmEefrGVBkqqNGv9UPGG9EnTQz",
      "EPjFWdd5AufqSSqeM2qN1xzybapC8G4wEGGkZwyTDt1v",
      "BKydRTNdaMJ8B4zPva3YhwUQcpvAsyZaGJnKA6F44fX7"
    ],
    "actions": [
      {
        "active": {}
      },
      {
        "active": {}
      },
      {
        "active": {}
      }
    ],
    "treasuries": [
      "PU6ET1eRYL9Bi7fH3nL7JAaTzqaREmsfiupJ3nvhLwo",
      "96XyyuUXcm8FnY3LyDq7FRcMLBekJqVY3cwWqub9y1yw",
      "BupsNM8JqSVD9ZgDM5Ksm3PoxgtaiPGzbTLaUSmrkfib"
    ],
    "reserves": [
      "03ef437588769b5e",
      "0959a0f5",
      "03f7599a379f9e4b"
    ],
    "weights": [
      "0a3e9ab800",
      "02cb417800",
      "0a3e9ab800"
    ]
  },
  "params": {
    "treasurer": "AhNxTdwxBwrCnF3aFxVWUUBti1NmF22S1RYd8pD2AEDb",
    "taxmanTokenAccounts": [
      "2By18eH6mRjFnnfikatxEYv56hBVnDqa42tAXbSKCaQs",
      "72JkQT8UHvtvXN3jTiH5KoTguyAFq588bwxwraxwMrW6",
      "HuPaGxHsW5UiuFGm4GCvBFmdorSTQazPzvGiishmvHv2"
    ]
  },
  "provider": "balansol",
  "poolAddress": "9Doqn5jUSW8suHDmUc4MxvHi3XkVWebdaGNmnfDTxGZp",
  "other": "EPjFWdd5AufqSSqeM2qN1xzybapC8G4wEGGkZwyTDt1v"
}