{
  "owner": "D3BBjqUdCYuP18fNvvMbPAZ8DpcRi4io2EsYHQawJDag",
  "pubkey": "ADRLu6W1H13AmXAsXbWfzN2JoUbwwBXwKAyqJx4m8fiW",
  "data": {
    "authority": "CiRrzRya5Nu6oyevuZR1qvRsUghtjVsHzvjoKECn11ns",
    "fee": "2625a0",
    "taxFee": "07a120",
    "state": {
      "initialized": {}
    },
    "mintLpt": "AAXvrNdG1bVY336XUXpmxYMjuAoRfvhCJgV25QYgSUF9",
    "taxMan": "9doo2HZQEmh2NgfT3Yx12M89aoBheycYqH1eaR5gKb3e",
    "mints": [
      "HCoxPbYLG4ayAn4iXHdhouJPG2qwH4uVhKFMRJpJaEnp",
      "SENBBKVCM7homnf5RX9zqpf1GFe935hnbU4uVzY1Y6M"
    ],
    "actions": [
      {
        "active": {}
      },
      {
        "active": {}
      }
    ],
    "treasuries": [
      "76q36pFsMtjSMK1TAm2aaFxvjAJQbaHKjWvPD5DveCHr",
      "GTd9LvHCj7BqHEYGonKSUTfkZLUMR8LS13WDrHQdWBfv"
    ],
    "reserves": [
      "0c0ff7",
      "3b9aca00"
    ],
    "weights": [
      "0ba43b7400",
      "0ba43b7400"
    ]
  },
  "params": {
    "treasurer": "5JHEptgU5St7bQ5oj3VNdqH12cm6n4tCY348eFRd6zFM",
    "taxmanTokenAccounts": [
      "6Es49hzVPmQ992obtkuXtGgLx36HG5nLhGyfzuqfbfX8",
      "Eb26fuFY5pb9Ri6eoyjy9j2a4oWW35DgZb1rzrWKbgMn"
    ]
  },
  "provider": "balansol",
  "poolAddress": "ADRLu6W1H13AmXAsXbWfzN2JoUbwwBXwKAyqJx4m8fiW",
  "other": "SENBBKVCM7homnf5RX9zqpf1GFe935hnbU4uVzY1Y6M"
}