{
  "owner": "D3BBjqUdCYuP18fNvvMbPAZ8DpcRi4io2EsYHQawJDag",
  "pubkey": "CT2QmamF6kBBDVbkg8WkvF5gnq6q8mDranPi21tdGeeL",
  "data": {
    "authority": "8W6QginLcAydYyMYjxuyKQN56NzeakDE3aRFrAmocS6D",
    "fee": "2625a0",
    "taxFee": "07a120",
    "state": {
      "initialized": {}
    },
    "mintLpt": "G3zNkbv4AUVS3NdvCp9HeYNEF7DBWHKskXXfdUrMARK9",
    "taxMan": "9doo2HZQEmh2NgfT3Yx12M89aoBheycYqH1eaR5gKb3e",
    "mints": [
      "So11111111111111111111111111111111111111112",
      "EPjFWdd5AufqSSqeM2qN1xzybapC8G4wEGGkZwyTDt1v"
    ],
    "actions": [
      {
        "active": {}
      },
      {
        "active": {}
      }
    ],
    "treasuries": [
      "JANWnpHVArwVHX4WvCQX194XyW1RxzX65eTjZ5wTQuHf",
      "5eLnHnBCPDMNGxgbpivCJN4c6J414UspogfSgqaLwouX"
    ],
    "reserves": [
      "b056480fa6",
      "17bda3de83"
    ],
    "weights": [
      "06fc23ac00",
      "104c533c00"
    ]
  },
  "params": {
    "treasurer": "FN5RK2a2EBAbKLVKbpjV2FHxtp98ft3KuMyzNsv3Vaaj",
    "taxmanTokenAccounts": [
      "Dcd63bUGN8pycgDCEU5nBB3j6vohPXmxFNufvZG8sU36",
      "72JkQT8UHvtvXN3jTiH5KoTguyAFq588bwxwraxwMrW6"
    ]
  },
  "provider": "balansol",
  "poolAddress": "CT2QmamF6kBBDVbkg8WkvF5gnq6q8mDranPi21tdGeeL",
  "other": "EPjFWdd5AufqSSqeM2qN1xzybapC8G4wEGGkZwyTDt1v"
}