{
  "owner": "D3BBjqUdCYuP18fNvvMbPAZ8DpcRi4io2EsYHQawJDag",
  "pubkey": "D3HHXEyiES9sZejGEKyXkiAKe7sd4UFbrQdFhNCEenh5",
  "data": {
    "authority": "2ARGAhpbtwAzC45qCKz4CyyUhPRicXMgzYCNuJKYPk4Z",
    "fee": "989680",
    "taxFee": "07a120",
    "state": {
      "initialized": {}
    },
    "mintLpt": "BUHJkf54kVpNGcq613Z57UQoYFrhqRvmETbqEgNd5gG5",
    "taxMan": "9doo2HZQEmh2NgfT3Yx12M89aoBheycYqH1eaR5gKb3e",
    "mints": [
      "Es9vMFrzaCERmJfrF4H2FYD4KCoNkY11McCe8BenwNYB",
      "CNStCbpvPKDAuxTYwvonqqzFxrknXZwN9wQUy8TkhVGm"
    ],
    "actions": [
      {
        "active": {}
      },
      {
        "active": {}
      }
    ],
    "treasuries": [
      "ERHcfubCk547dFP7ZMKZBvDsrRUEziHdgJpbJnYDADnf",
      "B4jCF36SCiNdgYhbTcaY3a5qMkN8MfmVEt8S3cXEQw4T"
    ],
    "reserves": [
      "0f6b1c",
      "031894"
    ],
    "weights": [
      "0ba43b7400",
      "0ba43b7400"
    ]
  },
  "params": {
    "treasurer": "6dP6hCUSMvuLN5UH3tMMuaSS4wSa3WHP66uVDhzUdvA4",
    "taxmanTokenAccounts": [
      "Gy6vqmQbTtTCHs75cueSya6trdDcceT2wrXpP9dksogw",
      "7ZMvq4hdZuNyakm5zHjtz9fumGPtiTFQa9cp69ZvSrfd"
    ]
  },
  "provider": "balansol",
  "poolAddress": "D3HHXEyiES9sZejGEKyXkiAKe7sd4UFbrQdFhNCEenh5",
  "other": "Es9vMFrzaCERmJfrF4H2FYD4KCoNkY11McCe8BenwNYB"
}