{
  "owner": "D3BBjqUdCYuP18fNvvMbPAZ8DpcRi4io2EsYHQawJDag",
  "pubkey": "ELnaCWzhvtTAByMBmzBnbwUTuCt3z2acigkhRaUhwPgB",
  "data": {
    "authority": "2vAEiACep3J1N2J6YY9gt4gAbbFEvuVdWgyu8KUkgzgn",
    "fee": "2625a0",
    "taxFee": "07a120",
    "state": {
      "uninitialized": {}
    },
    "mintLpt": "EPcB8XS2aqtv3Nptz6VygAvbc7kwPmCtFmLAF5m1RDHn",
    "taxMan": "9doo2HZQEmh2NgfT3Yx12M89aoBheycYqH1eaR5gKb3e",
    "mints": [
      "SENBBKVCM7homnf5RX9zqpf1GFe935hnbU4uVzY1Y6M",
      "EPjFWdd5AufqSSqeM2qN1xzybapC8G4wEGGkZwyTDt1v"
    ],
    "actions": [
      {
        "active": {}
      },
      {
        "active": {}
      }
    ],
    "treasuries": [
      "AP3SzgvL9fpQMTKR4ByuPcncnjuEmzebySx8fKfTFfhL",
      "AHqy6Msi37HAxTuYodY1cwwSTRkJaieDhxt6EUqUvFWC"
    ],
    "reserves": [
      "00",
      "00"
    ],
    "weights": [
      "0ba43b7400",
      "0ba43b7400"
    ]
  },
  "params": {
    "treasurer": "HeXA792xjwTK7bGLmaFSa4o3azHTGC9LTm6GL8zpNz4E",
    "taxmanTokenAccounts": [
      "Eb26fuFY5pb9Ri6eoyjy9j2a4oWW35DgZb1rzrWKbgMn",
      "72JkQT8UHvtvXN3jTiH5KoTguyAFq588bwxwraxwMrW6"
    ]
  },
  "provider": "balansol",
  "poolAddress": "ELnaCWzhvtTAByMBmzBnbwUTuCt3z2acigkhRaUhwPgB",
  "other": "EPjFWdd5AufqSSqeM2qN1xzybapC8G4wEGGkZwyTDt1v"
}