{
  "owner": "D3BBjqUdCYuP18fNvvMbPAZ8DpcRi4io2EsYHQawJDag",
  "pubkey": "FcL7if4M5eMpvHhaaFBZ2iDgVrVyn3TP9b6zkLN8heZ",
  "data": {
    "authority": "CwMWVWitbmM5D9ex73eufZgo9fx4ANGV4hLRqpUG2ixc",
    "fee": "2625a0",
    "taxFee": "07a120",
    "state": {
      "initialized": {}
    },
    "mintLpt": "7b4NAUeoGaqb5mXmZiyT3eMaJ58ogam5ocnNLmx1M3u7",
    "taxMan": "9doo2HZQEmh2NgfT3Yx12M89aoBheycYqH1eaR5gKb3e",
    "mints": [
      "FAMAaLeCgBN497vz2B54HYAFAHcoCD2DTh726o2iBaec",
      "EPjFWdd5AufqSSqeM2qN1xzybapC8G4wEGGkZwyTDt1v"
    ],
    "actions": [
      {
        "active": {}
      },
      {
        "active": {}
      }
    ],
    "treasuries": [
      "4Q4j29hJyUxwttKzaso2DJms91VDkP1b2v7FVMX8bquk",
      "AEp8bxrn1sFsowCfE11HBgdRorEc3ZudG9CCjxGRYpvE"
    ],
    "reserves": [
      "00",
      "00"
    ],
    "weights": [
      "0ba43b7400",
      "0ba43b7400"
    ]
  },
  "params": {
    "treasurer": "GTDA2AKbujvwEPL2Fx8ubswRTPHrvgTig1Mw98jE3riM",
    "taxmanTokenAccounts": [
      "DAhfkVNVZCFFC1bpkiZVk1HYVyRB48Qvmj4iVVSSnHkV",
      "72JkQT8UHvtvXN3jTiH5KoTguyAFq588bwxwraxwMrW6"
    ]
  },
  "provider": "balansol",
  "poolAddress": "FcL7if4M5eMpvHhaaFBZ2iDgVrVyn3TP9b6zkLN8heZ",
  "other": "EPjFWdd5AufqSSqeM2qN1xzybapC8G4wEGGkZwyTDt1v"
}