{
  "owner": "D3BBjqUdCYuP18fNvvMbPAZ8DpcRi4io2EsYHQawJDag",
  "pubkey": "FhownP7d2EP7PCeoXVFk11WennsSaCoj4sZaQCEpvC89",
  "data": {
    "authority": "8W6QginLcAydYyMYjxuyKQN56NzeakDE3aRFrAmocS6D",
    "fee": "2625a0",
    "taxFee": "07a120",
    "state": {
      "initialized": {}
    },
    "mintLpt": "4cigdqky4H6Nivzv9QfiDF8R1tMcragqDDhAaMkjoMkS",
    "taxMan": "9doo2HZQEmh2NgfT3Yx12M89aoBheycYqH1eaR5gKb3e",
    "mints": [
      "So11111111111111111111111111111111111111112",
      "7dHbWXmci3dT8UFYWYZweBLXgycu7Y3iL6trKn1Y7ARj",
      "mSoLzYCxHdYgdzU16g5QSh3i5K3z3KZK7ytfqcJm7So"
    ],
    "actions": [
      {
        "active": {}
      },
      {
        "active": {}
      },
      {
        "active": {}
      }
    ],
    "treasuries": [
      "HHY4ELk4R4Qff1MgMrqUWRyXsXHc2ifNPbtF4kathkpZ",
      "FkwxGAZWcyVkkW5LZPZY6tMzzVWsq1mefngqba5YTwjp",
      "DPYtNkTKMvF2mfCQFuC7xcHW7WxNBCFCdtisvZZhsFq8"
    ],
    "reserves": [
      "337732",
      "2d6d59",
      "2d3277"
    ],
    "weights": [
      "07c29f7080",
      "07c29f7080",
      "07c3380700"
    ]
  },
  "params": {
    "treasurer": "J9zkUu8nxcAhj3YtNki9pX6zsmaby7tZEMvUa5AWeAiD",
    "taxmanTokenAccounts": [
      "Dcd63bUGN8pycgDCEU5nBB3j6vohPXmxFNufvZG8sU36",
      "Cur3EtKjRfxWnnU71rBGhJZPofgoREnEKjD7ruTaHhz8",
      "3Jj2TmfS1HNNWm9AjSWZBPVhzvEVPuc7W7Zg6LXYFcAQ"
    ]
  },
  "provider": "balansol",
  "poolAddress": "FhownP7d2EP7PCeoXVFk11WennsSaCoj4sZaQCEpvC89",
  "other": "mSoLzYCxHdYgdzU16g5QSh3i5K3z3KZK7ytfqcJm7So"
}