{
  "owner": "D3BBjqUdCYuP18fNvvMbPAZ8DpcRi4io2EsYHQawJDag",
  "pubkey": "H5we771DNCLR2tbdvKLYhHBLnspF7CyUmS1qck61HeDt",
  "data": {
    "authority": "1nc1nerator11111111111111111111111111111111",
    "fee": "2625a0",
    "taxFee": "07a120",
    "state": {
      "initialized": {}
    },
    "mintLpt": "4RvGEpqzw2DCD6TVJfBZHchNbQrp8dJmQjBcCpggvR8Z",
    "taxMan": "9doo2HZQEmh2NgfT3Yx12M89aoBheycYqH1eaR5gKb3e",
    "mints": [
      "So11111111111111111111111111111111111111112",
      "foodQJAztMzX1DKpLaiounNe2BDMds5RNuPC6jsNrDG"
    ],
    "actions": [
      {
        "active": {}
      },
      {
        "active": {}
      }
    ],
    "treasuries": [
      "4zC2pJgcbx9UFqLHoLaT75t5qbyQcjS8YPmkRRKebw9v",
      "BCE5PBBaEYDGjfxUQBvUZ1SGjP6TGwUQT6RuaTJEGcWc"
    ],
    "reserves": [
      "00",
      "00"
    ],
    "weights": [
      "0ba43b7400",
      "0ba43b7400"
    ]
  },
  "params": {
    "treasurer": "EKPmDi2WUUQameHSC6uHM7t1cihEiReLTXjhXxFrRN74",
    "taxmanTokenAccounts": [
      "Dcd63bUGN8pycgDCEU5nBB3j6vohPXmxFNufvZG8sU36",
      "93hxNBJuDWHcvKs2PgJPzzipLi7Y4jeX8Wf5oxYkiPRT"
    ]
  },
  "provider": "balansol",
  "poolAddress": "H5we771DNCLR2tbdvKLYhHBLnspF7CyUmS1qck61HeDt",
  "other": "So11111111111111111111111111111111111111112"
}