{
  "owner": "D3BBjqUdCYuP18fNvvMbPAZ8DpcRi4io2EsYHQawJDag",
  "pubkey": "kPbhNnVmuhqWApxhr156XQV8hhKsysrvwVFmDhCWFY5",
  "data": {
    "authority": "1nc1nerator11111111111111111111111111111111",
    "fee": "02aea540",
    "taxFee": "07a120",
    "state": {
      "initialized": {}
    },
    "mintLpt": "2tYHULRTJQqW2xbQ1jyt6dze6HmcmLscMLRkJJnptGe2",
    "taxMan": "9doo2HZQEmh2NgfT3Yx12M89aoBheycYqH1eaR5gKb3e",
    "mints": [
      "ammoK8AkX2wnebQb35cDAZtTkvsXQbi82cGeTnUvvfK",
      "foodQJAztMzX1DKpLaiounNe2BDMds5RNuPC6jsNrDG",
      "fueL3hBZjLLLJHiFH9cqZoozTG3XQZ53diwFPwbzNim",
      "tooLsNYLiVqzg8o4m3L2Uetbn62mvMWRqkog6PQeYKL",
      "ATLASXmbPQxBUYbxPsV97usA3fPQYEqzQBUHgiFCUsXx"
    ],
    "actions": [
      {
        "active": {}
      },
      {
        "active": {}
      },
      {
        "active": {}
      },
      {
        "active": {}
      },
      {
        "active": {}
      }
    ],
    "treasuries": [
      "Do9ox429AuubrLxvwBTW8JyhYBMDa5u4Nrb2ghqjaV4F",
      "mjcc8hgGZVWVacDCbM3ZAe4ye4yMM52dQhP4EpToKES",
      "Dh2skksM3qmZnBTsXmeFgiPKmS9n3uys2m3cvHNR67U2",
      "9y4PjT4C6gjGpqcuCaxyz9cgrS9Nf7TNS6VYdX39qwje",
      "8PFFbQwUShxGj4Hp7qsQpN7NoXgjudCvhtmABEP6fCZb"
    ],
    "reserves": [
      "11e3cc",
      "375198",
      "20d409",
      "169ae7",
      "d4cea8a7f7"
    ],
    "weights": [
      "03e1036d00",
      "03e1036d00",
      "03e1036d00",
      "03e1036d00",
      "07c4693400"
    ]
  },
  "params": {
    "treasurer": "9kijb8QsJPRQULusx3n1DHBraitoKwQ3oYn6Fcy1oeNX",
    "taxmanTokenAccounts": [
      "4KZEB7xzQVwQeyGVcTiQjyyabQWcuBNfxNQzufbgM8RY",
      "93hxNBJuDWHcvKs2PgJPzzipLi7Y4jeX8Wf5oxYkiPRT",
      "5z1qe91cLtW5j7qoE9xLRsSVcJdNet1fJrh5eP191z2m",
      "5vpttqfCo1acRdw3LKhEtreXDKf7ANaWuMzf4Nbmhrdb",
      "EoBFBQbNCYyLXsa2AXEnNC8XapptBm7FVwD3MHnV9xC6"
    ]
  },
  "provider": "balansol",
  "poolAddress": "kPbhNnVmuhqWApxhr156XQV8hhKsysrvwVFmDhCWFY5",
  "other": "ATLASXmbPQxBUYbxPsV97usA3fPQYEqzQBUHgiFCUsXx"
}