{
  "owner": "D3BBjqUdCYuP18fNvvMbPAZ8DpcRi4io2EsYHQawJDag",
  "pubkey": "tGjspAD9LXaz7TmbMfQeZKygyws8cvSTrU1FGhgrhsd",
  "data": {
    "authority": "5CbRCHYiG58taSaLV788e5jn9Vf7HZgut45nXCThK98C",
    "fee": "2625a0",
    "taxFee": "07a120",
    "state": {
      "initialized": {}
    },
    "mintLpt": "7KCkZHumRG6R3hHSU6xTWQoHZTChutaGHS17bEFuepK4",
    "taxMan": "9doo2HZQEmh2NgfT3Yx12M89aoBheycYqH1eaR5gKb3e",
    "mints": [
      "foodQJAztMzX1DKpLaiounNe2BDMds5RNuPC6jsNrDG",
      "fueL3hBZjLLLJHiFH9cqZoozTG3XQZ53diwFPwbzNim",
      "ammoK8AkX2wnebQb35cDAZtTkvsXQbi82cGeTnUvvfK",
      "tooLsNYLiVqzg8o4m3L2Uetbn62mvMWRqkog6PQeYKL"
    ],
    "actions": [
      {
        "active": {}
      },
      {
        "active": {}
      },
      {
        "active": {}
      },
      {
        "active": {}
      }
    ],
    "treasuries": [
      "G4nU5wwNWnjMsa9FZpNcVjEbMJW5biUo4RgMR7jn8JgE",
      "FwpRRdQvFMmr2sfKfJshVkjgR8jyzn5pXKHUts8CnCgM",
      "9ypLcT76aP15DtFKbpAmuEgwdLFyPBy64vBP5b9N5c7L",
      "F8Q4PDFFQ8pu5saFggeQnV8FBZU21rQaNCW8MSNES7Rb"
    ],
    "reserves": [
      "00",
      "00",
      "00",
      "00"
    ],
    "weights": [
      "05d21dba00",
      "05d21dba00",
      "05d21dba00",
      "05d21dba00"
    ]
  },
  "params": {
    "treasurer": "8sccSibX8NFCekn9P4BbB8z6nXKrJHWtDYF91RstRc8j",
    "taxmanTokenAccounts": [
      "93hxNBJuDWHcvKs2PgJPzzipLi7Y4jeX8Wf5oxYkiPRT",
      "5z1qe91cLtW5j7qoE9xLRsSVcJdNet1fJrh5eP191z2m",
      "4KZEB7xzQVwQeyGVcTiQjyyabQWcuBNfxNQzufbgM8RY",
      "5vpttqfCo1acRdw3LKhEtreXDKf7ANaWuMzf4Nbmhrdb"
    ]
  },
  "provider": "balansol",
  "poolAddress": "tGjspAD9LXaz7TmbMfQeZKygyws8cvSTrU1FGhgrhsd",
  "other": "ammoK8AkX2wnebQb35cDAZtTkvsXQbi82cGeTnUvvfK"
}