{
  "version": 1,
  "isInitialized": 1,
  "nonce": 255,
  "ammId": "2QbJKYMev1nFSMHK6NwBmCdRqGGskZFqSm8Hjt5Y29DE",
  "serumProgramId": "9xQeWvG816bUx9EPjHmaT23yvVM2ZWbrrpZb9PusVFin",
  "serumMarket": "8GgBoTphoBifhwuybFguKevdjXTYGBLGcwpgG8cCewwk",
  "tokenProgramId": "TokenkegQfeZyiNwAJbNbGKPFXCWuBvf9Ss623VQ5DA",
  "tokenAAccount": "FHofFY7uiXY9MAReNKQ2aatDQSs8XMz6uykEfdRz43S6",
  "tokenBAccount": "2eV8JxpVaQFKdFaN63u7ZRm6Bi2jpmcLebmxQaw1Tcbh",
  "poolMint": "EnuUKoFnc9ewnLCv6oRcMbqc6hCLKE5Y95WZeyT36mcZ",
  "mintA": "25Vu6457o2gdZRGVVt5K8NbAvaP3esYaQNHbNDitVtw1",
  "mintB": "EPjFWdd5AufqSSqeM2qN1xzybapC8G4wEGGkZwyTDt1v",
  "authority": "BRKrTWddTdV1BLWPZrSmA4K47WgCAu822iRfLhRSTqxe",
  "swapAccount": "2QbJKYMev1nFSMHK6NwBmCdRqGGskZFqSm8Hjt5Y29DE",
  "provider": "cropper",
  "other": "EPjFWdd5AufqSSqeM2qN1xzybapC8G4wEGGkZwyTDt1v"
}