{
  "version": 1,
  "isInitialized": 1,
  "nonce": 255,
  "ammId": "32iXAwcqF6D85RBx1P3FioiYtF3e3GDcL2tA8DMn3Aoq",
  "serumProgramId": "9xQeWvG816bUx9EPjHmaT23yvVM2ZWbrrpZb9PusVFin",
  "serumMarket": "H3e7YziokpHJfFAMAy2PK6sNph72f38P1ELd5TUQaocv",
  "tokenProgramId": "TokenkegQfeZyiNwAJbNbGKPFXCWuBvf9Ss623VQ5DA",
  "tokenAAccount": "DF37jxA24hBtyJSkDKZm4ZJL2dBeesEkDwsfjfq7G1a4",
  "tokenBAccount": "F7kjsUU65JtuKgTAkJFaXKtqFcjqH2bT6sND8WXEbpHQ",
  "poolMint": "AaZ5cCNVpSHMg386qZz8wBAQJcEqJnW8eWM7RHgUy3mM",
  "mintA": "HbrmyoumgcK6sDFBi6EZQDi4i4ZgoN16eRB2JseKc7Hi",
  "mintB": "EPjFWdd5AufqSSqeM2qN1xzybapC8G4wEGGkZwyTDt1v",
  "authority": "BPzSh64chQDAg7jGxghP8dhKQdPFEKWH9msDDv7rnAm8",
  "swapAccount": "32iXAwcqF6D85RBx1P3FioiYtF3e3GDcL2tA8DMn3Aoq",
  "provider": "cropper",
  "other": "EPjFWdd5AufqSSqeM2qN1xzybapC8G4wEGGkZwyTDt1v"
}