{
  "version": 1,
  "isInitialized": 1,
  "nonce": 253,
  "ammId": "32PMABttTj2h8HFEHs7ozjEUcaU7S3EHCkuzyTbUGYKG",
  "serumProgramId": "9xQeWvG816bUx9EPjHmaT23yvVM2ZWbrrpZb9PusVFin",
  "serumMarket": "93mtNf4qzvytwp5sWrSC7JNUccPAomEE39ztErUq5V3F",
  "tokenProgramId": "TokenkegQfeZyiNwAJbNbGKPFXCWuBvf9Ss623VQ5DA",
  "tokenAAccount": "4GN51ZfmF4wzXaGtReQcBB3KRtoBoFomgo9gUBnYkeh6",
  "tokenBAccount": "3fFqrYxDVaXh8MpHrCwnADpEf4tyVaAXFAoAhqwRc1RD",
  "poolMint": "2Da82KXrqcUnv9oRcoKKUYRWM2yjPesi31GmrgMjZZ6h",
  "mintA": "DubwWZNWiNGMMeeQHPnMATNj77YZPZSAz2WVR5WjLJqz",
  "mintB": "EPjFWdd5AufqSSqeM2qN1xzybapC8G4wEGGkZwyTDt1v",
  "authority": "Am7qf3hVaxb97z6GkgVCr4nqj7TtTpypQWtASrTid49V",
  "swapAccount": "32PMABttTj2h8HFEHs7ozjEUcaU7S3EHCkuzyTbUGYKG",
  "provider": "cropper",
  "other": "EPjFWdd5AufqSSqeM2qN1xzybapC8G4wEGGkZwyTDt1v"
}