{
  "version": 1,
  "isInitialized": 1,
  "nonce": 255,
  "ammId": "3bT7Nis9HL5dTrhz9NZWVPixCaKvz3hfoGSYj1gmnbrc",
  "serumProgramId": "9xQeWvG816bUx9EPjHmaT23yvVM2ZWbrrpZb9PusVFin",
  "serumMarket": "762pF5rK7oN7EGHCZs6jb3iKUsKsf586NYFRL1K2xnVx",
  "tokenProgramId": "TokenkegQfeZyiNwAJbNbGKPFXCWuBvf9Ss623VQ5DA",
  "tokenAAccount": "Doryeo24xN6CdgrQqsx21iNXuo6PKQj2CVXEPJ7ByGSP",
  "tokenBAccount": "FGWnwYZgpYq7XRg9aNtcNYQ223MMEXy4vyAD8ThGAKT4",
  "poolMint": "3wUudTKYnijzk5rR4zxAtcw9sYJ5x2KEwtxEm8xfr1kV",
  "mintA": "3xVf2hPbkE5TuZNUPLQXFgFLD4LpvCM45BodbPmnpSSV",
  "mintB": "EPjFWdd5AufqSSqeM2qN1xzybapC8G4wEGGkZwyTDt1v",
  "authority": "FT17VnPKLxHEXor83hyoC8xy1DVLEsUXAVawhoNEE4gp",
  "swapAccount": "3bT7Nis9HL5dTrhz9NZWVPixCaKvz3hfoGSYj1gmnbrc",
  "provider": "cropper",
  "other": "3xVf2hPbkE5TuZNUPLQXFgFLD4LpvCM45BodbPmnpSSV"
}