{
  "version": 1,
  "isInitialized": 1,
  "nonce": 254,
  "ammId": "3ETzfvxk6ZCQfp3QwCjqa6jB5K2bc2eAyz2BUxZHLt9W",
  "serumProgramId": "9xQeWvG816bUx9EPjHmaT23yvVM2ZWbrrpZb9PusVFin",
  "serumMarket": "3cYzHGyYe2QBnbBi6ghKX31E6iGXLKsAQCfoJjWE23go",
  "tokenProgramId": "TokenkegQfeZyiNwAJbNbGKPFXCWuBvf9Ss623VQ5DA",
  "tokenAAccount": "FCgBJj6iNDTvLMixCvrcdxAN3BDe9KEEUKYwowGEidnt",
  "tokenBAccount": "DWRNTbjTAuXeUWfdH2E9prGobDLWAkcPGfnB9WCUs5ke",
  "poolMint": "FyVRRqFgKtjYFzRtHMDwFrqCYYsnixdfo45gYiasGG8U",
  "mintA": "9tzZzEHsKnwFL1A3DyFJwj36KnZj3gZ7g4srWp9YTEoh",
  "mintB": "So11111111111111111111111111111111111111112",
  "authority": "ATQUgHMBK7jhfPYTZB9QATUWK5DxLs3FpoPLCnW1X3SD",
  "swapAccount": "3ETzfvxk6ZCQfp3QwCjqa6jB5K2bc2eAyz2BUxZHLt9W",
  "provider": "cropper",
  "other": "So11111111111111111111111111111111111111112"
}