{
  "version": 1,
  "isInitialized": 1,
  "nonce": 255,
  "ammId": "3GvF3UXCtwwsStUqX4ozhgScBc2ps2o2cV2evBCjevFu",
  "serumProgramId": "9xQeWvG816bUx9EPjHmaT23yvVM2ZWbrrpZb9PusVFin",
  "serumMarket": "B7feZPwr4gFoWF7pzYkcyTCQbF8bPE9wd7FBiKCXpbtm",
  "tokenProgramId": "TokenkegQfeZyiNwAJbNbGKPFXCWuBvf9Ss623VQ5DA",
  "tokenAAccount": "HNP3jDLzVBZ6ETHrQmmNxZ3WwxrQQVqkfvUKFe6KhZ1u",
  "tokenBAccount": "59pG5X4vLDfZHghNDhjWgbZbHPPsFrWecnqURc5wPZwP",
  "poolMint": "6itNXpetn9TJMimJzJT7764rsjU7TaUp7Q56UoPqe18i",
  "mintA": "6fMoTH7Bad61GPzvqfq1XmRGFGv84MrvZfjDKGNuVwBz",
  "mintB": "EPjFWdd5AufqSSqeM2qN1xzybapC8G4wEGGkZwyTDt1v",
  "authority": "CNRYsjtb3ChStX9tDHNtjq1h5fkA3BdKzSE3vHDCaKgJ",
  "swapAccount": "3GvF3UXCtwwsStUqX4ozhgScBc2ps2o2cV2evBCjevFu",
  "provider": "cropper",
  "other": "EPjFWdd5AufqSSqeM2qN1xzybapC8G4wEGGkZwyTDt1v"
}