{
  "version": 1,
  "isInitialized": 1,
  "nonce": 254,
  "ammId": "3Kfk1NWFN6rmnAtDndgiLF4JpXwA5S1fVBgeExVTgqhz",
  "serumProgramId": "9xQeWvG816bUx9EPjHmaT23yvVM2ZWbrrpZb9PusVFin",
  "serumMarket": "F8E2ap49XFoQU82hFmeMWNSpaYkq7ea8wMWxHjV4ewp8",
  "tokenProgramId": "TokenkegQfeZyiNwAJbNbGKPFXCWuBvf9Ss623VQ5DA",
  "tokenAAccount": "6TMAPMTKG9HjXHY4Yp9GeuFoHNF3zs4T3mC8uZWwNc5o",
  "tokenBAccount": "AR7pEs3M6dxmNFfPgQfp8iADMjizVHtsbhmA5hKcwF6m",
  "poolMint": "3kgvCJopjiDHZk92HgE6JX9GbzDHNjKHBfSDdUBq8d7u",
  "mintA": "w71tgPPw37F7sCxxq1bcT63D3dtV6bJ7MUD3q7fpLqg",
  "mintB": "EPjFWdd5AufqSSqeM2qN1xzybapC8G4wEGGkZwyTDt1v",
  "authority": "AW18ThQCiDq2Yvn2GyeV66D9cQ7pUcofkhkRtQ7tVoC8",
  "swapAccount": "3Kfk1NWFN6rmnAtDndgiLF4JpXwA5S1fVBgeExVTgqhz",
  "provider": "cropper",
  "other": "EPjFWdd5AufqSSqeM2qN1xzybapC8G4wEGGkZwyTDt1v"
}