{
  "version": 1,
  "isInitialized": 1,
  "nonce": 254,
  "ammId": "3nE4cMzcgHBVhqjGDsEm5GwA1zgEEcyDz8QXCP6Qaix8",
  "serumProgramId": "9xQeWvG816bUx9EPjHmaT23yvVM2ZWbrrpZb9PusVFin",
  "serumMarket": "7oFXusrpvDzbY6gMM81RjS6YEALETXTwWdUKXXBVojgu",
  "tokenProgramId": "TokenkegQfeZyiNwAJbNbGKPFXCWuBvf9Ss623VQ5DA",
  "tokenAAccount": "DFSi6Faz7fX1YWfDRmB5GxZN6soekbyTS144FN5HPLLh",
  "tokenBAccount": "FSrZByXs4q5xUYgkNvfk31Ecp7p9tp4r1ChRszH8Ctoj",
  "poolMint": "81zf2dCEsS6ARzGavg2egPg32dQ8cbYjM8FaBhbKbKTV",
  "mintA": "FaiPGacTM7YBmacumbg4ZnDx7sKtGcG3LkcVoqfddEA7",
  "mintB": "EPjFWdd5AufqSSqeM2qN1xzybapC8G4wEGGkZwyTDt1v",
  "authority": "7KXQxk2v9QYhoFwmcbCf5RqkZuosbG1vKgjyj9umbZDX",
  "swapAccount": "3nE4cMzcgHBVhqjGDsEm5GwA1zgEEcyDz8QXCP6Qaix8",
  "provider": "cropper",
  "other": "EPjFWdd5AufqSSqeM2qN1xzybapC8G4wEGGkZwyTDt1v"
}