{
  "version": 1,
  "isInitialized": 1,
  "nonce": 255,
  "ammId": "3nK1GL3fG4vq5zf1q9S28mgJH3ophiXhEBSNUue5Vby9",
  "serumProgramId": "9xQeWvG816bUx9EPjHmaT23yvVM2ZWbrrpZb9PusVFin",
  "serumMarket": "8bjQ8XvzrDxKxHhTccpLkqGLbBrCAAPuv6KHrgN95nDW",
  "tokenProgramId": "TokenkegQfeZyiNwAJbNbGKPFXCWuBvf9Ss623VQ5DA",
  "tokenAAccount": "AALCPcw6gdMmWBr7WaQqsRvvshbgzahy6EsRC89p8RJk",
  "tokenBAccount": "31tJvduKcJ7YawCpmQvRAt2sov8qqasCCRLhLfrkdgEX",
  "poolMint": "3SntRQdz9L7JpFLNn6XRMDzny2JCk8QJ4aqbo4T5cSx8",
  "mintA": "6JdcMdhqgCtcP4U9tieRqmKLhPLxRMLC67QfmdXAJBvZ",
  "mintB": "EPjFWdd5AufqSSqeM2qN1xzybapC8G4wEGGkZwyTDt1v",
  "authority": "Ah74jf11sPuY7Y58vTJsMJfDbKdtbjKXLhXX5GFeFdqT",
  "swapAccount": "3nK1GL3fG4vq5zf1q9S28mgJH3ophiXhEBSNUue5Vby9",
  "provider": "cropper",
  "other": "EPjFWdd5AufqSSqeM2qN1xzybapC8G4wEGGkZwyTDt1v"
}