{
  "version": 1,
  "isInitialized": 1,
  "nonce": 254,
  "ammId": "3UU788UsHjRMsxpzrCqjWepCJVh9qFvn47hKhSyGXWyA",
  "serumProgramId": "9xQeWvG816bUx9EPjHmaT23yvVM2ZWbrrpZb9PusVFin",
  "serumMarket": "Hq2tZzrdNrMtDsdXeCf9CrN3aS3geJTEqtLRPyiYRZc",
  "tokenProgramId": "TokenkegQfeZyiNwAJbNbGKPFXCWuBvf9Ss623VQ5DA",
  "tokenAAccount": "AqNF7zHuccwDzvdUrXrwJwdw6zr3eTSePfzVZpnZLVS8",
  "tokenBAccount": "Fr7cUrU6T66HaLdxJTyXaYY6rdmTvTR5AcoKvo43e8rH",
  "poolMint": "52mykyt8aTBcLdWx4RYopaovF26W7V7LM6hSshzDKDSu",
  "mintA": "EYDEQW4xQzLqHcFwHTgGvpdjsa5EFn74KzuqLX5emjD2",
  "mintB": "EPjFWdd5AufqSSqeM2qN1xzybapC8G4wEGGkZwyTDt1v",
  "authority": "J14tW9Q7wygQTeGYd5HMooAuDnEz2GrLy28byye51eLv",
  "swapAccount": "3UU788UsHjRMsxpzrCqjWepCJVh9qFvn47hKhSyGXWyA",
  "provider": "cropper",
  "other": "EPjFWdd5AufqSSqeM2qN1xzybapC8G4wEGGkZwyTDt1v"
}