{
  "version": 1,
  "isInitialized": 1,
  "nonce": 254,
  "ammId": "3VVUeMHKYpHn2aYxukqMGXMPGhg9anjymqRgEdscf6DB",
  "serumProgramId": "9xQeWvG816bUx9EPjHmaT23yvVM2ZWbrrpZb9PusVFin",
  "serumMarket": "4HedJ2uqt4cYvDNSCV85cLzKqKzoDfqzLKpU3r9M2deq",
  "tokenProgramId": "TokenkegQfeZyiNwAJbNbGKPFXCWuBvf9Ss623VQ5DA",
  "tokenAAccount": "BG1wjzAuxg5tJb7Eo9johoFwot6kzyVmuPxBByg12rV4",
  "tokenBAccount": "HfqrXUCqDHKRR4pLtxjF5frqwaCmbL4K4vFVH6FUsxko",
  "poolMint": "A8pCYf8cWYY7goCmuwGuBe2hLenzayyrRU6dTYER3PuV",
  "mintA": "htoHLBJV1err8xP5oxyQdV2PLQhtVjxLXpKB7FsgJQD",
  "mintB": "EPjFWdd5AufqSSqeM2qN1xzybapC8G4wEGGkZwyTDt1v",
  "authority": "FHesu2QGraemTy99tUKeaAuCTy7Y6v45ywv7VTn37UDi",
  "swapAccount": "3VVUeMHKYpHn2aYxukqMGXMPGhg9anjymqRgEdscf6DB",
  "provider": "cropper",
  "other": "EPjFWdd5AufqSSqeM2qN1xzybapC8G4wEGGkZwyTDt1v"
}