{
  "version": 1,
  "isInitialized": 1,
  "nonce": 254,
  "ammId": "3WxsMyAJZk36w6KK4dZVLJKz2r7PZFGp4JoNKRFt2anS",
  "serumProgramId": "9xQeWvG816bUx9EPjHmaT23yvVM2ZWbrrpZb9PusVFin",
  "serumMarket": "7oFXusrpvDzbY6gMM81RjS6YEALETXTwWdUKXXBVojgu",
  "tokenProgramId": "TokenkegQfeZyiNwAJbNbGKPFXCWuBvf9Ss623VQ5DA",
  "tokenAAccount": "9SAuX1f7SwfvR3mt8iZsb4L4bVVxWBxJJDsBqKJBZeG3",
  "tokenBAccount": "FyXQJeH3W63een3CSas5XUn28jsY7E4R2Yu5Lb8Lf6sV",
  "poolMint": "C9rKsBeZ4hN2LZPak8iD68TzqBLsH9apvDobyDdRBZLt",
  "mintA": "FaiPGacTM7YBmacumbg4ZnDx7sKtGcG3LkcVoqfddEA7",
  "mintB": "EPjFWdd5AufqSSqeM2qN1xzybapC8G4wEGGkZwyTDt1v",
  "authority": "DiC5SCu4cwVChzCofpMkqqE2JuE3VDQFegVUwyqRgAhC",
  "swapAccount": "3WxsMyAJZk36w6KK4dZVLJKz2r7PZFGp4JoNKRFt2anS",
  "provider": "cropper",
  "other": "EPjFWdd5AufqSSqeM2qN1xzybapC8G4wEGGkZwyTDt1v"
}