{
  "version": 1,
  "isInitialized": 1,
  "nonce": 252,
  "ammId": "4gSwgzjRRL1AFVfUdoNSExga5WXHqbt3AHWWVnDr8qaF",
  "serumProgramId": "9xQeWvG816bUx9EPjHmaT23yvVM2ZWbrrpZb9PusVFin",
  "serumMarket": "Eg8a9ZicLPSyak4CiXfiMeJK6jmHq57Xx5ag5GY6vcDj",
  "tokenProgramId": "TokenkegQfeZyiNwAJbNbGKPFXCWuBvf9Ss623VQ5DA",
  "tokenAAccount": "6sAEqKqqHAgZagEDEXQXLaDMDmk2KmY3B3KuDkwG1Dow",
  "tokenBAccount": "3auxqCEdeP3pGenH9YbpHCit9uVRecWDxwnCvxxNxDfe",
  "poolMint": "8Ncps4M6Le7U3cxxvAwsE7LfVmLArBdFpwg3byx2YXKz",
  "mintA": "cxxShYRVcepDudXhe7U62QHvw8uBJoKFifmzggGKVC2",
  "mintB": "EPjFWdd5AufqSSqeM2qN1xzybapC8G4wEGGkZwyTDt1v",
  "authority": "7tpNVGMCT5cz5UXYnqxcU4g9Bv3dhwoivibyy2Fzeuoh",
  "swapAccount": "4gSwgzjRRL1AFVfUdoNSExga5WXHqbt3AHWWVnDr8qaF",
  "provider": "cropper",
  "other": "EPjFWdd5AufqSSqeM2qN1xzybapC8G4wEGGkZwyTDt1v"
}