{
  "version": 1,
  "isInitialized": 1,
  "nonce": 254,
  "ammId": "525X3cJbJeX9a289cCsAxZ67Dyi28hYBV7RYH5SooYNE",
  "serumProgramId": "9xQeWvG816bUx9EPjHmaT23yvVM2ZWbrrpZb9PusVFin",
  "serumMarket": "8bjQ8XvzrDxKxHhTccpLkqGLbBrCAAPuv6KHrgN95nDW",
  "tokenProgramId": "TokenkegQfeZyiNwAJbNbGKPFXCWuBvf9Ss623VQ5DA",
  "tokenAAccount": "DkDRaPfVfkg5ocMYFX6HyDk9xjia8FmKp6m6puPH6EG6",
  "tokenBAccount": "8ZHyUT8BYhWnZcGGn8QAT6yFSUBSBYKLgQDDKsNaXVfG",
  "poolMint": "52e2pkms7HX3E9KveFofrUsLFxQ7RkPgmpHPBVjHESxE",
  "mintA": "6JdcMdhqgCtcP4U9tieRqmKLhPLxRMLC67QfmdXAJBvZ",
  "mintB": "EPjFWdd5AufqSSqeM2qN1xzybapC8G4wEGGkZwyTDt1v",
  "authority": "AD8q2ZYjEzsif16esmAoiyFMypsoZ18VcdLjYtPizQLf",
  "swapAccount": "525X3cJbJeX9a289cCsAxZ67Dyi28hYBV7RYH5SooYNE",
  "provider": "cropper",
  "other": "EPjFWdd5AufqSSqeM2qN1xzybapC8G4wEGGkZwyTDt1v"
}