{
  "version": 1,
  "isInitialized": 1,
  "nonce": 255,
  "ammId": "58yeMqJHEuie6ms5TP5r7JQQRXp4eczyfa3kUKddw1XF",
  "serumProgramId": "9xQeWvG816bUx9EPjHmaT23yvVM2ZWbrrpZb9PusVFin",
  "serumMarket": "3butBQFCd52sQCL2eS3TLJoLdEdE2gvJAyNpda3nBywi",
  "tokenProgramId": "TokenkegQfeZyiNwAJbNbGKPFXCWuBvf9Ss623VQ5DA",
  "tokenAAccount": "6By2tQpGy5LKbxhccs2JziuKXFQLyA6ZGF9b6ty9qhbK",
  "tokenBAccount": "7vwua4qdF6RHP58pZ7h6Lsh32rBwKHsE8FDDRqocwXYp",
  "poolMint": "7ccPQfef52gPPueiaGKVE2qFBrS2DbAEPjrdpHvsvY8J",
  "mintA": "SRMuApVNdxXokk5GT7XD5cUUgXMBCoAz2LHeuAoKWRt",
  "mintB": "DubwWZNWiNGMMeeQHPnMATNj77YZPZSAz2WVR5WjLJqz",
  "authority": "7WeF6erHk1DeHBeXvPwAnMLN1LX5h8vxw66L9fgEJ7hz",
  "swapAccount": "58yeMqJHEuie6ms5TP5r7JQQRXp4eczyfa3kUKddw1XF",
  "provider": "cropper",
  "other": "DubwWZNWiNGMMeeQHPnMATNj77YZPZSAz2WVR5WjLJqz"
}