{
  "version": 1,
  "isInitialized": 1,
  "nonce": 247,
  "ammId": "59PUqviB2qF7kVdu3nqBsYyTKX9mpsScSxXWwWUwBvft",
  "serumProgramId": "9xQeWvG816bUx9EPjHmaT23yvVM2ZWbrrpZb9PusVFin",
  "serumMarket": "5DgXgvgTnXzg12xJCRQnRmqWV4nNaRGabPM7ALcCaZby",
  "tokenProgramId": "TokenkegQfeZyiNwAJbNbGKPFXCWuBvf9Ss623VQ5DA",
  "tokenAAccount": "DT3SCUT4oN4FkL4iwfY6mNY5qdEekm5MepGQAYAhqjbi",
  "tokenBAccount": "Em5HLjRDwyJpUdicGTTV6rVyji9tpEXDceVf4pyu5vVF",
  "poolMint": "2CeA2kwbksBsaq864MoWLMgWY1L6LfNMiUqgFa4m8nXc",
  "mintA": "Bx4ykEMurwPQBAFNvthGj73fMBVTvHa8e9cbAyaK4ZSh",
  "mintB": "EPjFWdd5AufqSSqeM2qN1xzybapC8G4wEGGkZwyTDt1v",
  "authority": "DaBNGSQGQfVwyDGLwwWvdJBbNa9mNZC386rRTddDCs9B",
  "swapAccount": "59PUqviB2qF7kVdu3nqBsYyTKX9mpsScSxXWwWUwBvft",
  "provider": "cropper",
  "other": "EPjFWdd5AufqSSqeM2qN1xzybapC8G4wEGGkZwyTDt1v"
}