{
  "version": 1,
  "isInitialized": 1,
  "nonce": 254,
  "ammId": "5DtqoajSd8GQitVHrYtSXc5vddFzkNwJk9aSKKgWRewe",
  "serumProgramId": "9xQeWvG816bUx9EPjHmaT23yvVM2ZWbrrpZb9PusVFin",
  "serumMarket": "CwK9brJ43MR4BJz2dwnDM7EXCNyHhGqCJDrAdsEts8n5",
  "tokenProgramId": "TokenkegQfeZyiNwAJbNbGKPFXCWuBvf9Ss623VQ5DA",
  "tokenAAccount": "4xkiPy8CyMA5HHE5kTEodUJpBNMqGasKeFWv252sad5c",
  "tokenBAccount": "CGbid9z39zpTk2vA6yDaHps8s5MVs3ohCzzSdWxkhbAB",
  "poolMint": "J5EdNgPRjd41oSgD37a4pTW8pKwyZkWUujqqdRtS21o5",
  "mintA": "9nEqaUcb16sQ3Tn1psbkWqyhPdLmfHWjKGymREjsAgTE",
  "mintB": "EPjFWdd5AufqSSqeM2qN1xzybapC8G4wEGGkZwyTDt1v",
  "authority": "FdHWmnqnxbVjZqy22wetM5uhpqjkmdrM8CCPCB1Dnk6u",
  "swapAccount": "5DtqoajSd8GQitVHrYtSXc5vddFzkNwJk9aSKKgWRewe",
  "provider": "cropper",
  "other": "EPjFWdd5AufqSSqeM2qN1xzybapC8G4wEGGkZwyTDt1v"
}