{
  "version": 1,
  "isInitialized": 1,
  "nonce": 255,
  "ammId": "5mRdTiiGwtZdqfwafTZfM7eSBmgekckBSJXksY5ze3qE",
  "serumProgramId": "9xQeWvG816bUx9EPjHmaT23yvVM2ZWbrrpZb9PusVFin",
  "serumMarket": "HuFKVQNyB177c9DiocQksYzBCtHMRUP5bBXZJzuLvYQm",
  "tokenProgramId": "TokenkegQfeZyiNwAJbNbGKPFXCWuBvf9Ss623VQ5DA",
  "tokenAAccount": "6aQZi9Ug5PZxe6DpgzPYChXhAvpgGA7cY2J1che7ag4u",
  "tokenBAccount": "GrjTEBKWxku18PtS8WUojwHRScAk46urfmgQjDb9k8o1",
  "poolMint": "HYmgeRXiNmje6Cc2zP221jX18bdaj8PvvHm2JSqhgBeY",
  "mintA": "svtMpL5eQzdmB3uqK9NXaQkq8prGZoKQFNVJghdWCkV",
  "mintB": "EPjFWdd5AufqSSqeM2qN1xzybapC8G4wEGGkZwyTDt1v",
  "authority": "Z6bdyyPdof485efMHn9B8LCsvWR7EfEjDYRFUyYaBgn",
  "swapAccount": "5mRdTiiGwtZdqfwafTZfM7eSBmgekckBSJXksY5ze3qE",
  "provider": "cropper",
  "other": "EPjFWdd5AufqSSqeM2qN1xzybapC8G4wEGGkZwyTDt1v"
}