{
  "version": 1,
  "isInitialized": 1,
  "nonce": 255,
  "ammId": "5tcyvpZkfDNnxS2rELrBZvNAWny5GtuMbn9wLGUk19Tu",
  "serumProgramId": "9xQeWvG816bUx9EPjHmaT23yvVM2ZWbrrpZb9PusVFin",
  "serumMarket": "aGyXAmV1QBESopcEgmr52qtaQ4DuEBg7WJARh1ojSPx",
  "tokenProgramId": "TokenkegQfeZyiNwAJbNbGKPFXCWuBvf9Ss623VQ5DA",
  "tokenAAccount": "Dysxgd57HzhKPppWAcK9rGUN79NTRcDPC876WKZ51KvM",
  "tokenBAccount": "4wzFLK5BxpQiDHwLkkgrV5HcE3onMaJ36bYerqHESc4M",
  "poolMint": "HBDqVix5s2tFRwN3ioELdhSRxcsui8yNG7yqaG6bc1XP",
  "mintA": "AfARcLLqRHsZc4xPWHE9nXZAswZaW294Ff1xcYQbjkLq",
  "mintB": "EPjFWdd5AufqSSqeM2qN1xzybapC8G4wEGGkZwyTDt1v",
  "authority": "68X4iEz1LoH3PyGia33ALmLmvCspqTn9J91UgBt6rK9q",
  "swapAccount": "5tcyvpZkfDNnxS2rELrBZvNAWny5GtuMbn9wLGUk19Tu",
  "provider": "cropper",
  "other": "EPjFWdd5AufqSSqeM2qN1xzybapC8G4wEGGkZwyTDt1v"
}