{
  "version": 1,
  "isInitialized": 1,
  "nonce": 252,
  "ammId": "5ZKQc8pZMFnLneY4rj3SY5aVfv6wSsNPieiwKzX9uXES",
  "serumProgramId": "9xQeWvG816bUx9EPjHmaT23yvVM2ZWbrrpZb9PusVFin",
  "serumMarket": "GekRdc4eD9qnfPTjUMK5NdQDho8D9ByGrtnqhMNCTm36",
  "tokenProgramId": "TokenkegQfeZyiNwAJbNbGKPFXCWuBvf9Ss623VQ5DA",
  "tokenAAccount": "crRUdmsYY3zqHh7KtHuxQs3FUj1gSEnEavjMjbLjdRW",
  "tokenBAccount": "AjAAWprMW3WLLVvN1dptEaRy3P99kq1Ubng6xP16Vwib",
  "poolMint": "Fj9n59ALXoQuePLMksjVuVCdkp9KiHBkSqt7r1u4YGuU",
  "mintA": "xxxxa1sKNGwFtw2kFn8XauW9xq8hBZ5kVtcSesTT9fW",
  "mintB": "So11111111111111111111111111111111111111112",
  "authority": "9kwXN9v5oWZwr3kcKEDhi7VALtmiFsN24yWXBcqLMLVi",
  "swapAccount": "5ZKQc8pZMFnLneY4rj3SY5aVfv6wSsNPieiwKzX9uXES",
  "provider": "cropper",
  "other": "So11111111111111111111111111111111111111112"
}