{
  "version": 1,
  "isInitialized": 1,
  "nonce": 255,
  "ammId": "5zu9amtSXvjRP3YXfB6eDe87bG5MEN8hnzwwmXfv8s8j",
  "serumProgramId": "9xQeWvG816bUx9EPjHmaT23yvVM2ZWbrrpZb9PusVFin",
  "serumMarket": "G16K9HX2BVarYTx954btRuG3Ve9uX7cM5giQwD1dHeAM",
  "tokenProgramId": "TokenkegQfeZyiNwAJbNbGKPFXCWuBvf9Ss623VQ5DA",
  "tokenAAccount": "murSwAXnzCDfDhvSN2qwmPdP5AynpQwM1XmrGSXxRV6",
  "tokenBAccount": "5JxRnnRwqBRdwK2VHvTcRLjBRhKTKSmZRVQLtVMyd17r",
  "poolMint": "2v86BfdwPkLPmyXDPLsdYRMheBaLmMsEuj9o54YG79Fa",
  "mintA": "58yYYVT5FoVx2jtvD9xtX4JxE8jogtA5tjMkJudgERMS",
  "mintB": "EPjFWdd5AufqSSqeM2qN1xzybapC8G4wEGGkZwyTDt1v",
  "authority": "EutwdR9akGTCh7tvyic9z9bT1H3MSTmiNPmLbD2zrmW7",
  "swapAccount": "5zu9amtSXvjRP3YXfB6eDe87bG5MEN8hnzwwmXfv8s8j",
  "provider": "cropper",
  "other": "EPjFWdd5AufqSSqeM2qN1xzybapC8G4wEGGkZwyTDt1v"
}