{
  "version": 1,
  "isInitialized": 1,
  "nonce": 255,
  "ammId": "628Ghm1cs1481KdDQVeTbDN5dE6zwPU4gqLFE58EMxz9",
  "serumProgramId": "9xQeWvG816bUx9EPjHmaT23yvVM2ZWbrrpZb9PusVFin",
  "serumMarket": "ANUCohkG9gamUn6ofZEbnzGkjtyMexDhnjCwbLDmQ8Ub",
  "tokenProgramId": "TokenkegQfeZyiNwAJbNbGKPFXCWuBvf9Ss623VQ5DA",
  "tokenAAccount": "5WTSHBeNu2gked42LdyGaf3JLwd7aRrJzu94dhrDKyFz",
  "tokenBAccount": "AB4wFKn2rTJPRG7ZfR5p5c42dzSzfvBZU8ANyAcL8FXW",
  "poolMint": "G6KxgxFZB6qWstFA3oU3ByN4EfQmy4H2d52P7hyh5LaS",
  "mintA": "H7Qc9APCWWGDVxGD5fJHmLTmdEgT9GFatAKFNg6sHh8A",
  "mintB": "EPjFWdd5AufqSSqeM2qN1xzybapC8G4wEGGkZwyTDt1v",
  "authority": "DJypXdKLry2X7Qemc9Fe8ns9G2VT4gLaaTcFsPkMALW9",
  "swapAccount": "628Ghm1cs1481KdDQVeTbDN5dE6zwPU4gqLFE58EMxz9",
  "provider": "cropper",
  "other": "EPjFWdd5AufqSSqeM2qN1xzybapC8G4wEGGkZwyTDt1v"
}