{
  "version": 1,
  "isInitialized": 1,
  "nonce": 254,
  "ammId": "6dzBexhzwrYQzCRsmyseWegU8vijtyqVZDR7Msoxhs8a",
  "serumProgramId": "9xQeWvG816bUx9EPjHmaT23yvVM2ZWbrrpZb9PusVFin",
  "serumMarket": "v2Tqp1qkCrEmZm3GDduBVVaFZ69VmGdPLnDdYvmw4Kg",
  "tokenProgramId": "TokenkegQfeZyiNwAJbNbGKPFXCWuBvf9Ss623VQ5DA",
  "tokenAAccount": "3b2iFDJM8ERu2ZYHhVGnm9jYVXC8Y8Ro5mjT7iZcx69L",
  "tokenBAccount": "47C4aE38YPXcNd8bPbhxwTEdkP9xgJHKyzj5RxGYSRj3",
  "poolMint": "7ajE3K37GGj9zY1MUbq4QFLhbiL3yY5F7saxhZZ5ZQbp",
  "mintA": "Ch9NFVk5sqEPQHtw2gJVgnHfTm7FW1JspYwc7SxLi6q3",
  "mintB": "EPjFWdd5AufqSSqeM2qN1xzybapC8G4wEGGkZwyTDt1v",
  "authority": "81JbGj2ijR2BEmjCFNvFMNTBN6dYYU6M6mw2FA2ifMsA",
  "swapAccount": "6dzBexhzwrYQzCRsmyseWegU8vijtyqVZDR7Msoxhs8a",
  "provider": "cropper",
  "other": "EPjFWdd5AufqSSqeM2qN1xzybapC8G4wEGGkZwyTDt1v"
}