{
  "version": 1,
  "isInitialized": 1,
  "nonce": 255,
  "ammId": "6uQFsSbaKuuuTmG2nSrLZTQhxczCpuiuC2YPocG23GtN",
  "serumProgramId": "9xQeWvG816bUx9EPjHmaT23yvVM2ZWbrrpZb9PusVFin",
  "serumMarket": "8Bv5ntwpcbvhh6xfT3tF6K5eXaMx8rin9wENin6wpp52",
  "tokenProgramId": "TokenkegQfeZyiNwAJbNbGKPFXCWuBvf9Ss623VQ5DA",
  "tokenAAccount": "CpBPgm67jesaHobtnftjCZRs2DGTKYxCbx8EpF2gneLD",
  "tokenBAccount": "EFVShcx6CeQobRTuBjGhEDWQFt5uDHA3NtuMnC62KmZV",
  "poolMint": "5nMqTPw8ABz8R1jj9ATHNrAJSZD6ZBCBheKKVnX9oLai",
  "mintA": "7fCzz6ZDHm4UWC9Se1RPLmiyeuQ6kStxpcAP696EuE1E",
  "mintB": "So11111111111111111111111111111111111111112",
  "authority": "EyviUSPnpnkaXud2MVjmRPJZ9LMdTXj2ptxxGEsTpsJQ",
  "swapAccount": "6uQFsSbaKuuuTmG2nSrLZTQhxczCpuiuC2YPocG23GtN",
  "provider": "cropper",
  "other": "So11111111111111111111111111111111111111112"
}