{
  "version": 1,
  "isInitialized": 1,
  "nonce": 254,
  "ammId": "7BLnRCwticz88GW6wqdG15qfNiUD1C91abbbLmBigb6B",
  "serumProgramId": "9xQeWvG816bUx9EPjHmaT23yvVM2ZWbrrpZb9PusVFin",
  "serumMarket": "GdmQtZpXZiasZi6TVsDHVLeNvPZY1dmuQ82KXDcKEJPy",
  "tokenProgramId": "TokenkegQfeZyiNwAJbNbGKPFXCWuBvf9Ss623VQ5DA",
  "tokenAAccount": "4Vy8tZwkwjcdcmqyk5HgYpMkhsueUQw9knSVbhZipoq2",
  "tokenBAccount": "HRXGvc6A6fDwNa8M2CKy9FnWkXqsABXip36nG5csyboi",
  "poolMint": "5HMfLQpR9BKfLfT6PVZVrMuRJNuYDKGHAoD2UJksnGkk",
  "mintA": "Aw8qLRHGhMcKq7rxs5XBNCd9oe3BvoAhpNMVz7AdGmty",
  "mintB": "EPjFWdd5AufqSSqeM2qN1xzybapC8G4wEGGkZwyTDt1v",
  "authority": "83VNTMb4yRHt8somsFm1WzBZVC6qEUecoLLGCx6iN2xf",
  "swapAccount": "7BLnRCwticz88GW6wqdG15qfNiUD1C91abbbLmBigb6B",
  "provider": "cropper",
  "other": "EPjFWdd5AufqSSqeM2qN1xzybapC8G4wEGGkZwyTDt1v"
}