{
  "version": 1,
  "isInitialized": 1,
  "nonce": 254,
  "ammId": "7JxfoabAfy7RC2equwmd9dEFY2xqdd1zKeYet4GBA18s",
  "serumProgramId": "9xQeWvG816bUx9EPjHmaT23yvVM2ZWbrrpZb9PusVFin",
  "serumMarket": "DNCvhiPffXZUuqZEyTyfD6tMeQDG133UyMFLDgrU3Z5n",
  "tokenProgramId": "TokenkegQfeZyiNwAJbNbGKPFXCWuBvf9Ss623VQ5DA",
  "tokenAAccount": "3atuP5hSnUFLpH1JEyGcFRJ73cv2WRgfwTtSaHsZH3uf",
  "tokenBAccount": "ZxVJ5M2PHCzGhZHdnoFRwmqHSSHNZ4ecznYeAcLZq4R",
  "poolMint": "A4UuGvfHD51UiXrTFvC7irxh4NqSyfYZite25WDSQW6k",
  "mintA": "5uE8w9yoMMu88NV8wUaZMuxCiufBBoSiJbNDAEGmDx7x",
  "mintB": "EPjFWdd5AufqSSqeM2qN1xzybapC8G4wEGGkZwyTDt1v",
  "authority": "EbHGyBe1h9kfmw6VT4sMWYEWvzzYJo7DUHbwPTAoNQxg",
  "swapAccount": "7JxfoabAfy7RC2equwmd9dEFY2xqdd1zKeYet4GBA18s",
  "provider": "cropper",
  "other": "EPjFWdd5AufqSSqeM2qN1xzybapC8G4wEGGkZwyTDt1v"
}