{
  "version": 1,
  "isInitialized": 1,
  "nonce": 253,
  "ammId": "7NWyuTfpb8gfRpgm67yv5GkdX2EM3WkefGSwHZfNVzTW",
  "serumProgramId": "9xQeWvG816bUx9EPjHmaT23yvVM2ZWbrrpZb9PusVFin",
  "serumMarket": "9wFFyRfZBsuAha4YcuxcXLKwMxJR43S7fPfQLusDBzvT",
  "tokenProgramId": "TokenkegQfeZyiNwAJbNbGKPFXCWuBvf9Ss623VQ5DA",
  "tokenAAccount": "5DuRdWMtLQ51Ld534PsjDbudPGVnYkCwiGKo5EKcoaaL",
  "tokenBAccount": "4G9Hp77tNNfMuYgD2DfFxZAAaruXuJigfbU2FjBreSdn",
  "poolMint": "APTaiNJxUtAZMnhoZCVXdxR5kf7ExYWuET3sfnub59z2",
  "mintA": "So11111111111111111111111111111111111111112",
  "mintB": "EPjFWdd5AufqSSqeM2qN1xzybapC8G4wEGGkZwyTDt1v",
  "authority": "9wnM48uL5oec8qNya8hxEj6feGGXBL2QiW9RkJf5P3Ek",
  "swapAccount": "7NWyuTfpb8gfRpgm67yv5GkdX2EM3WkefGSwHZfNVzTW",
  "provider": "cropper",
  "other": "So11111111111111111111111111111111111111112"
}