{
  "version": 1,
  "isInitialized": 1,
  "nonce": 253,
  "ammId": "828HbjLdignN7XqjXKgWW79ivYS8tbwLs6w15i2r6Zx1",
  "serumProgramId": "9xQeWvG816bUx9EPjHmaT23yvVM2ZWbrrpZb9PusVFin",
  "serumMarket": "eju5JDyaf29jYNfq7VrVAocVxGayDEHVHHiM7MYc331",
  "tokenProgramId": "TokenkegQfeZyiNwAJbNbGKPFXCWuBvf9Ss623VQ5DA",
  "tokenAAccount": "Be7uHQhSDZnA4j1E3sfaxtaqjUdoySSJ3kckWEStxPDR",
  "tokenBAccount": "6aEC2p6dnjHj3ADiuPg6tttsRXVsjE3os1owadXTPX8c",
  "poolMint": "3oa14Mcu1syrReMTZ9EuVrrdDexYW6bGUwcH1CwanAUj",
  "mintA": "3m7A2A8HHdqmiDrjAfaddj7Hxd88FrBHA1KSoqjoELtu",
  "mintB": "EPjFWdd5AufqSSqeM2qN1xzybapC8G4wEGGkZwyTDt1v",
  "authority": "AE96vUU5Ehjka1HrN7qMJJ6LgRtvSbA5ux7DXGdsJ7tg",
  "swapAccount": "828HbjLdignN7XqjXKgWW79ivYS8tbwLs6w15i2r6Zx1",
  "provider": "cropper",
  "other": "EPjFWdd5AufqSSqeM2qN1xzybapC8G4wEGGkZwyTDt1v"
}