{
  "version": 1,
  "isInitialized": 1,
  "nonce": 252,
  "ammId": "8am15p3jRkLL3bxNZnE3mXYxuiqMf72kYRQqaDUNPkpH",
  "serumProgramId": "9xQeWvG816bUx9EPjHmaT23yvVM2ZWbrrpZb9PusVFin",
  "serumMarket": "AohqcP9t8y9ttheks7PWWf41ny3Zahy3WLF7mNLBuUHJ",
  "tokenProgramId": "TokenkegQfeZyiNwAJbNbGKPFXCWuBvf9Ss623VQ5DA",
  "tokenAAccount": "7hFDdgVwEDhw8JAkZ6mENJ7CjCYZZNgGxgrXAsrajBdG",
  "tokenBAccount": "ArE3Xor5x2EuwBFmyHdonvHMWeT7g4vGAqgTLWamPQkj",
  "poolMint": "BVUQwnVN8wne5z1bp3J8c4Vxy6WSRUqfy3DZt2SWRmar",
  "mintA": "2XSuy8RSESbtYRBbVHxGWuoikn3B6iXKVKzN4i3owTCf",
  "mintB": "EPjFWdd5AufqSSqeM2qN1xzybapC8G4wEGGkZwyTDt1v",
  "authority": "E8rVshdUnoFU188hnWMAfEDgWTPeo69LN8P9uEEM1nZK",
  "swapAccount": "8am15p3jRkLL3bxNZnE3mXYxuiqMf72kYRQqaDUNPkpH",
  "provider": "cropper",
  "other": "EPjFWdd5AufqSSqeM2qN1xzybapC8G4wEGGkZwyTDt1v"
}