{
  "version": 1,
  "isInitialized": 1,
  "nonce": 255,
  "ammId": "8MuaVtraebquuzZMncfwHM7sKmo1N2zm8M2nLsnyap3z",
  "serumProgramId": "9xQeWvG816bUx9EPjHmaT23yvVM2ZWbrrpZb9PusVFin",
  "serumMarket": "E1JVg8iEcQgXcABxduBwMyG8b2ex9zzEMSiukTtMmHTb",
  "tokenProgramId": "TokenkegQfeZyiNwAJbNbGKPFXCWuBvf9Ss623VQ5DA",
  "tokenAAccount": "6zKXwPHCU7dfUHbTR3UTL3cvR8DKSdUkgtLCAohijF76",
  "tokenBAccount": "31eSDsQ525cKyTAH51gDPkJVqVTnUythR27otzDGsrwc",
  "poolMint": "8ahZSvvxRZcs8VK7rvyhVVats8ER1Uhd5FKuUF3pqJ8C",
  "mintA": "9gVyinZd945tJddQBP7Lwo97kUpos7zNw6VkBA55VyPd",
  "mintB": "EPjFWdd5AufqSSqeM2qN1xzybapC8G4wEGGkZwyTDt1v",
  "authority": "2rGBZCYxcSLj6mATjCnGdknfhtUo7nPPLAkKbaKPf7Su",
  "swapAccount": "8MuaVtraebquuzZMncfwHM7sKmo1N2zm8M2nLsnyap3z",
  "provider": "cropper",
  "other": "EPjFWdd5AufqSSqeM2qN1xzybapC8G4wEGGkZwyTDt1v"
}