{
  "version": 1,
  "isInitialized": 1,
  "nonce": 255,
  "ammId": "8UErGAwYkuQqxViyP3GQWcbivmPxMDZWboZBhwZAN7pb",
  "serumProgramId": "9xQeWvG816bUx9EPjHmaT23yvVM2ZWbrrpZb9PusVFin",
  "serumMarket": "kLzqWyWQsD7DZZc1v6J7cMXcZtGYy2cGkjcwXysDEnf",
  "tokenProgramId": "TokenkegQfeZyiNwAJbNbGKPFXCWuBvf9Ss623VQ5DA",
  "tokenAAccount": "CMswq8wmbU3t3PmnnRSG2Exz4XfoGVyCF3qRh4vmD1Eu",
  "tokenBAccount": "6jJAJNFi5jWspPZvMg2qTrRjjGgbq6X2z7kShwHSwnm3",
  "poolMint": "E5diojenVvGcr1oK1HULvdRaQn1MKBb3jxUctJieXnYk",
  "mintA": "Bwqk7ykrKrrJxdHy2kbk8bej7ctDLvxgNpCGnbgAJYoh",
  "mintB": "EPjFWdd5AufqSSqeM2qN1xzybapC8G4wEGGkZwyTDt1v",
  "authority": "7A1sFQzJ1BdgGKi7jLPA1dj4CSijJkp8wNE9KWZ51d7V",
  "swapAccount": "8UErGAwYkuQqxViyP3GQWcbivmPxMDZWboZBhwZAN7pb",
  "provider": "cropper",
  "other": "EPjFWdd5AufqSSqeM2qN1xzybapC8G4wEGGkZwyTDt1v"
}