{
  "version": 1,
  "isInitialized": 1,
  "nonce": 255,
  "ammId": "8uXBvwf62N1BsF2EEHEU4d7Ht24nWkqugpy6XdXYtds9",
  "serumProgramId": "9xQeWvG816bUx9EPjHmaT23yvVM2ZWbrrpZb9PusVFin",
  "serumMarket": "AeTCFsNppdq1d5kgu489tkamCzkbsXKTcS8hRQ8qhz7m",
  "tokenProgramId": "TokenkegQfeZyiNwAJbNbGKPFXCWuBvf9Ss623VQ5DA",
  "tokenAAccount": "CYrY8z8kAMxzkeBMgic8dPFm6h8oWP3bejHevCMEvdkb",
  "tokenBAccount": "3kktMHfQY4hGV3ePCNTia2CuPz4cfWr4v4H1zeRi8bYn",
  "poolMint": "D6SXaSdQpgK9DQSRRcnrT6apdULyUarG34txTYAKupAN",
  "mintA": "BKydRTNdaMJ8B4zPva3YhwUQcpvAsyZaGJnKA6F44fX7",
  "mintB": "EPjFWdd5AufqSSqeM2qN1xzybapC8G4wEGGkZwyTDt1v",
  "authority": "5SyL17qSgpUhw1rbYcVq1jjUgK7WFwBp8CijcXQGFzS3",
  "swapAccount": "8uXBvwf62N1BsF2EEHEU4d7Ht24nWkqugpy6XdXYtds9",
  "provider": "cropper",
  "other": "EPjFWdd5AufqSSqeM2qN1xzybapC8G4wEGGkZwyTDt1v"
}