{
  "version": 1,
  "isInitialized": 1,
  "nonce": 255,
  "ammId": "9us5GwcNWs5th8pj7aoL724vXegH1xgfZJWuhEsZMwtQ",
  "serumProgramId": "9xQeWvG816bUx9EPjHmaT23yvVM2ZWbrrpZb9PusVFin",
  "serumMarket": "CvR6eYQ1LkjLK3tKXt47VCQbH9NKoWNNwToQXmzMv3oW",
  "tokenProgramId": "TokenkegQfeZyiNwAJbNbGKPFXCWuBvf9Ss623VQ5DA",
  "tokenAAccount": "FJT1EVJR7Xty6y1sFw5YAm4NnRNBtKoKX2Z4rbq2zHuK",
  "tokenBAccount": "GEn1AQYEqyyV3VXJZaC5kP8hL7rgmqqC1ugCCCEuYhGC",
  "poolMint": "GEPXtkuvA8ttP8m9WhHGsfNuPZRdbo42JjbrknKhDAc4",
  "mintA": "FsPncBfeDV3Uv9g6yyx1NnKidvUeCaAiT2NtBAPy17xg",
  "mintB": "So11111111111111111111111111111111111111112",
  "authority": "BnWUmJM8L9F5Ypk4mfUL4xjetUqnr1B3inoGPMhxpntq",
  "swapAccount": "9us5GwcNWs5th8pj7aoL724vXegH1xgfZJWuhEsZMwtQ",
  "provider": "cropper",
  "other": "So11111111111111111111111111111111111111112"
}