{
  "version": 1,
  "isInitialized": 1,
  "nonce": 253,
  "ammId": "9z84Gfp4QPeed7rEhdBL8DPwEAZS37fevRQWkmZZCfqU",
  "serumProgramId": "9xQeWvG816bUx9EPjHmaT23yvVM2ZWbrrpZb9PusVFin",
  "serumMarket": "8bjQ8XvzrDxKxHhTccpLkqGLbBrCAAPuv6KHrgN95nDW",
  "tokenProgramId": "TokenkegQfeZyiNwAJbNbGKPFXCWuBvf9Ss623VQ5DA",
  "tokenAAccount": "GL1wt53ne67CcDXEJh1zjgdMkqRgwpWYS74PJmcxJdKQ",
  "tokenBAccount": "2oFFtTM3n8zwwqP3BvfcXffvCLRmYiGEL4dwggAVaUwT",
  "poolMint": "Ek8hKQ27JTC6HE2NYcyCAQcMUzxxYjqmugLwt61jpbzL",
  "mintA": "6JdcMdhqgCtcP4U9tieRqmKLhPLxRMLC67QfmdXAJBvZ",
  "mintB": "EPjFWdd5AufqSSqeM2qN1xzybapC8G4wEGGkZwyTDt1v",
  "authority": "7QPuUAJFGdgTcGJyZsyXszRaBtzdDhA21RYzvB2aNMfC",
  "swapAccount": "9z84Gfp4QPeed7rEhdBL8DPwEAZS37fevRQWkmZZCfqU",
  "provider": "cropper",
  "other": "EPjFWdd5AufqSSqeM2qN1xzybapC8G4wEGGkZwyTDt1v"
}