{
  "version": 1,
  "isInitialized": 1,
  "nonce": 255,
  "ammId": "A34WECgus81nRjHGBhSvjXdb1Rzio9oxv3jLiZfNVFHY",
  "serumProgramId": "9xQeWvG816bUx9EPjHmaT23yvVM2ZWbrrpZb9PusVFin",
  "serumMarket": "HfjS66SzVEqFxAa8nSQnqHA7SnfygWqGTVz6LFS7q4zu",
  "tokenProgramId": "TokenkegQfeZyiNwAJbNbGKPFXCWuBvf9Ss623VQ5DA",
  "tokenAAccount": "DRn9EQyFdysPugFCmPDGDNB8y9syTfaan7qu77gKzP7H",
  "tokenBAccount": "71hT2HJt2nL7RqHJ9DFNQZDBj1b2o1tPcmVnSfh2irGR",
  "poolMint": "774nHZMxnqSbxuhX2ovRVdPdDuipDLbtpH2fnMgG7gnB",
  "mintA": "EkDf4Nt89x4Usnxkj4sGHX7sWxkmmpiBzA4qdDkgEN6b",
  "mintB": "EPjFWdd5AufqSSqeM2qN1xzybapC8G4wEGGkZwyTDt1v",
  "authority": "GT2pC525PSKibMW6SVwQhwV4T1speUUdYC5oKogRMFVu",
  "swapAccount": "A34WECgus81nRjHGBhSvjXdb1Rzio9oxv3jLiZfNVFHY",
  "provider": "cropper",
  "other": "EPjFWdd5AufqSSqeM2qN1xzybapC8G4wEGGkZwyTDt1v"
}