{
  "version": 1,
  "isInitialized": 1,
  "nonce": 253,
  "ammId": "aBRpjeSWRasHfZG2BRBxxLDy4akoFrhgjksBNBXMhQD",
  "serumProgramId": "9xQeWvG816bUx9EPjHmaT23yvVM2ZWbrrpZb9PusVFin",
  "serumMarket": "DhmedYCzs57hspLjP3SKd3NRcsvDbuPSQdooSQof4vek",
  "tokenProgramId": "TokenkegQfeZyiNwAJbNbGKPFXCWuBvf9Ss623VQ5DA",
  "tokenAAccount": "6fp5FjuJipRbeAALnMyfNx2vrZWj9ywx6UhAiS5dNQFo",
  "tokenBAccount": "FRw1XgTitV5J2H2Fz6zFAUAPku2gxnCfd5GVo8GfzCPU",
  "poolMint": "7XECrQw5N9avacB5H72shuUiiMf3P3ykubcu8oPKiGb7",
  "mintA": "SLT3iSYKeBuCyxvnfij4RUhMfKxZCY3s12Z5pfkTXhV",
  "mintB": "EPjFWdd5AufqSSqeM2qN1xzybapC8G4wEGGkZwyTDt1v",
  "authority": "7oLKzJT17AoEcg3BJcE3p7Z2BHPFN8Hbbcr7oQfZWMNm",
  "swapAccount": "aBRpjeSWRasHfZG2BRBxxLDy4akoFrhgjksBNBXMhQD",
  "provider": "cropper",
  "other": "EPjFWdd5AufqSSqeM2qN1xzybapC8G4wEGGkZwyTDt1v"
}