{
  "version": 1,
  "isInitialized": 1,
  "nonce": 252,
  "ammId": "AEYFDvKsqyyaTioRwzzzmZSbxDpwN9yPrBWLqN7gWUpB",
  "serumProgramId": "9xQeWvG816bUx9EPjHmaT23yvVM2ZWbrrpZb9PusVFin",
  "serumMarket": "9HXwwjYkemjH8Yx14ezUikFcScskZncZciKv4juLD8Y7",
  "tokenProgramId": "TokenkegQfeZyiNwAJbNbGKPFXCWuBvf9Ss623VQ5DA",
  "tokenAAccount": "2VE9wZQLNGGXyjSyEUzgBvLxFFupp9DgWBUY3QhFKx5P",
  "tokenBAccount": "TvsyDByZiNoUnevxqz22F37yjkQeKTY3jKXxjiC3Y5t",
  "poolMint": "AVDrUiPiC74NjEK78C6U5aPwRjHjnTgCDCS9dZtio7uZ",
  "mintA": "5ENUvV3Ur3o3Fg6LVRfHL4sowidiVTMHHsEFqNJXRz6o",
  "mintB": "EPjFWdd5AufqSSqeM2qN1xzybapC8G4wEGGkZwyTDt1v",
  "authority": "C9AB9n8XCsaZKfbTdjoXjtonUYQ8UFXPpwMiLdxGmVSQ",
  "swapAccount": "AEYFDvKsqyyaTioRwzzzmZSbxDpwN9yPrBWLqN7gWUpB",
  "provider": "cropper",
  "other": "EPjFWdd5AufqSSqeM2qN1xzybapC8G4wEGGkZwyTDt1v"
}