{
  "version": 1,
  "isInitialized": 1,
  "nonce": 254,
  "ammId": "AGdAwhcQwoqw2d5p8yETQxM5cCMNpRoQkDFMNMbPRx24",
  "serumProgramId": "9xQeWvG816bUx9EPjHmaT23yvVM2ZWbrrpZb9PusVFin",
  "serumMarket": "H3766n3qrTDXNXAqkAbmr9x2Mnw6ujbQv9F3x2BMgvVd",
  "tokenProgramId": "TokenkegQfeZyiNwAJbNbGKPFXCWuBvf9Ss623VQ5DA",
  "tokenAAccount": "Asm1mvyBCGVVs7221HvvFPjDqoJF2tPUmJB9jjphSx64",
  "tokenBAccount": "5a8aegaMRs9oWr5coETmjZvbqzX1LgVPKQCyXMUQAc17",
  "poolMint": "4L7xHeQw47VgTJHfwQf5LSUFByzYPWQoze5QbXR9wgj2",
  "mintA": "GXnw9YSt6DANCt84Ti6ZpbaXvrvuEJFCYqrDjygnq4R8",
  "mintB": "EPjFWdd5AufqSSqeM2qN1xzybapC8G4wEGGkZwyTDt1v",
  "authority": "3a1SDFRSyqXiShRirGJRcfdrkD6CWPwLK9eC3CbKxLWS",
  "swapAccount": "AGdAwhcQwoqw2d5p8yETQxM5cCMNpRoQkDFMNMbPRx24",
  "provider": "cropper",
  "other": "EPjFWdd5AufqSSqeM2qN1xzybapC8G4wEGGkZwyTDt1v"
}