{
  "version": 1,
  "isInitialized": 1,
  "nonce": 254,
  "ammId": "AHhufzEbKFiSE81A8pK3r9WgEfxGh4yNdLREjLk1H6Zv",
  "serumProgramId": "9xQeWvG816bUx9EPjHmaT23yvVM2ZWbrrpZb9PusVFin",
  "serumMarket": "6oKx3MasgUTbFEAxfwJuTKJnkTg92a9egBQieiDRrTcg",
  "tokenProgramId": "TokenkegQfeZyiNwAJbNbGKPFXCWuBvf9Ss623VQ5DA",
  "tokenAAccount": "BJFo5vyHqQbC4koMfJ8yww1FK6DyT5f3UM8gtrEe5N4D",
  "tokenBAccount": "73CMNEVHFESbq2aXAeMuVzFg6k5GvehSfAcWFteRxbKS",
  "poolMint": "BpF7815mKZ4UGvsLoGfYbkDidiGb4ikd5J7fn7s3cB9M",
  "mintA": "3uXMgtaMRBcyEtEChgiLMdHDjb5Azr17SQWwQo3ppEH8",
  "mintB": "EPjFWdd5AufqSSqeM2qN1xzybapC8G4wEGGkZwyTDt1v",
  "authority": "FC3RRRpWFBTspfnAQttNqBoLeYfBT3tct35iHSEPwG1P",
  "swapAccount": "AHhufzEbKFiSE81A8pK3r9WgEfxGh4yNdLREjLk1H6Zv",
  "provider": "cropper",
  "other": "EPjFWdd5AufqSSqeM2qN1xzybapC8G4wEGGkZwyTDt1v"
}