{
  "version": 1,
  "isInitialized": 1,
  "nonce": 254,
  "ammId": "Apm3fduWib25PMC33QKhZWB8Z7c3RRViqAf9fSX8JEJv",
  "serumProgramId": "9xQeWvG816bUx9EPjHmaT23yvVM2ZWbrrpZb9PusVFin",
  "serumMarket": "HnLKrfMN64ccSbYCj4DxjgPYveSkFujYrnMr4cvPfL8",
  "tokenProgramId": "TokenkegQfeZyiNwAJbNbGKPFXCWuBvf9Ss623VQ5DA",
  "tokenAAccount": "3WcfMiQudsAPPgYGweHiS1aLyHy6q4uFQgbvEuMst2xL",
  "tokenBAccount": "yDd4FPYvh5ESYwTRLhg1povJ6jiyMrfCd9GgSghZx1c",
  "poolMint": "A7Fzax3TigXLinwQa2hRydsuiJo14d73i2Gob7WDvNTa",
  "mintA": "3EkHyexJLGCvSxzn5umbtd9N69GoT4p5pfdLTFqCNP9Y",
  "mintB": "EPjFWdd5AufqSSqeM2qN1xzybapC8G4wEGGkZwyTDt1v",
  "authority": "EHUk6eUnFRxvLnrwcTrdG3mdzvfe9omJbXP29uXm2HyA",
  "swapAccount": "Apm3fduWib25PMC33QKhZWB8Z7c3RRViqAf9fSX8JEJv",
  "provider": "cropper",
  "other": "EPjFWdd5AufqSSqeM2qN1xzybapC8G4wEGGkZwyTDt1v"
}