{
  "version": 1,
  "isInitialized": 1,
  "nonce": 255,
  "ammId": "BKoPgGyeTnxnCAH6G4gZn5SiSVJYZLtvN5HX14m5nt8i",
  "serumProgramId": "9xQeWvG816bUx9EPjHmaT23yvVM2ZWbrrpZb9PusVFin",
  "serumMarket": "BGcMVJzt78RpFjpw9E5T7BrFF9H88BVXw4Jf9npL2BER",
  "tokenProgramId": "TokenkegQfeZyiNwAJbNbGKPFXCWuBvf9Ss623VQ5DA",
  "tokenAAccount": "E4Gojzto9e3J5Fg4qQEuCC7buoLJKwgRbUpvLVWek7rd",
  "tokenBAccount": "AhpqiHaimD988UsGyzKTqSyFSUxq6RSKHVioh4WnQM6x",
  "poolMint": "J24PoZ7JL8icWdkkvrtePJWyF17jkcMruoPaE3bHtG9C",
  "mintA": "AThqqJBiMPUFQvV2f3mpc4RYdncEjkw1TX3bwqHuJrUn",
  "mintB": "So11111111111111111111111111111111111111112",
  "authority": "F28g8G62ChSqdyK9zaxB3eAbfZZXfJg97TcXK2MuBiBf",
  "swapAccount": "BKoPgGyeTnxnCAH6G4gZn5SiSVJYZLtvN5HX14m5nt8i",
  "provider": "cropper",
  "other": "So11111111111111111111111111111111111111112"
}