{
  "version": 1,
  "isInitialized": 1,
  "nonce": 254,
  "ammId": "BnmmTFonxmp3cUr6N9xeX2evzi6Hgbzbp9osYqeXaZyF",
  "serumProgramId": "9xQeWvG816bUx9EPjHmaT23yvVM2ZWbrrpZb9PusVFin",
  "serumMarket": "HCE4wQXApNyFBTK7gYa98QCYbshCz7EkH8axNz3ahvKc",
  "tokenProgramId": "TokenkegQfeZyiNwAJbNbGKPFXCWuBvf9Ss623VQ5DA",
  "tokenAAccount": "HassqqjwxLHUUn2RFsNUQSnvxFjPCA84zankooXkr1or",
  "tokenBAccount": "FbB8rsKB3bXNC4GVQz85E7g9adJb74JbkVWciwUQ2enV",
  "poolMint": "ATNhobTTsidXWAAEp1HNedSAwfCEBSsL8kVaV6Bco1vx",
  "mintA": "72hgmvS5zFxaFJfMizq6Gp4gjBqXjTPyX9GDP38krorQ",
  "mintB": "EPjFWdd5AufqSSqeM2qN1xzybapC8G4wEGGkZwyTDt1v",
  "authority": "ARM2YeUQXkRqmxJNdZKEkrQ1MXdHpWfY41xqsNVmiHEy",
  "swapAccount": "BnmmTFonxmp3cUr6N9xeX2evzi6Hgbzbp9osYqeXaZyF",
  "provider": "cropper",
  "other": "EPjFWdd5AufqSSqeM2qN1xzybapC8G4wEGGkZwyTDt1v"
}