{
  "version": 1,
  "isInitialized": 1,
  "nonce": 255,
  "ammId": "BvizvYvmYyZBFdfhgSnZErNvrrXVZVfpCzvPob28YxmH",
  "serumProgramId": "9xQeWvG816bUx9EPjHmaT23yvVM2ZWbrrpZb9PusVFin",
  "serumMarket": "CwK9brJ43MR4BJz2dwnDM7EXCNyHhGqCJDrAdsEts8n5",
  "tokenProgramId": "TokenkegQfeZyiNwAJbNbGKPFXCWuBvf9Ss623VQ5DA",
  "tokenAAccount": "36fu5bNFK3j1QJFWMGXDuqtnEoKNNKcpojp1sxzKPo47",
  "tokenBAccount": "9Y6f9XcQSoP4G5gd96G675TnjrMhdPWrAcE8W6oLMSAU",
  "poolMint": "389WSabPTk1hZ6hC5uG3MEKsindmwCuNhdcHNdhCwXrG",
  "mintA": "9nEqaUcb16sQ3Tn1psbkWqyhPdLmfHWjKGymREjsAgTE",
  "mintB": "EPjFWdd5AufqSSqeM2qN1xzybapC8G4wEGGkZwyTDt1v",
  "authority": "GX4aaCa92gdbRxhTFUNVWLUbLD481xjj1r5ieuBZRmBM",
  "swapAccount": "BvizvYvmYyZBFdfhgSnZErNvrrXVZVfpCzvPob28YxmH",
  "provider": "cropper",
  "other": "EPjFWdd5AufqSSqeM2qN1xzybapC8G4wEGGkZwyTDt1v"
}