{
  "version": 1,
  "isInitialized": 1,
  "nonce": 254,
  "ammId": "C1qMf8ENhbzFj6Du3ZSPK9AYUXCd6KLeYypMvogTcwQN",
  "serumProgramId": "9xQeWvG816bUx9EPjHmaT23yvVM2ZWbrrpZb9PusVFin",
  "serumMarket": "HfjS66SzVEqFxAa8nSQnqHA7SnfygWqGTVz6LFS7q4zu",
  "tokenProgramId": "TokenkegQfeZyiNwAJbNbGKPFXCWuBvf9Ss623VQ5DA",
  "tokenAAccount": "F7GqehZ4VP1H6SyENQYDyddgxFSkEkbJNVCr3pcJdqJ9",
  "tokenBAccount": "CAaZxgN7vgT1SFCWr8dCj7N6QWkP3ERHSFFB6xPC8mup",
  "poolMint": "4YUWAnFjsrAQawUgnxG1v3boKRLpssZx294LoDki67K6",
  "mintA": "EkDf4Nt89x4Usnxkj4sGHX7sWxkmmpiBzA4qdDkgEN6b",
  "mintB": "EPjFWdd5AufqSSqeM2qN1xzybapC8G4wEGGkZwyTDt1v",
  "authority": "8qBAU7iR1wjUpxVsTh55N66MwdNWdTZEtXRipSUzFxAd",
  "swapAccount": "C1qMf8ENhbzFj6Du3ZSPK9AYUXCd6KLeYypMvogTcwQN",
  "provider": "cropper",
  "other": "EPjFWdd5AufqSSqeM2qN1xzybapC8G4wEGGkZwyTDt1v"
}