{
  "version": 1,
  "isInitialized": 1,
  "nonce": 252,
  "ammId": "CHTznCmdkFUYq8vw4V5fK6kfXPhnL9pgzoiAaDnLkhsm",
  "serumProgramId": "9xQeWvG816bUx9EPjHmaT23yvVM2ZWbrrpZb9PusVFin",
  "serumMarket": "3tvmcu3jWYih9pcpzz3GBvMUSwqdQ5S4smZBPWWscC7T",
  "tokenProgramId": "TokenkegQfeZyiNwAJbNbGKPFXCWuBvf9Ss623VQ5DA",
  "tokenAAccount": "EBghpDBeMwcLsG3emNPkMdFJj8JZyWVCamQoQW2De9xk",
  "tokenBAccount": "F9FJ4zpyKn8vbfbZjyFqJJGRzCdBBPwkKtdEVTx1wBJd",
  "poolMint": "FsAZn4KUQ7BeELdu7sqfDPn7g22vnNR4HcL4KQVzMBPh",
  "mintA": "DubwWZNWiNGMMeeQHPnMATNj77YZPZSAz2WVR5WjLJqz",
  "mintB": "Es9vMFrzaCERmJfrF4H2FYD4KCoNkY11McCe8BenwNYB",
  "authority": "AQ27Kuu2ZnHFP5VXYc2sTrvHuHT8s5BMbA4WyQFZmkMF",
  "swapAccount": "CHTznCmdkFUYq8vw4V5fK6kfXPhnL9pgzoiAaDnLkhsm",
  "provider": "cropper",
  "other": "DubwWZNWiNGMMeeQHPnMATNj77YZPZSAz2WVR5WjLJqz"
}