{
  "version": 1,
  "isInitialized": 1,
  "nonce": 254,
  "ammId": "CPkYuNfLBYQDmCYYBxkE2FZYWJ9Sf7VdzunWAAeB3S7W",
  "serumProgramId": "9xQeWvG816bUx9EPjHmaT23yvVM2ZWbrrpZb9PusVFin",
  "serumMarket": "aGyXAmV1QBESopcEgmr52qtaQ4DuEBg7WJARh1ojSPx",
  "tokenProgramId": "TokenkegQfeZyiNwAJbNbGKPFXCWuBvf9Ss623VQ5DA",
  "tokenAAccount": "FeLyAWsSPH1fJto3qKLyQnjCL2j8cVW786RrL3DGf9oY",
  "tokenBAccount": "CzoPGKj2k8WAgijGYfpYxiUJi9cfwcWHiYCit7KPaV5c",
  "poolMint": "RipYRLxYyDCHPyBnXfTswQha6WZBUAAVio3VuBQVQu6",
  "mintA": "AfARcLLqRHsZc4xPWHE9nXZAswZaW294Ff1xcYQbjkLq",
  "mintB": "EPjFWdd5AufqSSqeM2qN1xzybapC8G4wEGGkZwyTDt1v",
  "authority": "4t5ZchSY7i2Ui6txxprwZZ5sfRZ4bJnTutr5KLpio18N",
  "swapAccount": "CPkYuNfLBYQDmCYYBxkE2FZYWJ9Sf7VdzunWAAeB3S7W",
  "provider": "cropper",
  "other": "EPjFWdd5AufqSSqeM2qN1xzybapC8G4wEGGkZwyTDt1v"
}