{
  "version": 1,
  "isInitialized": 1,
  "nonce": 254,
  "ammId": "D3FP5fM5x7jZPsz6jdPxykLsvCTLPjR6afc6yYWR9KtC",
  "serumProgramId": "9xQeWvG816bUx9EPjHmaT23yvVM2ZWbrrpZb9PusVFin",
  "serumMarket": "6V6y6QFi17QZC9qNRpVp7SaPiHpCTp2skbRQkUyZZXPW",
  "tokenProgramId": "TokenkegQfeZyiNwAJbNbGKPFXCWuBvf9Ss623VQ5DA",
  "tokenAAccount": "9nL7B3trBbMadc3udUgtXVDWC5oHmVuLUA1HDNg4EcCR",
  "tokenBAccount": "9SHYxRLjHTuksNXmRMdxvEzML6Vz5soVKSr7GaMk9ziF",
  "poolMint": "DbgDEG9L9wEYsnDtpzrm8Kyw5RkiU8EGexJFUCSL6McV",
  "mintA": "BRLsMczKuaR5w9vSubF4j8HwEGGprVAyyVgS4EX7DKEg",
  "mintB": "EPjFWdd5AufqSSqeM2qN1xzybapC8G4wEGGkZwyTDt1v",
  "authority": "3o3dYSEqq4jnQ32bU97aimRepfyrYphcNt45cdGArXtH",
  "swapAccount": "D3FP5fM5x7jZPsz6jdPxykLsvCTLPjR6afc6yYWR9KtC",
  "provider": "cropper",
  "other": "EPjFWdd5AufqSSqeM2qN1xzybapC8G4wEGGkZwyTDt1v"
}