{
  "version": 1,
  "isInitialized": 1,
  "nonce": 255,
  "ammId": "Da8XbmainbC685fBrBNBPuDhWBa2UppSDFvqcvADsqaC",
  "serumProgramId": "9xQeWvG816bUx9EPjHmaT23yvVM2ZWbrrpZb9PusVFin",
  "serumMarket": "BeA8Jr7LeED8T8G6E2icuKaRXd9rt98dfpDFPJUxN7Ud",
  "tokenProgramId": "TokenkegQfeZyiNwAJbNbGKPFXCWuBvf9Ss623VQ5DA",
  "tokenAAccount": "GiULA6ntjySTcXyXugUes8E4HPwpqysfwiNj1MmZru6k",
  "tokenBAccount": "8ceVmVk9n6c7ZpEXUCNpTGnMBTniTgrLDNoxAJ97Gz6m",
  "poolMint": "fpj116v9vqsKykVsNrStxmZqjQ7vjGqGJsDqbkMFeBy",
  "mintA": "8BLiujyxu5gJajWBXoZQkwSsamdeHNKWQbu1ApAao8Ps",
  "mintB": "So11111111111111111111111111111111111111112",
  "authority": "GuFYzMeNkJv5EmwefFaXWVzvHXpnTxL1vyDEUS1mVe7u",
  "swapAccount": "Da8XbmainbC685fBrBNBPuDhWBa2UppSDFvqcvADsqaC",
  "provider": "cropper",
  "other": "So11111111111111111111111111111111111111112"
}