{
  "version": 1,
  "isInitialized": 1,
  "nonce": 255,
  "ammId": "DDcdtu7XtQkjerQ4odKpBR6kguqhz4WB8F1TaaTJDrk8",
  "serumProgramId": "9xQeWvG816bUx9EPjHmaT23yvVM2ZWbrrpZb9PusVFin",
  "serumMarket": "4VCnuHoo6A3XhQ9YrD6YZWQKVvLxVGzHTB2opNyQi7bz",
  "tokenProgramId": "TokenkegQfeZyiNwAJbNbGKPFXCWuBvf9Ss623VQ5DA",
  "tokenAAccount": "H5HBNgS1FyrGYWjXbjfQzYG2PpN4VcDDHxTj6XkcVxoj",
  "tokenBAccount": "FRqK65KZiyikNZRJD4H9PtgCk4iVFeHfTEjUxw9Yok6F",
  "poolMint": "T4Gy9p5q9rqw2KqdJhTaooKBnq4koXqzXcTfDEw3uea",
  "mintA": "7udMmYXh6cuWVY6qQVCd9b429wDVn2J71r5BdxHkQADY",
  "mintB": "EPjFWdd5AufqSSqeM2qN1xzybapC8G4wEGGkZwyTDt1v",
  "authority": "BjxvVbLPhWXC4Nrvb3mugGrMxrhcfEYLuki6SRXWjoMo",
  "swapAccount": "DDcdtu7XtQkjerQ4odKpBR6kguqhz4WB8F1TaaTJDrk8",
  "provider": "cropper",
  "other": "EPjFWdd5AufqSSqeM2qN1xzybapC8G4wEGGkZwyTDt1v"
}