{
  "version": 1,
  "isInitialized": 1,
  "nonce": 255,
  "ammId": "DdiEPkcK2sgeawYqfkuTah8bdZvAC2ZbzLCJPfrEZ72J",
  "serumProgramId": "9xQeWvG816bUx9EPjHmaT23yvVM2ZWbrrpZb9PusVFin",
  "serumMarket": "2HbCDH85DyVpn7fsC5Q1GzGSP8TfbNYSJzARE5sC3iCT",
  "tokenProgramId": "TokenkegQfeZyiNwAJbNbGKPFXCWuBvf9Ss623VQ5DA",
  "tokenAAccount": "JDrrc27sSMpHRgx9iST6QQSSVRtsewPKJUSVRXs36dox",
  "tokenBAccount": "EahHJ2ZyYuuZSFMuZFMswxtkKXUaZiVriihBKxEG7FjR",
  "poolMint": "69zsVuq3RA4ZSBqtyWdmcuvMYfYRTFKaKYp8xKX8djUW",
  "mintA": "5VQnKaTu522jRQyaawDNBKZjBa5SZoeetyDXEwocYxXN",
  "mintB": "EPjFWdd5AufqSSqeM2qN1xzybapC8G4wEGGkZwyTDt1v",
  "authority": "9ZWWrPhGsUoYe4SKjkhgnyWsiUFmv16RjPkSsgFb8zSQ",
  "swapAccount": "DdiEPkcK2sgeawYqfkuTah8bdZvAC2ZbzLCJPfrEZ72J",
  "provider": "cropper",
  "other": "EPjFWdd5AufqSSqeM2qN1xzybapC8G4wEGGkZwyTDt1v"
}