{
  "version": 1,
  "isInitialized": 1,
  "nonce": 255,
  "ammId": "EGbaXYDVNghg6QHv9cpT7PBK1dQik9gg4vDvANB6Efi8",
  "serumProgramId": "9xQeWvG816bUx9EPjHmaT23yvVM2ZWbrrpZb9PusVFin",
  "serumMarket": "HchZzqewgC4pfsJU9uxFsrP4sLDqLsDntYRzE5RgrBak",
  "tokenProgramId": "TokenkegQfeZyiNwAJbNbGKPFXCWuBvf9Ss623VQ5DA",
  "tokenAAccount": "8fEdArAuMR3b44WQK1UL1fDLB3kDK2N9whhDRP4sWP5v",
  "tokenBAccount": "9BnkuYqwYdrp7A8kV8V3uPRb21Kjihc7C8eg6jmMz1dm",
  "poolMint": "5CGnktbzR3xeyzmk29avbPnN23vCLSnjCXh9Wqvmo5r1",
  "mintA": "EWS2ATMt5fQk89NWLJYNRmGaNoji8MhFZkUB4DiWCCcz",
  "mintB": "EPjFWdd5AufqSSqeM2qN1xzybapC8G4wEGGkZwyTDt1v",
  "authority": "8pYy9iGLajdiUw6WVaxZnhyrHoQV9nRRWkdbtr6FcYB4",
  "swapAccount": "EGbaXYDVNghg6QHv9cpT7PBK1dQik9gg4vDvANB6Efi8",
  "provider": "cropper",
  "other": "EPjFWdd5AufqSSqeM2qN1xzybapC8G4wEGGkZwyTDt1v"
}