{
  "version": 1,
  "isInitialized": 1,
  "nonce": 252,
  "ammId": "EL6HSztoad62obVVDwma6KACGLa76ou25YdRq223XQ7t",
  "serumProgramId": "9xQeWvG816bUx9EPjHmaT23yvVM2ZWbrrpZb9PusVFin",
  "serumMarket": "DTEmm1nC7n8vb3KmVabT6dEEnSNeDXNu1jWN4u2DfD7Z",
  "tokenProgramId": "TokenkegQfeZyiNwAJbNbGKPFXCWuBvf9Ss623VQ5DA",
  "tokenAAccount": "7CrTDvxmtJ4ZecuHEKbgUnV7t5WXGr7m6S1M8CPfGd7R",
  "tokenBAccount": "CAjqhMToq86DJ9Amy5tVdTdpBB494NVxhEEu3ZPK6SZm",
  "poolMint": "5AHYsFrBTHZdHGgC8zh4UM1JnwEBeEd9Pp5awqxwgjH2",
  "mintA": "7puG5H5Mc6QpvaXjAVLr6GnL5hhUMnpLcUm8G3mEsgHQ",
  "mintB": "EPjFWdd5AufqSSqeM2qN1xzybapC8G4wEGGkZwyTDt1v",
  "authority": "556ZT18hDg5623o7EUrQwG1yp8NEykMc4Ae4DXcPqPDk",
  "swapAccount": "EL6HSztoad62obVVDwma6KACGLa76ou25YdRq223XQ7t",
  "provider": "cropper",
  "other": "EPjFWdd5AufqSSqeM2qN1xzybapC8G4wEGGkZwyTDt1v"
}