{
  "version": 1,
  "isInitialized": 1,
  "nonce": 255,
  "ammId": "Eo1PDwSE4hxHXyfMzLunwWwAk1WeuF3AYdzu2SkyokMW",
  "serumProgramId": "9xQeWvG816bUx9EPjHmaT23yvVM2ZWbrrpZb9PusVFin",
  "serumMarket": "5FdAUr2cjEren2GpkHPZAVjKxEebca1bdRLZFL6SYr6r",
  "tokenProgramId": "TokenkegQfeZyiNwAJbNbGKPFXCWuBvf9Ss623VQ5DA",
  "tokenAAccount": "9ZVAXWGJTzyvGwKEwoiE7J3ggQT1X7bYiVGPoskf9N56",
  "tokenBAccount": "5HohDejrRRArgrnnbX75giZ6ozfkEa36AGQgnoQZYAwx",
  "poolMint": "AorFnse73z1SXWCQpbfdWJMeHGL6HYJfXjAQFmFRLkhu",
  "mintA": "k5Ybbtmnd1eAtBZoTqB9uzd24bVPz8Aip5EGVCJXQCM",
  "mintB": "EPjFWdd5AufqSSqeM2qN1xzybapC8G4wEGGkZwyTDt1v",
  "authority": "DzHMsk2s21pVtuFDu95HBaVSv8JEwV5va5ad2fXFWD9R",
  "swapAccount": "Eo1PDwSE4hxHXyfMzLunwWwAk1WeuF3AYdzu2SkyokMW",
  "provider": "cropper",
  "other": "EPjFWdd5AufqSSqeM2qN1xzybapC8G4wEGGkZwyTDt1v"
}