{
  "version": 1,
  "isInitialized": 1,
  "nonce": 255,
  "ammId": "EsADF31UGMi8ATcU5pda2RghSR2yPe8emsUW7JqDx6a2",
  "serumProgramId": "9xQeWvG816bUx9EPjHmaT23yvVM2ZWbrrpZb9PusVFin",
  "serumMarket": "yzKcpbgRmwE5ULL72C4JPUZYQ2S8ZHRFJnrXgQrKyvB",
  "tokenProgramId": "TokenkegQfeZyiNwAJbNbGKPFXCWuBvf9Ss623VQ5DA",
  "tokenAAccount": "DmV5kVwtGHqpgMzNcLCshzVkpsZTbhWyLRyACvJSgnYg",
  "tokenBAccount": "Bjt4YopoMVHD4Bd2hoXWqEZdgwAJfriMdfwkruUkhrvj",
  "poolMint": "9jY6sYGU5eEs1cL6sv3jHJWxvLyYq5TvYErQFPCRTrHv",
  "mintA": "3in9a9yHtdjDFRjDyGTTpGUwJpT9zZBcyjQ8J7nqqNtq",
  "mintB": "EPjFWdd5AufqSSqeM2qN1xzybapC8G4wEGGkZwyTDt1v",
  "authority": "26oRssdV5bwuHiXA2fJHkUqrmLVRsUKrEVeKA1pxkdp1",
  "swapAccount": "EsADF31UGMi8ATcU5pda2RghSR2yPe8emsUW7JqDx6a2",
  "provider": "cropper",
  "other": "EPjFWdd5AufqSSqeM2qN1xzybapC8G4wEGGkZwyTDt1v"
}