{
  "version": 1,
  "isInitialized": 1,
  "nonce": 252,
  "ammId": "EZB6F1vN9yPavNvDcHFYbXyWJQoNU3VakpBf4x8yMJ6T",
  "serumProgramId": "9xQeWvG816bUx9EPjHmaT23yvVM2ZWbrrpZb9PusVFin",
  "serumMarket": "6f4rgrWZAHSgEMSmqshwtS8tyEwgEPcH7Z3YfM9L3jCz",
  "tokenProgramId": "TokenkegQfeZyiNwAJbNbGKPFXCWuBvf9Ss623VQ5DA",
  "tokenAAccount": "FCwMwgefDJrR1nLw9AwW4xBCprkCvHs9H82xM7BpFDA",
  "tokenBAccount": "8bYiAavJmJjTsJUfAfVAQSMrzgF8pHGcevihN8S44ney",
  "poolMint": "6tY672aRW5MLU5EetBEsYLMHe9BhssRMcthsix3byVSV",
  "mintA": "SGTdtpAiPU1Fg9a3DqUN1852V24sfo92ePEHpyqkrSN",
  "mintB": "EPjFWdd5AufqSSqeM2qN1xzybapC8G4wEGGkZwyTDt1v",
  "authority": "DcsyYRMPH8ox7KXPqkuPpGrjxpo8JS3Yz5wTQfCxiH7N",
  "swapAccount": "EZB6F1vN9yPavNvDcHFYbXyWJQoNU3VakpBf4x8yMJ6T",
  "provider": "cropper",
  "other": "EPjFWdd5AufqSSqeM2qN1xzybapC8G4wEGGkZwyTDt1v"
}