{
  "version": 1,
  "isInitialized": 1,
  "nonce": 250,
  "ammId": "FDye4hrjjANzMwcQ9UwEP5P71kms5NRgNSSkGoDdy3Kk",
  "serumProgramId": "9xQeWvG816bUx9EPjHmaT23yvVM2ZWbrrpZb9PusVFin",
  "serumMarket": "Etz9ryTvrz3p5bByNfaLwy1Bf95SC16uMwiynRsZRTdF",
  "tokenProgramId": "TokenkegQfeZyiNwAJbNbGKPFXCWuBvf9Ss623VQ5DA",
  "tokenAAccount": "32AK1PkaQMhC8P3FcXQA2MWAFWeS9rE9JnMe44UszC3T",
  "tokenBAccount": "GoGXzUWwMcmCk6JKMYzBKtaBZyQyz6Fd41P4RfmYbRFG",
  "poolMint": "FZrKrK7ivxkUy2fFb77STP4eTgPxmyshd91szd5hAgvi",
  "mintA": "WNZzxM1WqWFH8DpDZSqr6EoHKWXeMx9NLLd2R5RzGPA",
  "mintB": "EPjFWdd5AufqSSqeM2qN1xzybapC8G4wEGGkZwyTDt1v",
  "authority": "ACybmNspZpLfNU8Xw3F3zS8ZLvv2o3zJHeg6q47DXy1T",
  "swapAccount": "FDye4hrjjANzMwcQ9UwEP5P71kms5NRgNSSkGoDdy3Kk",
  "provider": "cropper",
  "other": "EPjFWdd5AufqSSqeM2qN1xzybapC8G4wEGGkZwyTDt1v"
}