{
  "version": 1,
  "isInitialized": 1,
  "nonce": 252,
  "ammId": "FEkhPZy2PAgdnk4Mh3miyZNdvLkaYfYsDQxSnL8mo7KV",
  "serumProgramId": "9xQeWvG816bUx9EPjHmaT23yvVM2ZWbrrpZb9PusVFin",
  "serumMarket": "Hc4YSWQMii3smLVRacH1JbPVH65ifBtoj4rGjVWKXmAs",
  "tokenProgramId": "TokenkegQfeZyiNwAJbNbGKPFXCWuBvf9Ss623VQ5DA",
  "tokenAAccount": "F8dDYDFDsZiZK1N8XkdZuVH3vDbf7NCWvaYzzfo935eU",
  "tokenBAccount": "nrBhjJrzTimicuk24MWmXCWy75PEcNfqcvi5BbQD5ET",
  "poolMint": "CwUZAnCDzhDaxykWoAhyJhRroKHncnjDitgis6jRACNk",
  "mintA": "9tzZzEHsKnwFL1A3DyFJwj36KnZj3gZ7g4srWp9YTEoh",
  "mintB": "EPjFWdd5AufqSSqeM2qN1xzybapC8G4wEGGkZwyTDt1v",
  "authority": "7UK9ceELQcQRVkNwhYa6JEPtbGBMqx28EiZA7abNrk2i",
  "swapAccount": "FEkhPZy2PAgdnk4Mh3miyZNdvLkaYfYsDQxSnL8mo7KV",
  "provider": "cropper",
  "other": "EPjFWdd5AufqSSqeM2qN1xzybapC8G4wEGGkZwyTDt1v"
}