{
  "version": 1,
  "isInitialized": 1,
  "nonce": 254,
  "ammId": "Fen4BnE2TbaNqkEGLWNAMeA56UZjqw6nzaS4LXdp9RWf",
  "serumProgramId": "9xQeWvG816bUx9EPjHmaT23yvVM2ZWbrrpZb9PusVFin",
  "serumMarket": "4rUG5qCdWB7AyrWBQuwC4SLTSDMoY95kB5vUL9WP8h4L",
  "tokenProgramId": "TokenkegQfeZyiNwAJbNbGKPFXCWuBvf9Ss623VQ5DA",
  "tokenAAccount": "ssnPNyhAXz8bMXXfkCwgEzCW7dMzUD6r5r379S5nCGU",
  "tokenBAccount": "8Bk7PFJrGuSNX3RvTyFt3cF95RHm5r5yvHHygyuZJy2V",
  "poolMint": "83GiNfh748ErQhUR8nu1pyMBogxkEGC5Vv2HHswpwazi",
  "mintA": "3mXx1bNiB5bhgwznk4eeqM9eoy6DU3CeCkm1LPabeoEh",
  "mintB": "EPjFWdd5AufqSSqeM2qN1xzybapC8G4wEGGkZwyTDt1v",
  "authority": "8HRG5h5BdJQU6L7gpgQbDA7auf1gRN3ab7S1oo68kXfQ",
  "swapAccount": "Fen4BnE2TbaNqkEGLWNAMeA56UZjqw6nzaS4LXdp9RWf",
  "provider": "cropper",
  "other": "EPjFWdd5AufqSSqeM2qN1xzybapC8G4wEGGkZwyTDt1v"
}