{
  "version": 1,
  "isInitialized": 1,
  "nonce": 253,
  "ammId": "FrsCwixanfVbnMcyitvpFQxhDxVL9YksMqX7VnV8fTrk",
  "serumProgramId": "9xQeWvG816bUx9EPjHmaT23yvVM2ZWbrrpZb9PusVFin",
  "serumMarket": "E3ZECNS3puKwgBvHDpPxCnrYA2GKYg4SBDPz3Wgpf9HA",
  "tokenProgramId": "TokenkegQfeZyiNwAJbNbGKPFXCWuBvf9Ss623VQ5DA",
  "tokenAAccount": "7BmrEigULd1qafrtpMqapiMXXtFGfZQPJ9KdFqe9btc5",
  "tokenBAccount": "FU5bdedD4HbTscjeYvNnsbu3EbKjtSozHyLuEjsnCBmi",
  "poolMint": "8LgGAuS7wWx3fUUT7zLNBRNgeDC6fDDRE5UAMuQB8FdC",
  "mintA": "GENZexWRRGNS2Ko5rEgGG1snRXpaa3CDDGYnhTSmE3kd",
  "mintB": "EPjFWdd5AufqSSqeM2qN1xzybapC8G4wEGGkZwyTDt1v",
  "authority": "9BqqHRwxjHFdrdnEL3jRoQmh4AreT4yXW3y4Uq3D3YM8",
  "swapAccount": "FrsCwixanfVbnMcyitvpFQxhDxVL9YksMqX7VnV8fTrk",
  "provider": "cropper",
  "other": "EPjFWdd5AufqSSqeM2qN1xzybapC8G4wEGGkZwyTDt1v"
}