{
  "version": 1,
  "isInitialized": 1,
  "nonce": 253,
  "ammId": "Fy2qJgTiz81eo2gunZHHP56i1aiGDbJyKC1q2dBpCZeq",
  "serumProgramId": "9xQeWvG816bUx9EPjHmaT23yvVM2ZWbrrpZb9PusVFin",
  "serumMarket": "9aruV2p8cRWxybx6wMsJwPFqeN7eQVPR74RrxdM3DNdu",
  "tokenProgramId": "TokenkegQfeZyiNwAJbNbGKPFXCWuBvf9Ss623VQ5DA",
  "tokenAAccount": "8NuKR6DAfpaZ14tf2ZaJTXPN924vDbMGCT6rDs8i3bpx",
  "tokenBAccount": "GBT57JSwpXkicnpJSxdh6uodo3dF8zCKURqvrFnKPGAx",
  "poolMint": "5LRHM9qWDPTEh1LomBy1rd3unb6LXx2Y21WU3RvhRg51",
  "mintA": "8ymi88q5DtmdNTn2sPRNFkvMkszMHuLJ1e3RVdWjPa3s",
  "mintB": "EPjFWdd5AufqSSqeM2qN1xzybapC8G4wEGGkZwyTDt1v",
  "authority": "zTazWFbR9GHSFNRNVgccpPCb3H1pEnsXa51MA5JupzQ",
  "swapAccount": "Fy2qJgTiz81eo2gunZHHP56i1aiGDbJyKC1q2dBpCZeq",
  "provider": "cropper",
  "other": "EPjFWdd5AufqSSqeM2qN1xzybapC8G4wEGGkZwyTDt1v"
}