{
  "version": 1,
  "isInitialized": 1,
  "nonce": 251,
  "ammId": "GEq2B8e7YmwaRhAZ35kjFgSqSsXT9FSC24s5VNqJTpF8",
  "serumProgramId": "9xQeWvG816bUx9EPjHmaT23yvVM2ZWbrrpZb9PusVFin",
  "serumMarket": "Hq2tZzrdNrMtDsdXeCf9CrN3aS3geJTEqtLRPyiYRZc",
  "tokenProgramId": "TokenkegQfeZyiNwAJbNbGKPFXCWuBvf9Ss623VQ5DA",
  "tokenAAccount": "4it5dEWNypTKiM7jwN6on8DDozroAehGSLw5E8CQ9du1",
  "tokenBAccount": "HkqH1FKRbNLmJSWp4rnkBkXbUfAXE3MMfcHaBn5CXkgt",
  "poolMint": "jb388Fw59QgHTYDUwK47AHsV8iLiS1tEyFk1kyXk5So",
  "mintA": "EYDEQW4xQzLqHcFwHTgGvpdjsa5EFn74KzuqLX5emjD2",
  "mintB": "EPjFWdd5AufqSSqeM2qN1xzybapC8G4wEGGkZwyTDt1v",
  "authority": "9eLNgqUhWoEoXcyjywFd4daQyHpcLqFmiUqY4rHTkkVq",
  "swapAccount": "GEq2B8e7YmwaRhAZ35kjFgSqSsXT9FSC24s5VNqJTpF8",
  "provider": "cropper",
  "other": "EPjFWdd5AufqSSqeM2qN1xzybapC8G4wEGGkZwyTDt1v"
}