{
  "version": 1,
  "isInitialized": 1,
  "nonce": 255,
  "ammId": "HUqHKPzCupZZutMeugdzYVJgtRRYAJqYM46eoVzRBny1",
  "serumProgramId": "9xQeWvG816bUx9EPjHmaT23yvVM2ZWbrrpZb9PusVFin",
  "serumMarket": "63PTn92SL43vSdNSbKRvPxhvNr2vzsoXT2aakz1JNpCb",
  "tokenProgramId": "TokenkegQfeZyiNwAJbNbGKPFXCWuBvf9Ss623VQ5DA",
  "tokenAAccount": "AHAhZ1wXVjKgvfpvxjLWidcV5emUtLncEUsk469PXKir",
  "tokenBAccount": "6Gf4UeTtD4fAmnvvVawg5AWg1yGhtVG8NftQ3NMcR6b2",
  "poolMint": "2QoRRs7mk1TtrcCVfuW6rmSbvowyZPTk5o1rrbeaedHs",
  "mintA": "AMzb4Tc7gDGHrsz1zUQzjtmQS2AXWuejveAKXKSpsoPU",
  "mintB": "EPjFWdd5AufqSSqeM2qN1xzybapC8G4wEGGkZwyTDt1v",
  "authority": "HGn5BQJcknVHYPJ4cSsGEbvyixcuUaSYAHKvAamcGySE",
  "swapAccount": "HUqHKPzCupZZutMeugdzYVJgtRRYAJqYM46eoVzRBny1",
  "provider": "cropper",
  "other": "EPjFWdd5AufqSSqeM2qN1xzybapC8G4wEGGkZwyTDt1v"
}