{
  "version": 1,
  "isInitialized": 1,
  "nonce": 253,
  "ammId": "HVM9ihoVGVoEMDDPpfx4kTw4bsyHSj8EBHAxAEgXsxnW",
  "serumProgramId": "9xQeWvG816bUx9EPjHmaT23yvVM2ZWbrrpZb9PusVFin",
  "serumMarket": "4M1uP9mYnbraCvw4JuiqFas63K1o74LeoJwpVDW3AAmG",
  "tokenProgramId": "TokenkegQfeZyiNwAJbNbGKPFXCWuBvf9Ss623VQ5DA",
  "tokenAAccount": "5B2Jtdbj8LKvv6JKMrdJ7qo6GBLVVXuXc2TaQdv7dsPs",
  "tokenBAccount": "3oqommAn3DLRJ3Fx7Avc4xawHUKLWg87KZ7zmHGvgtfn",
  "poolMint": "9TrnN1nRvPetRJgwtdbRrf7MX5eeCDbUyXk2aKw83mQK",
  "mintA": "EZF2sPJRe26e8iyXaCrmEefrGVBkqqNGv9UPGG9EnTQz",
  "mintB": "EPjFWdd5AufqSSqeM2qN1xzybapC8G4wEGGkZwyTDt1v",
  "authority": "HjEG1AFaffRoY954YQLYtpDtt5Du9TNm8wE8z7c6Mo47",
  "swapAccount": "HVM9ihoVGVoEMDDPpfx4kTw4bsyHSj8EBHAxAEgXsxnW",
  "provider": "cropper",
  "other": "EPjFWdd5AufqSSqeM2qN1xzybapC8G4wEGGkZwyTDt1v"
}