{
  "version": 1,
  "isInitialized": 1,
  "nonce": 255,
  "ammId": "HwrfoNne88DDPRyhJt4i3h89Zgd6LQ6DzvkS3tPei7V8",
  "serumProgramId": "9xQeWvG816bUx9EPjHmaT23yvVM2ZWbrrpZb9PusVFin",
  "serumMarket": "63PTn92SL43vSdNSbKRvPxhvNr2vzsoXT2aakz1JNpCb",
  "tokenProgramId": "TokenkegQfeZyiNwAJbNbGKPFXCWuBvf9Ss623VQ5DA",
  "tokenAAccount": "HsEKAUogQej9FdRRkBNnt1FfCkTzgfhN6iVsDpCkAfdv",
  "tokenBAccount": "6Kh8oeMr4Lfjog6MNS7kXF3GPJViR68mFqc54dzjto5s",
  "poolMint": "DCvHY1Do3gdCttENXxZbg5KeKF76LpYSjwCWp4WjbM6r",
  "mintA": "AMzb4Tc7gDGHrsz1zUQzjtmQS2AXWuejveAKXKSpsoPU",
  "mintB": "EPjFWdd5AufqSSqeM2qN1xzybapC8G4wEGGkZwyTDt1v",
  "authority": "64ToatLihscnPMcaaRrCggiYtdmeb4HHWGV6b9q2fo82",
  "swapAccount": "HwrfoNne88DDPRyhJt4i3h89Zgd6LQ6DzvkS3tPei7V8",
  "provider": "cropper",
  "other": "EPjFWdd5AufqSSqeM2qN1xzybapC8G4wEGGkZwyTDt1v"
}