{
  "version": 1,
  "isInitialized": 1,
  "nonce": 255,
  "ammId": "Hy8fyD1PPA9MpqYUJUZRuKRb7UVjaUGAmao8ARhbf3D5",
  "serumProgramId": "9xQeWvG816bUx9EPjHmaT23yvVM2ZWbrrpZb9PusVFin",
  "serumMarket": "3kuUc5eTZyi7qajuFfDMMUUkqreEkUKtxQbVCjdriKVz",
  "tokenProgramId": "TokenkegQfeZyiNwAJbNbGKPFXCWuBvf9Ss623VQ5DA",
  "tokenAAccount": "CXxwcJmmFDMnn12VwewZpHwEphgcZjxrjWh2r2CmYLag",
  "tokenBAccount": "9C2Si4jdFjogzGzLzVWkHpj1ZwHvqr2uioeNnA7g4Ysy",
  "poolMint": "4GspeaC15u8Zd6aDwhYpYZYrzMcAF1jroDH2Y8T4gmg9",
  "mintA": "9ae76zqD3cgzR9gvf5Thc2NN3ACF7rqqnrLqxNzgcre6",
  "mintB": "EPjFWdd5AufqSSqeM2qN1xzybapC8G4wEGGkZwyTDt1v",
  "authority": "4zjQdjDqMh3VxZU88T6L1AHBoLUd9Sjpjwf7anART4Z8",
  "swapAccount": "Hy8fyD1PPA9MpqYUJUZRuKRb7UVjaUGAmao8ARhbf3D5",
  "provider": "cropper",
  "other": "EPjFWdd5AufqSSqeM2qN1xzybapC8G4wEGGkZwyTDt1v"
}