{
  "version": 1,
  "isInitialized": 1,
  "nonce": 252,
  "ammId": "L66Cu3zRKjWxZAmD3DVVF9Ek3Ywg9yi32p9EmytNEam",
  "serumProgramId": "9xQeWvG816bUx9EPjHmaT23yvVM2ZWbrrpZb9PusVFin",
  "serumMarket": "9GgM6YwhdzmoY4VtVsrS3jcCx2NSRraCX1EPGvezukAz",
  "tokenProgramId": "TokenkegQfeZyiNwAJbNbGKPFXCWuBvf9Ss623VQ5DA",
  "tokenAAccount": "3v4bvU9U7UWqWKPhDR51dMBgS6zbNxHpjeRYwnDpDSiW",
  "tokenBAccount": "5FD35p5GFKjpT6ueruu2K6op6B4v5oZUTD9UuMiiFNek",
  "poolMint": "DpGrbHz2ZZFayBspSvmmLqsit3377yT9qu4WDr1roBTJ",
  "mintA": "EcFyPDjqpnyMvh1LhACtC6rrCZ41DMez7RZYocjhmUVS",
  "mintB": "Es9vMFrzaCERmJfrF4H2FYD4KCoNkY11McCe8BenwNYB",
  "authority": "5XT6gjbGK6uidExAFYvj3FTRQyYPA85iwc6n2iNCsdeH",
  "swapAccount": "L66Cu3zRKjWxZAmD3DVVF9Ek3Ywg9yi32p9EmytNEam",
  "provider": "cropper",
  "other": "EcFyPDjqpnyMvh1LhACtC6rrCZ41DMez7RZYocjhmUVS"
}