{
  "version": 1,
  "isInitialized": 1,
  "nonce": 255,
  "ammId": "mn3n91WW2eYHBtzBXqeUTLG9bzHXSk19Mf86hSPLNWq",
  "serumProgramId": "9xQeWvG816bUx9EPjHmaT23yvVM2ZWbrrpZb9PusVFin",
  "serumMarket": "5eFBFqATo93NZd1FGVFv59ewDPEqeGoEgFipB2kGmJVP",
  "tokenProgramId": "TokenkegQfeZyiNwAJbNbGKPFXCWuBvf9Ss623VQ5DA",
  "tokenAAccount": "66tyXtG1TEP42Tuy9ehAu2xDaUCAdma2n2NDiZhmwTVi",
  "tokenBAccount": "54bLRVfSstwJfgXhiMYF7MJqFsRXsnbzx93ccCPRUrFH",
  "poolMint": "DSksXkidG8e75q5LfqEPwKvN6wkpdBmEwAGUA55kggbn",
  "mintA": "FoxHUbcgZGU4ozFG8iH9tpivGPaHkxusvxSSuWTDNPEZ",
  "mintB": "So11111111111111111111111111111111111111112",
  "authority": "6LE3w8MkyCzCfioNyz2cJkwG4QvJXxtncRPbFk1F1SqK",
  "swapAccount": "mn3n91WW2eYHBtzBXqeUTLG9bzHXSk19Mf86hSPLNWq",
  "provider": "cropper",
  "other": "So11111111111111111111111111111111111111112"
}