{
  "version": 1,
  "isInitialized": 1,
  "nonce": 253,
  "ammId": "SdudatXP3z9ygV6NH3XZ6ig6HFfCqBetjDpoWxz5Bdm",
  "serumProgramId": "9xQeWvG816bUx9EPjHmaT23yvVM2ZWbrrpZb9PusVFin",
  "serumMarket": "FDvJeLH6tT1sFJWVtP9y8ygu5CqbiLGQgcRWbVTMpzs3",
  "tokenProgramId": "TokenkegQfeZyiNwAJbNbGKPFXCWuBvf9Ss623VQ5DA",
  "tokenAAccount": "GDY7PHLetea8CKVuQrEwSELsDWP82qqucHz8w7Tfzs3R",
  "tokenBAccount": "Bgoin92bFQWLcgDYq4tGDj9vG7eqsVqMvrkqZKdkytQG",
  "poolMint": "CK2WeYe9mMGvLTsPvvDf9SzZVJMiWsibir8bq53CgVa4",
  "mintA": "6bLp99VoqKU1C3Qp6VTNvSoCoc78jMGxPkGSSopq8wHB",
  "mintB": "EPjFWdd5AufqSSqeM2qN1xzybapC8G4wEGGkZwyTDt1v",
  "authority": "CS4DtqyWTBVHXeBeyRemHyq4Mo79yEDxRJGErjKhTMpA",
  "swapAccount": "SdudatXP3z9ygV6NH3XZ6ig6HFfCqBetjDpoWxz5Bdm",
  "provider": "cropper",
  "other": "EPjFWdd5AufqSSqeM2qN1xzybapC8G4wEGGkZwyTDt1v"
}