{
  "accountFlags": {
    "initialized": true,
    "market": true,
    "openOrders": false,
    "requestQueue": false,
    "eventQueue": false,
    "bids": false,
    "asks": false
  },
  "ownAddress": "257v7RXaV3gPBSzvMXQ63B4PAyJswtTXQogjb2jbk91p",
  "vaultSignerNonce": "01",
  "baseMint": "6kfKCfN6FKuGEEPrLXR5nYavM8MVj59VymNN1CpAfSw3",
  "quoteMint": "EPjFWdd5AufqSSqeM2qN1xzybapC8G4wEGGkZwyTDt1v",
  "baseVault": "7w6yXBqWqjV6wGFM6Mmrumuwa4XMnj1sEAG2pnF78ryK",
  "baseDepositsTotal": "00",
  "baseFeesAccrued": "00",
  "quoteVault": "EKDjvkZjcs2seMPFAAN381Vb7bdT2Vh9snLVhVr71RVK",
  "quoteDepositsTotal": "00",
  "quoteFeesAccrued": "00",
  "quoteDustThreshold": "64",
  "requestQueue": "2T5JXivJggcPE6Z5eRJ8rU17k2JjNGvNyzMi6GYT2qbe",
  "eventQueue": "9osiNTyUBuQoTJgTHgtNB9ccmoFRxgfNinomxxRuUdZG",
  "bids": "5FQ8jvxv2YFDNQPyzYgiDkpDZA5nCC947kfScaE7jCNo",
  "asks": "AeUKjoSEdidETQaXYzYMTqxSCUq15UczqqDh5bA2CEE1",
  "baseLotSize": "174876e800",
  "quoteLotSize": "0a",
  "feeRateBps": "00",
  "referrerRebatesAccrued": "00",
  "provider": "openbook",
  "other": "EPjFWdd5AufqSSqeM2qN1xzybapC8G4wEGGkZwyTDt1v",
  "baseScale": 9,
  "quoteScale": 6
}