{
  "accountFlags": {
    "initialized": true,
    "market": true,
    "openOrders": false,
    "requestQueue": false,
    "eventQueue": false,
    "bids": false,
    "asks": false
  },
  "ownAddress": "2AdaV97p6SfkuMQJdu8DHhBhmJe7oWdvbm52MJfYQmfA",
  "vaultSignerNonce": "00",
  "baseMint": "So11111111111111111111111111111111111111112",
  "quoteMint": "Es9vMFrzaCERmJfrF4H2FYD4KCoNkY11McCe8BenwNYB",
  "baseVault": "4zVFCGJVQhSvsJ625qTH4WKgvfPQpNpAVUfjpgCxbKh8",
  "baseDepositsTotal": "51184c3b00",
  "baseFeesAccrued": "00",
  "quoteVault": "9aoqhYjXBqWsTVCEjwtxrotx6sVPGVLmbpVSpSRzTv54",
  "quoteDepositsTotal": "0844294cd6",
  "quoteFeesAccrued": "0d8a6f13",
  "quoteDustThreshold": "01f4",
  "requestQueue": "CbCQxM2Ehmvwk8LkU3sPk8efjLMTJavRf8BAXs5KBHS1",
  "eventQueue": "9zw6ztEpHfcKccahzTKgPkQNYhJMPwL4iJJc8BAztNYY",
  "bids": "F4LnU7SarP7nLmGPnDHxnCqZ8gRwiFRgbo5seifyicfo",
  "asks": "BKgZNz8tqJFoZ9gEHKR6k33wBMeXKAaSWpW5zMhSRhr3",
  "baseLotSize": "05f5e100",
  "quoteLotSize": "64",
  "feeRateBps": "96",
  "referrerRebatesAccrued": "02b17b4b",
  "provider": "openbook",
  "other": "So11111111111111111111111111111111111111112",
  "baseScale": 9,
  "quoteScale": 6
}