{
  "accountFlags": {
    "initialized": true,
    "market": true,
    "openOrders": false,
    "requestQueue": false,
    "eventQueue": false,
    "bids": false,
    "asks": false
  },
  "ownAddress": "2D5EkB3JYiu5tNdmototMbzZ2icoJj9BhTRxn4WT9Hpw",
  "vaultSignerNonce": "00",
  "baseMint": "yPRTUpLDftNej7p6QofNYgRArRXsm6Mvkzohj4bh4WM",
  "quoteMint": "EPjFWdd5AufqSSqeM2qN1xzybapC8G4wEGGkZwyTDt1v",
  "baseVault": "ANDPBDRbz9Qrc9h53DqG5rSEpizotJH33g5ESGGDsYGN",
  "baseDepositsTotal": "1155825c9d40",
  "baseFeesAccrued": "00",
  "quoteVault": "5f4AX1eVLdSDKwv8aC7vE4AMb2p99rMbknCAgHgAQEV",
  "quoteDepositsTotal": "50a6aab7",
  "quoteFeesAccrued": "08576135",
  "quoteDustThreshold": "01f4",
  "requestQueue": "FkXpsEw9m9AJAdnJYyY5PtCRT5XwjKof3smtRCNZJZ1d",
  "eventQueue": "AeSQ3R6vG9q45L1yZBcCFdexF1RbsdoFUEkdjC28hECV",
  "bids": "HzNs8h1d5egtXpapQFhnqjomr5p4cXPX2TBi57p3uvBq",
  "asks": "HD58arYRDGifBkmiqqav2aLbLYdYxyw9C1WEcKoBMvq4",
  "baseLotSize": "0f4240",
  "quoteLotSize": "01",
  "feeRateBps": "96",
  "referrerRebatesAccrued": "07ae68a6",
  "provider": "openbook",
  "other": "EPjFWdd5AufqSSqeM2qN1xzybapC8G4wEGGkZwyTDt1v",
  "baseScale": 6,
  "quoteScale": 6
}