{
  "accountFlags": {
    "initialized": true,
    "market": true,
    "openOrders": false,
    "requestQueue": false,
    "eventQueue": false,
    "bids": false,
    "asks": false
  },
  "ownAddress": "3C1vi34RBt2FVBaoQZByvdou4BnDWxagfji7XfbUr8q2",
  "vaultSignerNonce": "02",
  "baseMint": "3GECTP7H4Tww3w8jEPJCJtXUtXxiZty31S9szs84CcwQ",
  "quoteMint": "EPjFWdd5AufqSSqeM2qN1xzybapC8G4wEGGkZwyTDt1v",
  "baseVault": "B2RtfSutAXep274TxfvG9zeN7svpeKU8H1Bx5cKC5Pqr",
  "baseDepositsTotal": "0f4240",
  "baseFeesAccrued": "00",
  "quoteVault": "6ykEka5J2dCjxVTTZnVS8GiTNKhqGuTRUhxrj3WPRb2W",
  "quoteDepositsTotal": "11f88660",
  "quoteFeesAccrued": "00",
  "quoteDustThreshold": "64",
  "requestQueue": "Ac1DtmjVCxwy8NmFvZep3y9G3QoEK3UC83wpBo7qwEYe",
  "eventQueue": "3jkJfKFztfBcJSJ4fHXp2qRUbRWiZx6zm5U1rzb8py7Y",
  "bids": "9SLgD6hE4iPV65WLNZujysKDJJXTjFtcuGTw9oMxAasH",
  "asks": "7io9pW384nYAmy9PS3CQPzcatHXBZkXofmyABXcqTtUq",
  "baseLotSize": "0f4240",
  "quoteLotSize": "03e8",
  "feeRateBps": "00",
  "referrerRebatesAccrued": "00",
  "provider": "openbook",
  "other": "EPjFWdd5AufqSSqeM2qN1xzybapC8G4wEGGkZwyTDt1v",
  "baseScale": 6,
  "quoteScale": 6
}