{
  "accountFlags": {
    "initialized": true,
    "market": true,
    "openOrders": false,
    "requestQueue": false,
    "eventQueue": false,
    "bids": false,
    "asks": false
  },
  "ownAddress": "3fGM8vSNBA28rKiEc1hMKX34kbrKmhM9qZjEyzdPFfM3",
  "vaultSignerNonce": "00",
  "baseMint": "poLisWXnNRwC6oBu1vHiuKQzFjGL4XDSu4g9qjz9qVk",
  "quoteMint": "ATLASXmbPQxBUYbxPsV97usA3fPQYEqzQBUHgiFCUsXx",
  "baseVault": "5cAyEd3PrSfd37rviAfrDdg5Gg3cCmmGD4MdfLHk7Mxj",
  "baseDepositsTotal": "00",
  "baseFeesAccrued": "00",
  "quoteVault": "At2ryMNZUYf6L3FNZRsimtB9Yt2u86S1cigqtNp7KMiQ",
  "quoteDepositsTotal": "421d3edaa0",
  "quoteFeesAccrued": "05",
  "quoteDustThreshold": "64",
  "requestQueue": "CKi3KE6paaZZhK6NRd1ARPZJVBDrWHVNAx5Hu9EzfATL",
  "eventQueue": "6YeriiWAvGBCbwXXTrN7Q7KfdHWjhzCCfNuBkZtSSaAr",
  "bids": "ve8LcdhiLzub19ksJkho6mWVsDkoCrMEzkEqESWRjd3",
  "asks": "9m3PHxYUHW54Me9XkQX1eqd2RuKTYYjCVtVhFnqoow37",
  "baseLotSize": "05f5e100",
  "quoteLotSize": "2710",
  "feeRateBps": "00",
  "referrerRebatesAccrued": "77002c20",
  "provider": "openbook",
  "other": "ATLASXmbPQxBUYbxPsV97usA3fPQYEqzQBUHgiFCUsXx",
  "baseScale": 8,
  "quoteScale": 8
}