{
  "accountFlags": {
    "initialized": true,
    "market": true,
    "openOrders": false,
    "requestQueue": false,
    "eventQueue": false,
    "bids": false,
    "asks": false
  },
  "ownAddress": "3ob44r5ZAvxEmL5CJK7QfEGLcY1xUAvDnVAc8MTbh243",
  "vaultSignerNonce": "01",
  "baseMint": "H5gczCNbrtso6BqGKihF97RaWaxpUEZnFuFUKK4YX3s2",
  "quoteMint": "EPjFWdd5AufqSSqeM2qN1xzybapC8G4wEGGkZwyTDt1v",
  "baseVault": "Fr4Sc75KfJhN54AP1C5S2FoxAybnNppmCV7LCusrhfy8",
  "baseDepositsTotal": "00",
  "baseFeesAccrued": "00",
  "quoteVault": "Ekbxjvkbh7x7NeHKwkwKKqw5o6KBjQ4TYo1wu3HcgzHc",
  "quoteDepositsTotal": "00",
  "quoteFeesAccrued": "00",
  "quoteDustThreshold": "64",
  "requestQueue": "GPSzFJs94TeLb2qVbjQ6mibLxmGXFPTDkydk33bihvnJ",
  "eventQueue": "mPD65f3MTQXfLPanYhVTYQHg4gsnwPPGw9GvgX3f4Wc",
  "bids": "5e7ZMCGTAn3bqnt2z39knYNnbNR9anBt6XfrCFUa67Dd",
  "asks": "5meVUSvY1umAmJSPPJGoFDoNeUxucP2VsJFvxiwEsN37",
  "baseLotSize": "ee6b2800",
  "quoteLotSize": "01312d00",
  "feeRateBps": "00",
  "referrerRebatesAccrued": "00",
  "provider": "openbook",
  "other": "EPjFWdd5AufqSSqeM2qN1xzybapC8G4wEGGkZwyTDt1v",
  "baseScale": 9,
  "quoteScale": 6
}