{
  "accountFlags": {
    "initialized": true,
    "market": true,
    "openOrders": false,
    "requestQueue": false,
    "eventQueue": false,
    "bids": false,
    "asks": false
  },
  "ownAddress": "3RmDYyR1pNJRkqA2hEPhLAmd8vrmtLdNSiDyDZwA5xvZ",
  "vaultSignerNonce": "00",
  "baseMint": "9tzZzEHsKnwFL1A3DyFJwj36KnZj3gZ7g4srWp9YTEoh",
  "quoteMint": "EPjFWdd5AufqSSqeM2qN1xzybapC8G4wEGGkZwyTDt1v",
  "baseVault": "9a6PWMjsDCkCucqxk59dsvyWZvrGHjhkvs6p6L1VpSNU",
  "baseDepositsTotal": "00",
  "baseFeesAccrued": "00",
  "quoteVault": "CGDsgEtSP4n66btxrgMfMxBehTSP3CeLQJS48eoBSNzq",
  "quoteDepositsTotal": "00",
  "quoteFeesAccrued": "00",
  "quoteDustThreshold": "64",
  "requestQueue": "9oRDfsGpJ2ZFFc4GT3TKSZKEWp5GspGe1gFSyfwxTcyt",
  "eventQueue": "3WmqMLykVz5Z9vt9kHT3vCcT8ETuAedEhTRcb77tf5wS",
  "bids": "DG5ba3j1TDfWpLhCtTiXi1kvTN1LxAewEqgyZNCWC2j9",
  "asks": "HfGUNy4LthHFiVtYKuGCdzn4xeWaLdVeusJDy25QUvD2",
  "baseLotSize": "0186a0",
  "quoteLotSize": "00",
  "feeRateBps": "00",
  "referrerRebatesAccrued": "00",
  "provider": "openbook",
  "other": "EPjFWdd5AufqSSqeM2qN1xzybapC8G4wEGGkZwyTDt1v",
  "baseScale": 6,
  "quoteScale": 6
}