{
  "accountFlags": {
    "initialized": true,
    "market": true,
    "openOrders": false,
    "requestQueue": false,
    "eventQueue": false,
    "bids": false,
    "asks": false
  },
  "ownAddress": "3rUkr9kKLkFpp75fVUkP66ZibSKsqVVJbLTjEiMvSYRq",
  "vaultSignerNonce": "04",
  "baseMint": "xLfNTYy76B8Tiix3hA51Jyvc1kMSFV4sPdR7szTZsRu",
  "quoteMint": "EPjFWdd5AufqSSqeM2qN1xzybapC8G4wEGGkZwyTDt1v",
  "baseVault": "BtVz2KFAyyyLbY8gF97kXhZQuPv6AC9Ha4osETwLpH1m",
  "baseDepositsTotal": "00",
  "baseFeesAccrued": "00",
  "quoteVault": "4FaXgb9uWUD5XDgmk33b4k3YowTFHDiyugwJ1jFk4EQT",
  "quoteDepositsTotal": "00",
  "quoteFeesAccrued": "00",
  "quoteDustThreshold": "01f4",
  "requestQueue": "CeAJ1i93KGXBsAqaX72o4HHSTJeu4nv3G5tRX11NZ9gr",
  "eventQueue": "63iVidaCa6nYT2GCvvZ9svjYGjQPCwdEaEqEgot94xoW",
  "bids": "CYe7C8D7DVUkJZco7mv9wvqSXycCbMYo9AZLiyJhoA25",
  "asks": "4i9RcmoXYDu6dXyWdKf5u5WYpWGjcDr9KzebZA4mDR2a",
  "baseLotSize": "05f5e100",
  "quoteLotSize": "e8d4a51000",
  "feeRateBps": "96",
  "referrerRebatesAccrued": "00",
  "provider": "openbook",
  "other": "EPjFWdd5AufqSSqeM2qN1xzybapC8G4wEGGkZwyTDt1v",
  "baseScale": 6,
  "quoteScale": 6
}