{
  "accountFlags": {
    "initialized": true,
    "market": true,
    "openOrders": false,
    "requestQueue": false,
    "eventQueue": false,
    "bids": false,
    "asks": false
  },
  "ownAddress": "3sfJh5A1fkGo6tnKbUtZ22w5q4Y1wbnmcupKJMagrayy",
  "vaultSignerNonce": "01",
  "baseMint": "4k3Dyjzvzp8eMZWUXbBCjEvwSkkk59S5iCNLY3QrkX6R",
  "quoteMint": "So11111111111111111111111111111111111111112",
  "baseVault": "CKHE1ME1CCky4rLgNdHbSjwKcFBiiTChemPSfdyw2vPC",
  "baseDepositsTotal": "00",
  "baseFeesAccrued": "00",
  "quoteVault": "FmLLEwmNWWxNhwtFbrk1JGgjaczANSXQdT8jMiGwqnMs",
  "quoteDepositsTotal": "00",
  "quoteFeesAccrued": "00",
  "quoteDustThreshold": "64",
  "requestQueue": "1rEnjTMxZPc273fWkvAbcrqyB7TKXJcsAQX8e8HXE4Z",
  "eventQueue": "CdfGQoc4GZPfoTW3KR82Adpg9VjUiv3HZ44BXaPqcH89",
  "bids": "GTtYDWX1kGukvtLXGpN24ouuuggbsSQZBWAhveou1KxN",
  "asks": "9YKat6xX3YDxrr4EJe6mCzvnAh2pJRrqarxokDGk1XpP",
  "baseLotSize": "0a",
  "quoteLotSize": "01",
  "feeRateBps": "00",
  "referrerRebatesAccrued": "00",
  "provider": "openbook",
  "other": "So11111111111111111111111111111111111111112",
  "baseScale": 6,
  "quoteScale": 9
}