{
  "accountFlags": {
    "initialized": true,
    "market": true,
    "openOrders": false,
    "requestQueue": false,
    "eventQueue": false,
    "bids": false,
    "asks": false
  },
  "ownAddress": "3V6AS164iAf7SyY1hmjuhGZK74w514WUgdZSwiKbdLcA",
  "vaultSignerNonce": "00",
  "baseMint": "EpnJLu5oc1UWG25jNvSzuezz1ENrxbDnLg1wQDC7Hfbw",
  "quoteMint": "So11111111111111111111111111111111111111112",
  "baseVault": "3BFefx6ge7r4su7V2qJuYV5Aeqcjk77gma7D4EXDj7Wd",
  "baseDepositsTotal": "23010388",
  "baseFeesAccrued": "00",
  "quoteVault": "9qx1dSPbaScYbfAY1oPwfnHQQr57mp9u2VQy3x6ffav5",
  "quoteDepositsTotal": "00",
  "quoteFeesAccrued": "00",
  "quoteDustThreshold": "64",
  "requestQueue": "JBGzdePkK1WwvGP7DwpddSE3dYAavo8sGvW1DPUTHM3U",
  "eventQueue": "Bi4vpDv2jqnJm91CND9ZkPu8bouwXmfapGsiuXhPTUNf",
  "bids": "CyFCL814G4qNAXS7t1RezV5GypK6EEErHj8vh7AdySpZ",
  "asks": "CvfMTqtbbJrshR4EvuXPzBSqxHXLvDV8jKNRfXF2YBwV",
  "baseLotSize": "03e8",
  "quoteLotSize": "03e8",
  "feeRateBps": "00",
  "referrerRebatesAccrued": "00",
  "provider": "openbook",
  "other": "So11111111111111111111111111111111111111112",
  "baseScale": 2,
  "quoteScale": 9
}