{
  "accountFlags": {
    "initialized": true,
    "market": true,
    "openOrders": false,
    "requestQueue": false,
    "eventQueue": false,
    "bids": false,
    "asks": false
  },
  "ownAddress": "3vtRgLDesutQdwotnoUuSMuKKj8YJAE85s938mGKfxXZ",
  "vaultSignerNonce": "02",
  "baseMint": "5oVNBeEEQvYi1cX3ir8Dx5n1P7pdxydbGF2X4TxVusJm",
  "quoteMint": "EPjFWdd5AufqSSqeM2qN1xzybapC8G4wEGGkZwyTDt1v",
  "baseVault": "8kuniz8SZtwnXf39z5USNNsFeLGB3d6A9iNgbwLvks7L",
  "baseDepositsTotal": "1298be00",
  "baseFeesAccrued": "00",
  "quoteVault": "ESH9W66Ca8HoVNPFdbHCUucLuCKGhvp8rSfWpkRVHYZd",
  "quoteDepositsTotal": "2a36d052",
  "quoteFeesAccrued": "0f2e4b2b",
  "quoteDustThreshold": "01f4",
  "requestQueue": "GvznMjULtpBMMWeXXiwJRrPD5d4bp4CxCMz935QMUd8d",
  "eventQueue": "8fbVvWSwvRoeHBfveUbcyATVMEuuMLGC3bemSA7DiTmh",
  "bids": "o9yRjtGyuujgUyhyRmdqLuy2sh4ctJN1HudFCPJpoHr",
  "asks": "Ceww8n24eJatP7cD4tA98pEGaz4KHJURg6iiWKkAyRWA",
  "baseLotSize": "0f4240",
  "quoteLotSize": "01",
  "feeRateBps": "96",
  "referrerRebatesAccrued": "02aec066",
  "provider": "openbook",
  "other": "EPjFWdd5AufqSSqeM2qN1xzybapC8G4wEGGkZwyTDt1v",
  "baseScale": 9,
  "quoteScale": 6
}