{
  "accountFlags": {
    "initialized": true,
    "market": true,
    "openOrders": false,
    "requestQueue": false,
    "eventQueue": false,
    "bids": false,
    "asks": false
  },
  "ownAddress": "4JGMRnbJY6cLTwptAtCiP7YotNWkHJcriJKfwM6VwXpm",
  "vaultSignerNonce": "00",
  "baseMint": "SHDWyBxihqiCj6YekG2GUr7wqKLeLAMK1gHZck9pL6y",
  "quoteMint": "EPjFWdd5AufqSSqeM2qN1xzybapC8G4wEGGkZwyTDt1v",
  "baseVault": "7oE5esWGTaACyNpVioPNJEHffJrjdMw3KXkCvc3FiN7H",
  "baseDepositsTotal": "033d9f453000",
  "baseFeesAccrued": "00",
  "quoteVault": "9jmk56RZhE3NkteyAvtEtgfBk6W68LM92gENY9Kzo34",
  "quoteDepositsTotal": "2983d599",
  "quoteFeesAccrued": "013610",
  "quoteDustThreshold": "01f4",
  "requestQueue": "AEmZnXGGMDRy7uRSrj2iiNket81n5w7bFebNW9QcaMJ2",
  "eventQueue": "DY9BNKq1Nms1RQqMHChnXs49tCksstSdcW4eHwcrNJ95",
  "bids": "2yWy9q4Ls6ckWPSY6FmQECwZQLdie368ys4b8G2q4JCU",
  "asks": "EHC4tLqJsoLcbrXdRLrezX2caB6rujacEXjkLXhr8xKf",
  "baseLotSize": "05f5e100",
  "quoteLotSize": "0a",
  "feeRateBps": "96",
  "referrerRebatesAccrued": "053960",
  "provider": "openbook",
  "other": "EPjFWdd5AufqSSqeM2qN1xzybapC8G4wEGGkZwyTDt1v",
  "baseScale": 9,
  "quoteScale": 6
}