{
  "accountFlags": {
    "initialized": true,
    "market": true,
    "openOrders": false,
    "requestQueue": false,
    "eventQueue": false,
    "bids": false,
    "asks": false
  },
  "ownAddress": "4MnDNLsKgVTqdpFxttiUjgpgg9t5JsDAhW7HsvHjmxjE",
  "vaultSignerNonce": "03",
  "baseMint": "9nEqaUcb16sQ3Tn1psbkWqyhPdLmfHWjKGymREjsAgTE",
  "quoteMint": "EPjFWdd5AufqSSqeM2qN1xzybapC8G4wEGGkZwyTDt1v",
  "baseVault": "DDPnPhrbtK3ZsmBB5fPGviNwT6LHGieB3NJWAvhwz5ge",
  "baseDepositsTotal": "00",
  "baseFeesAccrued": "00",
  "quoteVault": "7cnkxBxYQSxXLyy9Zu2FW9t9ny6phtVA27H8c9pUoBuW",
  "quoteDepositsTotal": "00",
  "quoteFeesAccrued": "00",
  "quoteDustThreshold": "01f4",
  "requestQueue": "BGFYePD3F2MrwComS61WWQmUS6B22Cf6ZZ8kDn4K8ZkV",
  "eventQueue": "EGDbhboGoJnw1nTw48yvAE3aiJV7nqdbqviVUZjhEYz",
  "bids": "EdkUFNNRHmatTw6ym3Hz7bHvs2STYh22HM1rvpYxv6m2",
  "asks": "D9nBNjSm7WXUAg9tRWviPq339QashbaPksBDx5BoYTEL",
  "baseLotSize": "989680",
  "quoteLotSize": "09184e72a000",
  "feeRateBps": "96",
  "referrerRebatesAccrued": "00",
  "provider": "openbook",
  "other": "EPjFWdd5AufqSSqeM2qN1xzybapC8G4wEGGkZwyTDt1v",
  "baseScale": 6,
  "quoteScale": 6
}