{
  "accountFlags": {
    "initialized": true,
    "market": true,
    "openOrders": false,
    "requestQueue": false,
    "eventQueue": false,
    "bids": false,
    "asks": false
  },
  "ownAddress": "4mpA41oqnUzBC3Pe238hhCASdHqUSRZ2XzGSGvD6DDd5",
  "vaultSignerNonce": "03",
  "baseMint": "inuXXDC6Tw1Fu6qUAfRbELG5x5pSA4afTskf7MvwjhN",
  "quoteMint": "EPjFWdd5AufqSSqeM2qN1xzybapC8G4wEGGkZwyTDt1v",
  "baseVault": "88Da7TcD4fyYUM8SS5S18PYdbb6LZbFUWHyo5nfhFDW3",
  "baseDepositsTotal": "5826d5dc8300",
  "baseFeesAccrued": "00",
  "quoteVault": "Hw7DbQ9VTzRghBFfPv2gzFmBnn6BUcpfQuTHTtNwh29",
  "quoteDepositsTotal": "c72275",
  "quoteFeesAccrued": "023c",
  "quoteDustThreshold": "64",
  "requestQueue": "EuRAeHpQW3MtTxCs9VGHPPTT1tFyE8X9nUeGFau4xDwR",
  "eventQueue": "2wvNwuwZMp2h9Jwbt4bN7pDyp8rK9JFXGUd7iRHLicdC",
  "bids": "7T5GLNHzYKpwvXypMgH5fuSgtbryMGxUjgc7oLpNFyev",
  "asks": "8wSDkpkER52KQxSoMPB7a8cHmFrJseSEkuBrgCCDwMYs",
  "baseLotSize": "989680",
  "quoteLotSize": "01",
  "feeRateBps": "00",
  "referrerRebatesAccrued": "1ae5",
  "provider": "openbook",
  "other": "EPjFWdd5AufqSSqeM2qN1xzybapC8G4wEGGkZwyTDt1v",
  "baseScale": 5,
  "quoteScale": 6
}