{
  "accountFlags": {
    "initialized": true,
    "market": true,
    "openOrders": false,
    "requestQueue": false,
    "eventQueue": false,
    "bids": false,
    "asks": false
  },
  "ownAddress": "4rUBv5fNYzkC2n53hBNtDqbHjifKzZBThoWmtyYPjvBN",
  "vaultSignerNonce": "02",
  "baseMint": "kinXdEcpDQeHPEuQnqmUgtYykqKGVFq6CeVX5iAHJq6",
  "quoteMint": "So11111111111111111111111111111111111111112",
  "baseVault": "Cqsztz4juy5y43sPR2CnrtadFwVyGJCAUdgo1WSvrQdd",
  "baseDepositsTotal": "024e160300",
  "baseFeesAccrued": "00",
  "quoteVault": "HJMCX7udYREmd6w1GwUXPSwEDvgwQUaETKmHJ5iFNoza",
  "quoteDepositsTotal": "00",
  "quoteFeesAccrued": "01",
  "quoteDustThreshold": "64",
  "requestQueue": "5pcpk6qUpgLAcnwt68yfodPGsoBKRVMUiGVrqmmzaFLp",
  "eventQueue": "hGaiSY2CvpCptJETbHkbU1qUkesFD1RkkbqFmW1pfob",
  "bids": "4Fp8t14c3VfmazaeSMaXbCKNNFeqzudmo8MMouQLkSGp",
  "asks": "J12ReUxZ6nEZrbHoxqM4QZyrT24YbkziGwmB1YTfAwB8",
  "baseLotSize": "0186a0",
  "quoteLotSize": "03e8",
  "feeRateBps": "00",
  "referrerRebatesAccrued": "07d0",
  "provider": "openbook",
  "other": "So11111111111111111111111111111111111111112",
  "baseScale": 5,
  "quoteScale": 9
}