{
  "accountFlags": {
    "initialized": true,
    "market": true,
    "openOrders": false,
    "requestQueue": false,
    "eventQueue": false,
    "bids": false,
    "asks": false
  },
  "ownAddress": "4WeAXG1V8QTtt3T9ao6LkQa8m1AuwRcY8YLvVcabiuby",
  "vaultSignerNonce": "00",
  "baseMint": "kinXdEcpDQeHPEuQnqmUgtYykqKGVFq6CeVX5iAHJq6",
  "quoteMint": "EPjFWdd5AufqSSqeM2qN1xzybapC8G4wEGGkZwyTDt1v",
  "baseVault": "C9HLN7oM4z3DQPcttJH1sDBRvQiBGKzVDPnqAkqnsQTV",
  "baseDepositsTotal": "3b9aca00",
  "baseFeesAccrued": "00",
  "quoteVault": "EPz2oDS6w2fDpdgkC2WHXFU2Y9AQWVC5FBYbNBDFPXWp",
  "quoteDepositsTotal": "00",
  "quoteFeesAccrued": "00",
  "quoteDustThreshold": "64",
  "requestQueue": "BZ61naNZevDeZaE5FckjAPvTKV5urWy8ce45kgbnPnsE",
  "eventQueue": "76cgW43USeAcRHzGBAEhR9UMuxttfuaYVaPS2DPvXiSY",
  "bids": "AvQX2GZ7e6zhDwFfGrKeE6gDKnVLoP3TBWMaQ59zRvyw",
  "asks": "AncbcHCaXjEhVxw7e189beoAa5bN5rzPBC8WpYgkHYWk",
  "baseLotSize": "3b9aca00",
  "quoteLotSize": "0a",
  "feeRateBps": "00",
  "referrerRebatesAccrued": "00",
  "provider": "openbook",
  "other": "EPjFWdd5AufqSSqeM2qN1xzybapC8G4wEGGkZwyTDt1v",
  "baseScale": 5,
  "quoteScale": 6
}