{
  "accountFlags": {
    "initialized": true,
    "market": true,
    "openOrders": false,
    "requestQueue": false,
    "eventQueue": false,
    "bids": false,
    "asks": false
  },
  "ownAddress": "53gEnXebaHd15PK52WdpRdxWgPzpRZWkXKpnsdFazV9D",
  "vaultSignerNonce": "07",
  "baseMint": "DezXAZ8z7PnrnRJjz3wXBoRgixCa6xjnB7YaB1pPB263",
  "quoteMint": "EPjFWdd5AufqSSqeM2qN1xzybapC8G4wEGGkZwyTDt1v",
  "baseVault": "9h6jQ3CXg1KeKB7ugjfN2uDadZcsqc62w1BJapic6WgS",
  "baseDepositsTotal": "00",
  "baseFeesAccrued": "00",
  "quoteVault": "62EkNH1Ums6gZdy7F7pE7F2BvjQcirbY761qvNSNyUY3",
  "quoteDepositsTotal": "00",
  "quoteFeesAccrued": "00",
  "quoteDustThreshold": "01f4",
  "requestQueue": "5k6MwqWf7GyXkke3NdZHnFpAPgJi2aejSjcxdXFY1ywe",
  "eventQueue": "7JGm481MUc9nD1cApuHhGoFRZCbxzMtiGCBz5YAoqmiw",
  "bids": "6H9u6kV6nquRHFuF8Wg3uc8nBuSfb9TcCgAVqM6CaLNR",
  "asks": "GRTTqivKxiCbgrC8kJhqzuLbxHEsouafj6wp6CRXZrKZ",
  "baseLotSize": "00",
  "quoteLotSize": "00",
  "feeRateBps": "96",
  "referrerRebatesAccrued": "00",
  "provider": "openbook",
  "other": "EPjFWdd5AufqSSqeM2qN1xzybapC8G4wEGGkZwyTDt1v",
  "baseScale": 5,
  "quoteScale": 6
}