{
  "accountFlags": {
    "initialized": true,
    "market": true,
    "openOrders": false,
    "requestQueue": false,
    "eventQueue": false,
    "bids": false,
    "asks": false
  },
  "ownAddress": "56ZNe9c73XrizrXXqzPd9xdjNPGpxsWbiV4RszFKfBL8",
  "vaultSignerNonce": "02",
  "baseMint": "4k3Dyjzvzp8eMZWUXbBCjEvwSkkk59S5iCNLY3QrkX6R",
  "quoteMint": "EPjFWdd5AufqSSqeM2qN1xzybapC8G4wEGGkZwyTDt1v",
  "baseVault": "FqSkpSQ2Qhp6RVDTRiKorkXTVX26q5w5HWFKKptRP7V8",
  "baseDepositsTotal": "057bcf00",
  "baseFeesAccrued": "00",
  "quoteVault": "AdmxraJaHAZy13XLVn5XtaoB8ZStMknVP87kX8UrNabE",
  "quoteDepositsTotal": "021f36b1",
  "quoteFeesAccrued": "05",
  "quoteDustThreshold": "64",
  "requestQueue": "95fq8RkygNtS63QdkJKKvuuPUmCDrba2hfJvavvaXjPp",
  "eventQueue": "2CoBP2rr5HmjMdPC4nMwnYg1cdH9JPUuqbq2QGSMGfms",
  "bids": "7Pp14MvHgj3wxCM7twjMeHLqfVDNcGhYVSNvunZZ7g9Q",
  "asks": "2yuDUDJ6KxxkV1dh52pjjZPxAfyja61xagK4o1NEfgkU",
  "baseLotSize": "0f4240",
  "quoteLotSize": "2710",
  "feeRateBps": "00",
  "referrerRebatesAccrued": "04dc",
  "provider": "openbook",
  "other": "EPjFWdd5AufqSSqeM2qN1xzybapC8G4wEGGkZwyTDt1v",
  "baseScale": 6,
  "quoteScale": 6
}