{
  "accountFlags": {
    "initialized": true,
    "market": true,
    "openOrders": false,
    "requestQueue": false,
    "eventQueue": false,
    "bids": false,
    "asks": false
  },
  "ownAddress": "5Bbi2ctQPRyGtMyKxeQqLihgVx8ERjedKk49W5vRnux1",
  "vaultSignerNonce": "07",
  "baseMint": "So11111111111111111111111111111111111111112",
  "quoteMint": "DezXAZ8z7PnrnRJjz3wXBoRgixCa6xjnB7YaB1pPB263",
  "baseVault": "71d4tKG12Z5b23REjgngGMFiVpa4WFfzRYEha9tL2XFo",
  "baseDepositsTotal": "00",
  "baseFeesAccrued": "00",
  "quoteVault": "EqWGX6ajK9nsKHKXusoenxNJiuRJkSLpjCb8knzg2Abi",
  "quoteDepositsTotal": "00",
  "quoteFeesAccrued": "00",
  "quoteDustThreshold": "64",
  "requestQueue": "3WZybTdGbHJfwwT4Mv2fyNrstfeFwU3bkNbUqtnw3YH6",
  "eventQueue": "ES5Y4HACggzRYqaWqtGD1rF2kj9BA154hDJmzwr5LUpz",
  "bids": "E12pXR4HXZMwGRhudGEhWuzfuMnixezx3T3twfSwVykt",
  "asks": "HfbAJpm3DBnH46jx1KwYaqFnd47dxgo5uZmnR9gyCWvW",
  "baseLotSize": "09184e72a000",
  "quoteLotSize": "01",
  "feeRateBps": "00",
  "referrerRebatesAccrued": "00",
  "provider": "openbook",
  "other": "So11111111111111111111111111111111111111112",
  "baseScale": 9,
  "quoteScale": 5
}