{
  "accountFlags": {
    "initialized": true,
    "market": true,
    "openOrders": false,
    "requestQueue": false,
    "eventQueue": false,
    "bids": false,
    "asks": false
  },
  "ownAddress": "5bxAcxWZo4DmNbuCAKb97zgGYpbQQS1dhu2fmmkGDSJC",
  "vaultSignerNonce": "00",
  "baseMint": "A3HyGZqe451CBesNqieNPfJ4A9Mu332ui8ni6dobVSLB",
  "quoteMint": "So11111111111111111111111111111111111111112",
  "baseVault": "B6w3ArgyEEw4BUEirdNc9FYHBrtTbrTN3hFb4qc1Ugpn",
  "baseDepositsTotal": "02df7940",
  "baseFeesAccrued": "00",
  "quoteVault": "5EwipNQgeCp8WKduPSMwi5nh88jQZtHNa3HrYWWwTmSy",
  "quoteDepositsTotal": "00",
  "quoteFeesAccrued": "00",
  "quoteDustThreshold": "64",
  "requestQueue": "Cf7CisW7kA8M1kJrYzwU5VU4BhyNS13Fbmxwu7V51aPx",
  "eventQueue": "Ag5cv3zux43S4AhM1ZGs5CmvLzWzCwsdCUJq91jKb8aS",
  "bids": "G3PJYdhPgFxR7ExiN6HzQF4yzRd4SejnT1FnGnkJayp9",
  "asks": "E3G52FYHRhghJ7MXeeuLvqoLFoYKFTdDSKZLs2essUs7",
  "baseLotSize": "0186a0",
  "quoteLotSize": "989680",
  "feeRateBps": "00",
  "referrerRebatesAccrued": "00",
  "provider": "openbook",
  "other": "So11111111111111111111111111111111111111112",
  "baseScale": 5,
  "quoteScale": 9
}