{
  "accountFlags": {
    "initialized": true,
    "market": true,
    "openOrders": false,
    "requestQueue": false,
    "eventQueue": false,
    "bids": false,
    "asks": false
  },
  "ownAddress": "5Kk31q6gbrkzBFNB4b2R7d1ZKJaPpV61Y1umT6wq1rSw",
  "vaultSignerNonce": "01",
  "baseMint": "4CuBdvKbwy1wo8o9sDs7mUQZTL1weKitpBA6X2D5a1nX",
  "quoteMint": "Es9vMFrzaCERmJfrF4H2FYD4KCoNkY11McCe8BenwNYB",
  "baseVault": "8cX1Sorawk4a7EwqwWbqUk3QrF7wqiuzM48ZggL5VWUU",
  "baseDepositsTotal": "00",
  "baseFeesAccrued": "00",
  "quoteVault": "G7cVg18e5FVX7FFM9ZY4TNvejx9miheeukwYExNCXiXg",
  "quoteDepositsTotal": "00",
  "quoteFeesAccrued": "00",
  "quoteDustThreshold": "64",
  "requestQueue": "8iNQfa91BxC7p9LZzm3nq75SytvL9XkGL2BiLz73iCAz",
  "eventQueue": "9ai5yQ5efmCLgKYhpjv2RAfUHN57fd29QQUWwTpu4JMC",
  "bids": "6F4DjFx7nTWrUdPoTpgngTQZyYi1hBESXL5KpNVtt5NV",
  "asks": "FwudKRbSBaQDZRQQVcdt6Y6Lez6kELEti4bcXBCuQjTX",
  "baseLotSize": "3b9aca00",
  "quoteLotSize": "2710",
  "feeRateBps": "00",
  "referrerRebatesAccrued": "00",
  "provider": "openbook",
  "other": "Es9vMFrzaCERmJfrF4H2FYD4KCoNkY11McCe8BenwNYB",
  "baseScale": 9,
  "quoteScale": 6
}