{
  "accountFlags": {
    "initialized": true,
    "market": true,
    "openOrders": false,
    "requestQueue": false,
    "eventQueue": false,
    "bids": false,
    "asks": false
  },
  "ownAddress": "5QAbViTYT17ZQr7yTL9vsQdr6oqo2s88NJDNwPeEEopr",
  "vaultSignerNonce": "04",
  "baseMint": "FNFKRV3V8DtA3gVJN6UshMiLGYA8izxFwkNWmJbFjmRj",
  "quoteMint": "EPjFWdd5AufqSSqeM2qN1xzybapC8G4wEGGkZwyTDt1v",
  "baseVault": "7wAejq9o5VZLVqLmxNBKytXKmGgSF1y8WhLDkyV9nGvR",
  "baseDepositsTotal": "0122dc619ae0",
  "baseFeesAccrued": "00",
  "quoteVault": "7dYbz6JAYp6ys3XqNBKdKte3CR6eJJxThFxxFMf41vsC",
  "quoteDepositsTotal": "012193cc68",
  "quoteFeesAccrued": "0a1816",
  "quoteDustThreshold": "64",
  "requestQueue": "BBi2WxSLAvV6myFVSheWhn4eGUgKG2NDFtTb1ZJiYyrA",
  "eventQueue": "BBLnd6CQkwawrYMS7MheAaxLQKLSHgpchLjqGwF6ddby",
  "bids": "BEwcYuSq1YpWQbHR1WszwTNBqK2U1NYUTNmhu8pgka5m",
  "asks": "HeHshRPFAcU92ebw8yFv4SxHaZZNgfJm378XFJcUcdFg",
  "baseLotSize": "0186a0",
  "quoteLotSize": "01",
  "feeRateBps": "00",
  "referrerRebatesAccrued": "06d296",
  "provider": "openbook",
  "other": "EPjFWdd5AufqSSqeM2qN1xzybapC8G4wEGGkZwyTDt1v",
  "baseScale": 6,
  "quoteScale": 6
}