{
  "accountFlags": {
    "initialized": true,
    "market": true,
    "openOrders": false,
    "requestQueue": false,
    "eventQueue": false,
    "bids": false,
    "asks": false
  },
  "ownAddress": "5ZrKcRrg7RB1LQTAgavJwPLXmLJXx5aXZKuFbVUkLEUa",
  "vaultSignerNonce": "01",
  "baseMint": "G7yoaGtYGKUWq18cKUX3bpt6Gpr5fpZLVhMXctW77VE8",
  "quoteMint": "EPjFWdd5AufqSSqeM2qN1xzybapC8G4wEGGkZwyTDt1v",
  "baseVault": "EJB1URubfRZnURkqXMDZ194rwPKhGodSHLYnRStypuHU",
  "baseDepositsTotal": "00",
  "baseFeesAccrued": "00",
  "quoteVault": "9jpj9Losifkm1WMcXMEsaCTQs5mqgfwtSS3ehxeHguqa",
  "quoteDepositsTotal": "00",
  "quoteFeesAccrued": "00",
  "quoteDustThreshold": "01f4",
  "requestQueue": "5rXRnUgG1y5FpK7TXHF9DRkz3eiLtSfeMxaEvup3LeGL",
  "eventQueue": "FSh6oLxTrw2nLCcesnudj4WHW1xgLiEW3Ptz4A8a2wkZ",
  "bids": "581mj1kNHF48cnNtYYjQxUUmBMfm5kzqRjVEeQhMTQ1P",
  "asks": "FQNhzrQLMqBNybNipGFyXguEq2Haz6z8CYFuHewZKdKJ",
  "baseLotSize": "0186a0",
  "quoteLotSize": "01",
  "feeRateBps": "96",
  "referrerRebatesAccrued": "00",
  "provider": "openbook",
  "other": "EPjFWdd5AufqSSqeM2qN1xzybapC8G4wEGGkZwyTDt1v",
  "baseScale": 6,
  "quoteScale": 6
}