{
  "accountFlags": {
    "initialized": true,
    "market": true,
    "openOrders": false,
    "requestQueue": false,
    "eventQueue": false,
    "bids": false,
    "asks": false
  },
  "ownAddress": "6FNErGf7MjHj7J8vuxW7ZDaUFoBE48P1ESGPuoJTMGUv",
  "vaultSignerNonce": "02",
  "baseMint": "3DHPqxdMXogNNnpqBMF8N4Zs4dn1WR31H7UjWq6FExwG",
  "quoteMint": "So11111111111111111111111111111111111111112",
  "baseVault": "5Ncy2sYMLpHzgaCDy5ocWVCJCVeCZPxgRs7XYKMWt7kn",
  "baseDepositsTotal": "029d19161a80",
  "baseFeesAccrued": "00",
  "quoteVault": "5fRVecCXZfUFDrXjrH8HaCoKtcE7BYXip6dgNciaDEyJ",
  "quoteDepositsTotal": "00",
  "quoteFeesAccrued": "754c",
  "quoteDustThreshold": "64",
  "requestQueue": "532bAhC78b1BQqM1K6mapgsScAGEcv1XuuEkc3nfF4k7",
  "eventQueue": "2QedB5jfRe3EeiEUFsRXCYDrYBFLPiTauQiEZAyp8nJp",
  "bids": "31LB8ZykVSqYpvGQiwXGHf75Rpmd3TbTprsyYJkeGUZm",
  "asks": "EGbbs9bDiYXe8sfuVJJvuNF6RCnJPQ1nKogzT2o5d8YK",
  "baseLotSize": "0f4240",
  "quoteLotSize": "64",
  "feeRateBps": "00",
  "referrerRebatesAccrued": "017546",
  "provider": "openbook",
  "other": "So11111111111111111111111111111111111111112",
  "baseScale": 9,
  "quoteScale": 9
}