{
  "accountFlags": {
    "initialized": true,
    "market": true,
    "openOrders": false,
    "requestQueue": false,
    "eventQueue": false,
    "bids": false,
    "asks": false
  },
  "ownAddress": "6gyTMdPPpdRDd4aWtWwAQQvarJoC9CK9TSPqWXF8qCw5",
  "vaultSignerNonce": "00",
  "baseMint": "So11111111111111111111111111111111111111112",
  "quoteMint": "DyT12z3tnUokpy18XdKXQNxsGmgUzAA67JUPpj6dBRtd",
  "baseVault": "HEkTk76LpkohcPCdiYbjjY7gKB6BfGPzxWT7Vnk3Gvsi",
  "baseDepositsTotal": "07270e00",
  "baseFeesAccrued": "00",
  "quoteVault": "9QCQ99AumphAnJ8NX7MhxqT2UskvR3utimPgySJio1X6",
  "quoteDepositsTotal": "0476f27313bc",
  "quoteFeesAccrued": "05680892",
  "quoteDustThreshold": "64",
  "requestQueue": "GZLZi3ifWqgcnvbrt1iCi2ECL6MJSJAfHLYLJqSvi7Tf",
  "eventQueue": "CamZP18kWPx5EyTcRYzEVdi1dNBcdGdSZa5LWLeHbtkt",
  "bids": "3qkmiNtJSVUpRzRkufenK4CinPsf4aiAak8bNZBMrCrs",
  "asks": "EkvYPWtGRkaXVzzocyAPKceKyFgzZg7jCQAgeDQb6CrL",
  "baseLotSize": "989680",
  "quoteLotSize": "2710",
  "feeRateBps": "00",
  "referrerRebatesAccrued": "02608540",
  "provider": "openbook",
  "other": "So11111111111111111111111111111111111111112",
  "baseScale": 9,
  "quoteScale": 9
}