{
  "accountFlags": {
    "initialized": true,
    "market": true,
    "openOrders": false,
    "requestQueue": false,
    "eventQueue": false,
    "bids": false,
    "asks": false
  },
  "ownAddress": "6LKNvo34ekcWGUzvvp1HiQRAUptVHj2J9KJWtnEBooR3",
  "vaultSignerNonce": "00",
  "baseMint": "ATLASXmbPQxBUYbxPsV97usA3fPQYEqzQBUHgiFCUsXx",
  "quoteMint": "So11111111111111111111111111111111111111112",
  "baseVault": "JzF6jxmoHnJtuMLhKb8ENsMSEPNP9nVpBPqotRTssBD",
  "baseDepositsTotal": "00",
  "baseFeesAccrued": "00",
  "quoteVault": "DTL7J2omb4d6aYrwxzzniS24KK9q2tP4Mj8qaZYczkZk",
  "quoteDepositsTotal": "00",
  "quoteFeesAccrued": "00",
  "quoteDustThreshold": "64",
  "requestQueue": "3TxMUMGUNZad7AK2Dx2kCXNbL61y4rmXEyw8MeN3kKBk",
  "eventQueue": "4CS6nXDvVRNd7QByA8xCDvyfkwGrecLUQAQhHUit7dqC",
  "bids": "HBvzZm8TQjqvkvm3gKDa29vkEXpz9ckXxFhENo3k4eWJ",
  "asks": "3u6sZYqcF4mtiqgjWhyRVWMN7qTE52TTdubCf7kYgUck",
  "baseLotSize": "05f5e100",
  "quoteLotSize": "989680",
  "feeRateBps": "00",
  "referrerRebatesAccrued": "00",
  "provider": "openbook",
  "other": "So11111111111111111111111111111111111111112",
  "baseScale": 8,
  "quoteScale": 9
}