{
  "accountFlags": {
    "initialized": true,
    "market": true,
    "openOrders": false,
    "requestQueue": false,
    "eventQueue": false,
    "bids": false,
    "asks": false
  },
  "ownAddress": "6MF7wtrvU8f3iFuczYbdWNs5JdpV64qknEJ1UwEmsEQQ",
  "vaultSignerNonce": "04",
  "baseMint": "GpS9AavHtSUspaBnL1Tu26FWbUAdW8tm3MbacsNvwtGu",
  "quoteMint": "So11111111111111111111111111111111111111112",
  "baseVault": "5bS6WofwKBWZcgeePW6MDMWnf7ZgJrXxU7dx7rhzskKF",
  "baseDepositsTotal": "00",
  "baseFeesAccrued": "00",
  "quoteVault": "CHVYnF9mFp6wn5LGwZypoM8nfuxDcfSaYqbJBds8cvFj",
  "quoteDepositsTotal": "00",
  "quoteFeesAccrued": "00",
  "quoteDustThreshold": "64",
  "requestQueue": "Aca6FYf2MB5jkRfmcx9z4LksVWbcAfekAW4JWxNE2QYC",
  "eventQueue": "9YXcuSKA9Jv8Ye3kr9sSCeA7NVeabdkyq5ujtNxcz67W",
  "bids": "4URHwkNBcGGLxLUiKgcgL6GdnXX37bPPTuj6VULV3fxU",
  "asks": "DSF2mySuJFuVcYAQmsZwtr2B3sNnH6d9stu3obS1J9po",
  "baseLotSize": "989680",
  "quoteLotSize": "01",
  "feeRateBps": "00",
  "referrerRebatesAccrued": "00",
  "provider": "openbook",
  "other": "So11111111111111111111111111111111111111112",
  "baseScale": 9,
  "quoteScale": 9
}