{
  "accountFlags": {
    "initialized": true,
    "market": true,
    "openOrders": false,
    "requestQueue": false,
    "eventQueue": false,
    "bids": false,
    "asks": false
  },
  "ownAddress": "6wD9zcNZi2VpvUB8dnEsF242Gf1tn6qNhLF2UZ3w9MwD",
  "vaultSignerNonce": "01",
  "baseMint": "USDH1SM1ojwWUga67PGrgFWUHibbjqMvuMaDkRJTgkX",
  "quoteMint": "EPjFWdd5AufqSSqeM2qN1xzybapC8G4wEGGkZwyTDt1v",
  "baseVault": "8YHvCrvCAcHF3FYqG8RK54GC7tGUUHU5Ph9gkvncFzgg",
  "baseDepositsTotal": "40d990",
  "baseFeesAccrued": "00",
  "quoteVault": "CBqxfTDhQjbTDwqouvU92fPoqxRPqdrkVCGJg687maBn",
  "quoteDepositsTotal": "015a2548",
  "quoteFeesAccrued": "00",
  "quoteDustThreshold": "64",
  "requestQueue": "FdirA1mnGDHLEKtX7GgVWazaovvJZgJaUkZgz2QYGfjZ",
  "eventQueue": "GyqsxE1i5a7XK5NwUc4LJb8AGcj9jq1wvVjyJUA4fNAx",
  "bids": "375X9k4Zha4oqmQL5N1euQKEPFewbxMgb7TtkbvL7xRV",
  "asks": "E4J4BzaioY8RNtiMXVJeMuJAHV7jJxmPvHiZN5ZLqA1q",
  "baseLotSize": "c350",
  "quoteLotSize": "05",
  "feeRateBps": "00",
  "referrerRebatesAccrued": "00",
  "provider": "openbook",
  "other": "EPjFWdd5AufqSSqeM2qN1xzybapC8G4wEGGkZwyTDt1v",
  "baseScale": 6,
  "quoteScale": 6
}