{
  "accountFlags": {
    "initialized": true,
    "market": true,
    "openOrders": false,
    "requestQueue": false,
    "eventQueue": false,
    "bids": false,
    "asks": false
  },
  "ownAddress": "6xodwa1RQ26vaZ7KexNNwA3To2LtA8Gw1QYhnFVDCfpM",
  "vaultSignerNonce": "00",
  "baseMint": "A6XKxTA1PiYjk3KTh9txMGCCc5CaNj56fRKnmpr6pYDN",
  "quoteMint": "Es9vMFrzaCERmJfrF4H2FYD4KCoNkY11McCe8BenwNYB",
  "baseVault": "GKjCJVHW89moT3taG1yuSMzine9pCMs9w6RpCNSDnUHA",
  "baseDepositsTotal": "00",
  "baseFeesAccrued": "00",
  "quoteVault": "FxmF8PQyQcqFmJPsqf5wFK7Vmxtbtk8Qre2wHWz3ctBW",
  "quoteDepositsTotal": "00",
  "quoteFeesAccrued": "0140",
  "quoteDustThreshold": "01f4",
  "requestQueue": "E1jaYPGtqiUWzfdqL7eKThGe7C22KGPSDfWP4V2ojdBU",
  "eventQueue": "3KGCBSH6WAZn1xbbtmK3eUtJB7Fbzk3x1ZgBfjt5fGya",
  "bids": "4jHCgoqoo8kLKsuggnbvDTpw3EP9pR5itkwH2kJzUBQQ",
  "asks": "5wscELhkkwvpHUM5jtBaJQxBox1KgtyV9ukumi39ijqY",
  "baseLotSize": "05f5e100",
  "quoteLotSize": "2710",
  "feeRateBps": "96",
  "referrerRebatesAccrued": "50",
  "provider": "openbook",
  "other": "Es9vMFrzaCERmJfrF4H2FYD4KCoNkY11McCe8BenwNYB",
  "baseScale": 9,
  "quoteScale": 6
}