{
  "accountFlags": {
    "initialized": true,
    "market": true,
    "openOrders": false,
    "requestQueue": false,
    "eventQueue": false,
    "bids": false,
    "asks": false
  },
  "ownAddress": "6YJNt7nvB6WpFDPD7nBcun31QnHcmYRxomHD63TjehSq",
  "vaultSignerNonce": "03",
  "baseMint": "9tQhCmFtCh56qqf9szLQ8dNjYcd4TTv6MWPpw6MqLubu",
  "quoteMint": "EPjFWdd5AufqSSqeM2qN1xzybapC8G4wEGGkZwyTDt1v",
  "baseVault": "CGA3igyk4PNLHaz3Da56fbR5jAy7pJGnFmQqV2vekedq",
  "baseDepositsTotal": "e16230b1c0",
  "baseFeesAccrued": "00",
  "quoteVault": "GoZC3tXiCXmPWSsed8hpFmR56St9fnpLth6fQnwTe2nM",
  "quoteDepositsTotal": "6a3508ed",
  "quoteFeesAccrued": "0634d4",
  "quoteDustThreshold": "64",
  "requestQueue": "6khxgiQFAuJeecaW7qht66EF36NAGLWYm7fHTXuBZedH",
  "eventQueue": "61q5qMjLuSRocnusvS88KWFo7LqfUYzYq8VVmTWCJfBf",
  "bids": "9CAVjUdF5XhfpCweFxne5u8W51SrzMz2eAPebibAcD4v",
  "asks": "5sRGfsyw9KHNinnwxC25Zifen2Q5Ri3gs8VabqvpwRs5",
  "baseLotSize": "0f4240",
  "quoteLotSize": "64",
  "feeRateBps": "00",
  "referrerRebatesAccrued": "314ddf",
  "provider": "openbook",
  "other": "EPjFWdd5AufqSSqeM2qN1xzybapC8G4wEGGkZwyTDt1v",
  "baseScale": 6,
  "quoteScale": 6
}