{
  "accountFlags": {
    "initialized": true,
    "market": true,
    "openOrders": false,
    "requestQueue": false,
    "eventQueue": false,
    "bids": false,
    "asks": false
  },
  "ownAddress": "77A6JhyecPFrmkdDGvgKgoHLEvx4TjxTdSPK4rRsN7EL",
  "vaultSignerNonce": "01",
  "baseMint": "EE5L8cMU4itTsCSuor7NLK6RZx6JhsBe8GGV3oaAHm3P",
  "quoteMint": "Es9vMFrzaCERmJfrF4H2FYD4KCoNkY11McCe8BenwNYB",
  "baseVault": "3aofJBuUufPMgXxREFai8i6BdU9ziDrJy7E4XaMG6Rek",
  "baseDepositsTotal": "0186a0",
  "baseFeesAccrued": "00",
  "quoteVault": "4br5camGsAr6SmXKwgY8rn1KizVASN6tfGu17sKHbVxQ",
  "quoteDepositsTotal": "1e2274",
  "quoteFeesAccrued": "00",
  "quoteDustThreshold": "64",
  "requestQueue": "Fqo4CbyjJxodtJQK26u8Ko7zi6MV7QwTFbxNs22MA7Co",
  "eventQueue": "BXNF84Za8AxKNzRSM3MUP8PfMz8a4BTXu5A5gvJzADyJ",
  "bids": "Hh4Z8aB3yxBgD66sRxHLJvYxpBkhnXDug9YMX6jGtdUf",
  "asks": "DYBv8HcXYo7iH9Vy4UBSx3uAzcith9Wj8C8UaVJwDRt8",
  "baseLotSize": "0186a0",
  "quoteLotSize": "0a",
  "feeRateBps": "00",
  "referrerRebatesAccrued": "00",
  "provider": "openbook",
  "other": "Es9vMFrzaCERmJfrF4H2FYD4KCoNkY11McCe8BenwNYB",
  "baseScale": 8,
  "quoteScale": 6
}