{
  "accountFlags": {
    "initialized": true,
    "market": true,
    "openOrders": false,
    "requestQueue": false,
    "eventQueue": false,
    "bids": false,
    "asks": false
  },
  "ownAddress": "7ieoToE3bf2GnGbjkw1kEPfTmNhiykckn6DbgM6yB1xG",
  "vaultSignerNonce": "03",
  "baseMint": "HYoGYzMcbYq3tAvpg15d8VFYVHw6jWEVuGgpNTrG8hps",
  "quoteMint": "EPjFWdd5AufqSSqeM2qN1xzybapC8G4wEGGkZwyTDt1v",
  "baseVault": "HWuQbhwDwpuPutJ1aQBK6oYN8dDS2FzeSZJUgYfL59hY",
  "baseDepositsTotal": "00",
  "baseFeesAccrued": "00",
  "quoteVault": "J78qPsGskca6y2YRPxahA3Vgd11KnuM93FRuVWg1qinj",
  "quoteDepositsTotal": "00",
  "quoteFeesAccrued": "00",
  "quoteDustThreshold": "64",
  "requestQueue": "9tsHeGdFc66znf2uuR6yDx53EzMG685w5fdHyqhGnSTc",
  "eventQueue": "7Ds47ci8gm7Fg6yWRcsgVB79FySJUNbNja1wTJp4RZ2M",
  "bids": "8wjjapfG5eej68aTHaxyobsr7rQhoKCSadvxNrVDNMTe",
  "asks": "KAaAim2xuBJ1LQNxdFB9EoKf3BQgSMS1cPeJiAs7JLC",
  "baseLotSize": "2710",
  "quoteLotSize": "01",
  "feeRateBps": "00",
  "referrerRebatesAccrued": "00",
  "provider": "openbook",
  "other": "EPjFWdd5AufqSSqeM2qN1xzybapC8G4wEGGkZwyTDt1v",
  "baseScale": 4,
  "quoteScale": 6
}