{
  "accountFlags": {
    "initialized": true,
    "market": true,
    "openOrders": false,
    "requestQueue": false,
    "eventQueue": false,
    "bids": false,
    "asks": false
  },
  "ownAddress": "7nYQZXQTbgou5ms9gYGxnBaeNNGBkef79B9GcM18VEFf",
  "vaultSignerNonce": "02",
  "baseMint": "rainH85N1vCoerCi4cQ3w6mCf7oYUdrsTFtFzpaRwjL",
  "quoteMint": "Es9vMFrzaCERmJfrF4H2FYD4KCoNkY11McCe8BenwNYB",
  "baseVault": "45nphQa8gcm4EGYTWDGrU1reDj9fT4BqrvC4zq3gMZ4N",
  "baseDepositsTotal": "00",
  "baseFeesAccrued": "00",
  "quoteVault": "DpDz77ZWqGAQCwhGhie46aaCXjcC8aPNv5N2bXcBd5Z",
  "quoteDepositsTotal": "00",
  "quoteFeesAccrued": "00",
  "quoteDustThreshold": "01f4",
  "requestQueue": "hrBuYFHt7J6tcpHDGDBcxGAZtXAAoHWbCu3iVRszQdt",
  "eventQueue": "6GguaxEV9Lp2CCAEzLfVtLKTSaR45s8TmSodtp111BF9",
  "bids": "3PECBRpAfs3AMxrtYWEGjPmYMMjCzgzo17rCzzvTHcxK",
  "asks": "D7eE2UuLDdMXrMumwn3dyA9WwnTehDrbmGZE65YpxbcA",
  "baseLotSize": "0a",
  "quoteLotSize": "01",
  "feeRateBps": "96",
  "referrerRebatesAccrued": "00",
  "provider": "openbook",
  "other": "Es9vMFrzaCERmJfrF4H2FYD4KCoNkY11McCe8BenwNYB",
  "baseScale": 5,
  "quoteScale": 6
}