{
  "accountFlags": {
    "initialized": true,
    "market": true,
    "openOrders": false,
    "requestQueue": false,
    "eventQueue": false,
    "bids": false,
    "asks": false
  },
  "ownAddress": "7qe8ZWAf9GAefB8trxER2jEjmDDav7opbZdnDvMT9rtk",
  "vaultSignerNonce": "03",
  "baseMint": "BRLsMczKuaR5w9vSubF4j8HwEGGprVAyyVgS4EX7DKEg",
  "quoteMint": "EPjFWdd5AufqSSqeM2qN1xzybapC8G4wEGGkZwyTDt1v",
  "baseVault": "EESVRdgVjV4tGrK3joBVHe4ccn7Hm3yohWcnUycv2dis",
  "baseDepositsTotal": "03195bd8ca80",
  "baseFeesAccrued": "00",
  "quoteVault": "J9SjokhSFyqCppEsvqdnttqftJ7fN3CP2SJixbbqVyRT",
  "quoteDepositsTotal": "50f654",
  "quoteFeesAccrued": "e4b3",
  "quoteDustThreshold": "64",
  "requestQueue": "DLJShwWNGEu5ihz2C7kBv5HnPt8CgMs35h9WiKM8SRVq",
  "eventQueue": "EW1oQY8WLPMtGiZoMp789dQgaSAGXYt4Tz2C1CsRVsvn",
  "bids": "r8ahVEh46e2yJZm4xEL1Ecktyz6bgLjy9B2GSaC5M2z",
  "asks": "B8zoxSD7byhFmGrMZNua6n5UUB4NnNkWLi7DByYooKj3",
  "baseLotSize": "989680",
  "quoteLotSize": "64",
  "feeRateBps": "00",
  "referrerRebatesAccrued": "3d8002",
  "provider": "openbook",
  "other": "EPjFWdd5AufqSSqeM2qN1xzybapC8G4wEGGkZwyTDt1v",
  "baseScale": 6,
  "quoteScale": 6
}