{
  "accountFlags": {
    "initialized": true,
    "market": true,
    "openOrders": false,
    "requestQueue": false,
    "eventQueue": false,
    "bids": false,
    "asks": false
  },
  "ownAddress": "7RtqUipJZbDAUf43HLuLtsQBLPfKdXtmHssBwcsH2U8X",
  "vaultSignerNonce": "00",
  "baseMint": "StepAscQoEioFxxWGnh2sLBDFp9d8rvKz2Yp39iDpyT",
  "quoteMint": "EPjFWdd5AufqSSqeM2qN1xzybapC8G4wEGGkZwyTDt1v",
  "baseVault": "JAjJX749uWdnRH6bcvGPKfytE3JGvCMmZLKAM79VcERo",
  "baseDepositsTotal": "cf38318640",
  "baseFeesAccrued": "00",
  "quoteVault": "CbSujN5nP36rjVKiPDxHB2XW3kzQn7QMjXnDZTMzMwgK",
  "quoteDepositsTotal": "a9e3",
  "quoteFeesAccrued": "02",
  "quoteDustThreshold": "01f4",
  "requestQueue": "9qrydBE81hCxWdtLN9EN5yMbNmeq3Tw6Q3e1hLGno6CP",
  "eventQueue": "9MJuNje69mDUsEgyQLbNsPjgctjrtvr6iMTxuvPcic68",
  "bids": "8iKjUEznA3PQZYgeeuQ1aKJEqhCSMPXTMgVjPnZNnGLZ",
  "asks": "H98kDbNn6R8awYFEzhCjQjUsTwpPPgVKu4uFksoj6zeY",
  "baseLotSize": "0186a0",
  "quoteLotSize": "01",
  "feeRateBps": "96",
  "referrerRebatesAccrued": "07c7",
  "provider": "openbook",
  "other": "EPjFWdd5AufqSSqeM2qN1xzybapC8G4wEGGkZwyTDt1v",
  "baseScale": 9,
  "quoteScale": 6
}