{
  "accountFlags": {
    "initialized": true,
    "market": true,
    "openOrders": false,
    "requestQueue": false,
    "eventQueue": false,
    "bids": false,
    "asks": false
  },
  "ownAddress": "7tV5jsyNUg9j1AARv56b7AirdpLBecibRXLEJtycEgpP",
  "vaultSignerNonce": "00",
  "baseMint": "DezXAZ8z7PnrnRJjz3wXBoRgixCa6xjnB7YaB1pPB263",
  "quoteMint": "EPjFWdd5AufqSSqeM2qN1xzybapC8G4wEGGkZwyTDt1v",
  "baseVault": "AKzBmXykVH9wNcommWdF57WmXeCw1UjCBPwX51PxkTAx",
  "baseDepositsTotal": "0103c06e8c4000",
  "baseFeesAccrued": "00",
  "quoteVault": "6TXF5ZVhpwoFsbH8eueMzwzAQMtK7q3dBWyT25cfat8R",
  "quoteDepositsTotal": "02d3aa7823",
  "quoteFeesAccrued": "2423fcb3",
  "quoteDustThreshold": "64",
  "requestQueue": "9ADoz3se5QVaQ9YJFJH6KjVW7L2GmD4YpavU83SvkBD2",
  "eventQueue": "4q87gg9Wj6yzVvfpe1dmXPnM9cKCQWWmxuxXfdiJ5Lna",
  "bids": "3iUzYqn6kdJ7U8TodLtouQmFshHdLWvQG6MMsDFJquUy",
  "asks": "6tcZzuij3CVLhBraaXhvvNLq2quXmvPqBoaQQ8xNemJk",
  "baseLotSize": "174876e800",
  "quoteLotSize": "0a",
  "feeRateBps": "00",
  "referrerRebatesAccrued": "0231f0d9",
  "provider": "openbook",
  "other": "EPjFWdd5AufqSSqeM2qN1xzybapC8G4wEGGkZwyTDt1v",
  "baseScale": 5,
  "quoteScale": 6
}