{
  "accountFlags": {
    "initialized": true,
    "market": true,
    "openOrders": false,
    "requestQueue": false,
    "eventQueue": false,
    "bids": false,
    "asks": false
  },
  "ownAddress": "7w5egrQCAaRKvgBbVuFCPt4A2S1EjvLCoYtout8X6uv8",
  "vaultSignerNonce": "01",
  "baseMint": "NGK3iHqqQkyRZUj4uhJDQqEyKKcZ7mdawWpqwMffM3s",
  "quoteMint": "EPjFWdd5AufqSSqeM2qN1xzybapC8G4wEGGkZwyTDt1v",
  "baseVault": "Dksh2pzC2WPdZeUnipUX1fZXh7PheHNitGewu4ZXfNV2",
  "baseDepositsTotal": "5d5b225e1c00",
  "baseFeesAccrued": "00",
  "quoteVault": "E5pyaAdnt7T91dq4rv8gXFrrTSe4ZHnDCwTbK2CJZwz3",
  "quoteDepositsTotal": "026d1742",
  "quoteFeesAccrued": "aa21",
  "quoteDustThreshold": "01f4",
  "requestQueue": "At1RyzPnXBXcgGNDmEhkTvAjyJDewwujxoFTG22Akvsq",
  "eventQueue": "8xcfHmwiUHSWRMXmY79FSnm4SAznwzrBFBbf7kqJASZs",
  "bids": "HhVUXZzciKk33YmSUEgtkNsMYh5vjtanrwi1Qcfs3aip",
  "asks": "DLdb57SdqkH1MtiTXb9j6EsR8mc8qTwWQ2d5XbUmfgXY",
  "baseLotSize": "3b9aca00",
  "quoteLotSize": "0a",
  "feeRateBps": "96",
  "referrerRebatesAccrued": "9887",
  "provider": "openbook",
  "other": "EPjFWdd5AufqSSqeM2qN1xzybapC8G4wEGGkZwyTDt1v",
  "baseScale": 9,
  "quoteScale": 6
}