{
  "accountFlags": {
    "initialized": true,
    "market": true,
    "openOrders": false,
    "requestQueue": false,
    "eventQueue": false,
    "bids": false,
    "asks": false
  },
  "ownAddress": "7wGBGxvNNUuUbFomjYmezinxaQDkhWhnQmxFDFJvZaA6",
  "vaultSignerNonce": "00",
  "baseMint": "sunSBR8hRLZy13HCHdrT3hjJZVRpkVfXF3QaaJYjxZ2",
  "quoteMint": "Saber2gLauYim4Mvftnrasomsv6NvAuncvMEZwcLpD1",
  "baseVault": "FNGVopePEp2yma1Pijf9xdwsVdp647RRqKVNLZysejqJ",
  "baseDepositsTotal": "285b0363b100",
  "baseFeesAccrued": "00",
  "quoteVault": "2LJhdQQHk8HwZkqZHKpi9fDWoqvMrNuy42tPE5Zw3Azx",
  "quoteDepositsTotal": "3043f816c0a4",
  "quoteFeesAccrued": "01f572126d",
  "quoteDustThreshold": "64",
  "requestQueue": "KD9Mxm4MQqQthqPmDAf3uMzjYiJKVuTPuNcwnMoJssg",
  "eventQueue": "97WVQ3cQXt64oBaHPhgZ19jqtbjmqZY1ub2sqBUKkaGd",
  "bids": "7YTV36hzY7isJgXXPL5ucQWWtmzyvj3sEcKfwkAWPVtk",
  "asks": "5GCQLSh9JpzdkmGR3ou97CBhE5WnZfHYeDR5pt2ni2YA",
  "baseLotSize": "0186a0",
  "quoteLotSize": "03e8",
  "feeRateBps": "00",
  "referrerRebatesAccrued": "1b919f2c",
  "provider": "openbook",
  "other": "Saber2gLauYim4Mvftnrasomsv6NvAuncvMEZwcLpD1",
  "baseScale": 6,
  "quoteScale": 6
}