{
  "accountFlags": {
    "initialized": true,
    "market": true,
    "openOrders": false,
    "requestQueue": false,
    "eventQueue": false,
    "bids": false,
    "asks": false
  },
  "ownAddress": "827cQbHghockKNYf3xSvQxR9QGxYULv1SA2vDMzbuR5w",
  "vaultSignerNonce": "01",
  "baseMint": "So11111111111111111111111111111111111111112",
  "quoteMint": "EPjFWdd5AufqSSqeM2qN1xzybapC8G4wEGGkZwyTDt1v",
  "baseVault": "3EB91bqd2bPEebr5tJALYbaQDMS88S2c1JZdzvqeYfy9",
  "baseDepositsTotal": "00",
  "baseFeesAccrued": "00",
  "quoteVault": "2PMqgKXXHBi7gHwqebtP13FvgtLerAWjSRmqhgYBuqv9",
  "quoteDepositsTotal": "00",
  "quoteFeesAccrued": "00",
  "quoteDustThreshold": "64",
  "requestQueue": "8LHWNTynsQkJjPcspmFW4J9JuxogUeXmop6RoWV831hK",
  "eventQueue": "Aja8ChJ5gn7APtZTPvNeVAueg8V9XsvqibSdexcjxjhb",
  "bids": "9gt9E2Dd7U3FFjw5PXtaPDpmtasjnmUbW9f1ZkCC1jiq",
  "asks": "8FdbfpRwMnLRHRaN7g59sWrSr817JzZ7vhXBoXysg1Cp",
  "baseLotSize": "0f4240",
  "quoteLotSize": "01",
  "feeRateBps": "00",
  "referrerRebatesAccrued": "00",
  "provider": "openbook",
  "other": "EPjFWdd5AufqSSqeM2qN1xzybapC8G4wEGGkZwyTDt1v",
  "baseScale": 9,
  "quoteScale": 6
}