{
  "accountFlags": {
    "initialized": true,
    "market": true,
    "openOrders": false,
    "requestQueue": false,
    "eventQueue": false,
    "bids": false,
    "asks": false
  },
  "ownAddress": "8Arp63y6wezQrALhijsWt3zqRRwLNxduAZqoHthexzjG",
  "vaultSignerNonce": "02",
  "baseMint": "So11111111111111111111111111111111111111112",
  "quoteMint": "EPjFWdd5AufqSSqeM2qN1xzybapC8G4wEGGkZwyTDt1v",
  "baseVault": "85VERWHoE7ARnMJWAPxjS8rRn7Kc2ifEzS3p8GdMBPjh",
  "baseDepositsTotal": "00",
  "baseFeesAccrued": "00",
  "quoteVault": "Fo8aj3tvcSFrKtvmXFWM9cijEqLm9zK4iacxCBNakexE",
  "quoteDepositsTotal": "00",
  "quoteFeesAccrued": "00",
  "quoteDustThreshold": "64",
  "requestQueue": "DtB6gmbicBbeeGPfeMwyesEhnH98KRDCvMft2yYfR7Kr",
  "eventQueue": "2jdDWTTdKBikJ3WfAPeCC5Twh4ryEsUvsxztmu22B5Ys",
  "bids": "5Dr4jEmp4hHuWLn5NVD8tn1X6SzsVPfW7YxVogc25p4z",
  "asks": "C9jA2FzgRoiyt6cV7dFXvdLG2c95akqwSatBqEHrxsUE",
  "baseLotSize": "3b9aca00",
  "quoteLotSize": "2710",
  "feeRateBps": "00",
  "referrerRebatesAccrued": "00",
  "provider": "openbook",
  "other": "EPjFWdd5AufqSSqeM2qN1xzybapC8G4wEGGkZwyTDt1v",
  "baseScale": 9,
  "quoteScale": 6
}