{
  "accountFlags": {
    "initialized": true,
    "market": true,
    "openOrders": false,
    "requestQueue": false,
    "eventQueue": false,
    "bids": false,
    "asks": false
  },
  "ownAddress": "8bKe1a46Ui8AdP5fQkdhLfR79L9zwq2dLJAveS5KzJ8v",
  "vaultSignerNonce": "01",
  "baseMint": "HHjoYwUp5aU6pnrvN4s2pwEErwXNZKhxKGYjRJMoBjLw",
  "quoteMint": "EPjFWdd5AufqSSqeM2qN1xzybapC8G4wEGGkZwyTDt1v",
  "baseVault": "ETRi4ShRKeK4VecbT74287hNkpd7rmTK9LW3E4pzBqz5",
  "baseDepositsTotal": "00",
  "baseFeesAccrued": "00",
  "quoteVault": "6y27ueCzxNgtLtTK3WUZAjrnAjA51XtU6c56yxW6RhjZ",
  "quoteDepositsTotal": "00",
  "quoteFeesAccrued": "00",
  "quoteDustThreshold": "64",
  "requestQueue": "AowktYWbYvvGj84n5gdZidyUYVfiGT9oSRfxPHDyAqp7",
  "eventQueue": "Hg3KiK5bid8Lv7zxFDcXuySVhw9489x1WoaxfFC73NgZ",
  "bids": "F4fc6tbyLT1BMPyvQixQ6W75ZjBuxKwwi9iAkh7pz6he",
  "asks": "EW65dU69crHMJnCasCvE4kzVvtSRojvEkJkxxDKJtU5i",
  "baseLotSize": "3b9aca00",
  "quoteLotSize": "2710",
  "feeRateBps": "00",
  "referrerRebatesAccrued": "00",
  "provider": "openbook",
  "other": "EPjFWdd5AufqSSqeM2qN1xzybapC8G4wEGGkZwyTDt1v",
  "baseScale": 9,
  "quoteScale": 6
}