{
  "accountFlags": {
    "initialized": true,
    "market": true,
    "openOrders": false,
    "requestQueue": false,
    "eventQueue": false,
    "bids": false,
    "asks": false
  },
  "ownAddress": "8d54fFyeqDCJ2KAaN79mAphxm7YTTswwe9MdNSxLZZT6",
  "vaultSignerNonce": "00",
  "baseMint": "5r7vsbP24VaVzvZ3W2YnwYdGMmdpSsGFHA2mCitPxZev",
  "quoteMint": "EPjFWdd5AufqSSqeM2qN1xzybapC8G4wEGGkZwyTDt1v",
  "baseVault": "5zfBWZTH8Vc3escKrJDFL76yBVtbMBaKQyUsPCLUxKeA",
  "baseDepositsTotal": "00",
  "baseFeesAccrued": "00",
  "quoteVault": "91bD7UMG6gpgyvU3pbK4ggMv3sM1TBP6n5YeVRtwdDwG",
  "quoteDepositsTotal": "00",
  "quoteFeesAccrued": "00",
  "quoteDustThreshold": "01f4",
  "requestQueue": "jtZZHrAyfDvQmTw7wDWKUXyGsff692vJbHtSYP9orJV",
  "eventQueue": "CYpRX7DBgJP162D9B4q7CFTwFUumW5ywSP1QBRt2vppZ",
  "bids": "6U3gNkHk9KyaySsakTCfYK17LYdUqzV8KKBNnCCZ2V61",
  "asks": "HDkaSEMZHTGmMghkvoWVGYDre5A2djETTnVNo7WvmVa5",
  "baseLotSize": "00",
  "quoteLotSize": "00",
  "feeRateBps": "96",
  "referrerRebatesAccrued": "00",
  "provider": "openbook",
  "other": "EPjFWdd5AufqSSqeM2qN1xzybapC8G4wEGGkZwyTDt1v",
  "baseScale": 4,
  "quoteScale": 6
}