{
  "accountFlags": {
    "initialized": true,
    "market": true,
    "openOrders": false,
    "requestQueue": false,
    "eventQueue": false,
    "bids": false,
    "asks": false
  },
  "ownAddress": "8EapfK6wCoRy5sFXZX9gudi8j3m5nLZcuDgxDGWVLgSd",
  "vaultSignerNonce": "00",
  "baseMint": "9tQhCmFtCh56qqf9szLQ8dNjYcd4TTv6MWPpw6MqLubu",
  "quoteMint": "EPjFWdd5AufqSSqeM2qN1xzybapC8G4wEGGkZwyTDt1v",
  "baseVault": "G5yVk7RQyvkuTsegcxdHX5NqPqZd6BDBu7rooDb6NtpM",
  "baseDepositsTotal": "0635896300",
  "baseFeesAccrued": "00",
  "quoteVault": "3g4byhJ1FEgKzPmCNZy8hkViFRUeXg6djVgijPi7YWS1",
  "quoteDepositsTotal": "6dd867",
  "quoteFeesAccrued": "04b0",
  "quoteDustThreshold": "01f4",
  "requestQueue": "6DEYScdkuksYsd3AXXrPokJghxB2jRWLvHTaEnSJTAY1",
  "eventQueue": "E3q89jw5MpHPBW9iAsMFpfrT1aexmKicSSEZcEUtKz4G",
  "bids": "DK2acA9B2UnBxX4Uayc2xnP5Fs1zTfgeiQhSN3DXqi1e",
  "asks": "2EwxeCLs2vXGkGtFHHkJ66dx8BQy6JXYsHweE8aLHV32",
  "baseLotSize": "0f4240",
  "quoteLotSize": "0a",
  "feeRateBps": "96",
  "referrerRebatesAccrued": "014b",
  "provider": "openbook",
  "other": "EPjFWdd5AufqSSqeM2qN1xzybapC8G4wEGGkZwyTDt1v",
  "baseScale": 6,
  "quoteScale": 6
}