{
  "accountFlags": {
    "initialized": true,
    "market": true,
    "openOrders": false,
    "requestQueue": false,
    "eventQueue": false,
    "bids": false,
    "asks": false
  },
  "ownAddress": "8kDLNxyYEwwoggY3u7zzmKqpmRxj1nDuexWMT9XJ5mcW",
  "vaultSignerNonce": "01",
  "baseMint": "So11111111111111111111111111111111111111112",
  "quoteMint": "EPjFWdd5AufqSSqeM2qN1xzybapC8G4wEGGkZwyTDt1v",
  "baseVault": "AmgiYTriiqxN6JhCnGCv7sk1GnHHPDidgSk5pyaEFgxs",
  "baseDepositsTotal": "00",
  "baseFeesAccrued": "00",
  "quoteVault": "8M5aiUhbRNvULx6YLPLnRV181Ea9FQMe19rrQQgaMmT8",
  "quoteDepositsTotal": "00",
  "quoteFeesAccrued": "00",
  "quoteDustThreshold": "64",
  "requestQueue": "FVUBKGEQrDDqug2QeDGE2YZuKDRYHhmgX7y81sWke4kf",
  "eventQueue": "DHBbjKP2gpEGqb9MMHEW9eavmhHZCub2csUumTvp1pza",
  "bids": "EehfrMfHaYqrsyUsMgyTcsotruwgHmSiwoWD9PdQePtb",
  "asks": "ETbaRXVUKW1g3YGu2BLwxJpETGd9TvRiHpaZC24pquzu",
  "baseLotSize": "3b9aca00",
  "quoteLotSize": "64",
  "feeRateBps": "00",
  "referrerRebatesAccrued": "00",
  "provider": "openbook",
  "other": "EPjFWdd5AufqSSqeM2qN1xzybapC8G4wEGGkZwyTDt1v",
  "baseScale": 9,
  "quoteScale": 6
}