{
  "accountFlags": {
    "initialized": true,
    "market": true,
    "openOrders": false,
    "requestQueue": false,
    "eventQueue": false,
    "bids": false,
    "asks": false
  },
  "ownAddress": "8n2K3nQr4CzcnPWpWBjhFF7qz8ixb7d8tyDh1nTozX4b",
  "vaultSignerNonce": "04",
  "baseMint": "CiKu4eHsVrc1eueVQeHn7qhXTcVu95gSQmBpX4utjL9z",
  "quoteMint": "So11111111111111111111111111111111111111112",
  "baseVault": "CzKr2jpPAhPShJ8yp7zjQHJUEmNaWpVvaA8cC78FMGR",
  "baseDepositsTotal": "0a2e01dc7b00",
  "baseFeesAccrued": "00",
  "quoteVault": "GdP1sQuLF7axGjTY1xzCEfN1C9cEjQiRvsRZjxxAEu2z",
  "quoteDepositsTotal": "00",
  "quoteFeesAccrued": "00",
  "quoteDustThreshold": "64",
  "requestQueue": "4zxVtQpgyBKxnkyR6UGrDkvXh6uskqHcsbzQzTDFWbGL",
  "eventQueue": "9t9TeoZq8r8QD7WbNSMzLy5Qu6qHmLuZcjBdgab2MZdM",
  "bids": "7LbvD8tuyFdU7xVgjNnENFTUW8Hy6yeE5zSRkRwHv41u",
  "asks": "HrreZ4kMcB7k8CEcS5eUw4iyoMq38BEmwLvXBzDSfspF",
  "baseLotSize": "0f4240",
  "quoteLotSize": "0186a0",
  "feeRateBps": "00",
  "referrerRebatesAccrued": "00",
  "provider": "openbook",
  "other": "So11111111111111111111111111111111111111112",
  "baseScale": 8,
  "quoteScale": 9
}