{
  "accountFlags": {
    "initialized": true,
    "market": true,
    "openOrders": false,
    "requestQueue": false,
    "eventQueue": false,
    "bids": false,
    "asks": false
  },
  "ownAddress": "8n61WM5B3PsSLQRwfzcUveiY1RGeLFruBrmzGPYYN2tn",
  "vaultSignerNonce": "01",
  "baseMint": "o1Mw5Y3n68o8TakZFuGKLZMGjm72qv4JeoZvGiCLEvK",
  "quoteMint": "EPjFWdd5AufqSSqeM2qN1xzybapC8G4wEGGkZwyTDt1v",
  "baseVault": "35XRiQBB8zfPAyQuuTej482qEWx6i12PzjPzQC1pqq6n",
  "baseDepositsTotal": "0537792bb0",
  "baseFeesAccrued": "00",
  "quoteVault": "Fji8WjLyH8xr4koFb1uCHkyF9QdTcCWKBk1LZBFqnn89",
  "quoteDepositsTotal": "1134",
  "quoteFeesAccrued": "01",
  "quoteDustThreshold": "64",
  "requestQueue": "EAgEvvsKVXpYkE9L8Ux5Ny9S3W12v4KXwZzLEW74wLRs",
  "eventQueue": "2PhpC49CUxoXatgnSNrD5Gpm4z5RJaHtQJshjYtUaxLd",
  "bids": "DjEH69MR9aFMDmLmKszUqsdVHfrpnsoEgysNH3esKGsZ",
  "asks": "CsK9WTR1nxfY7tDGvMotM8szwQoSnXPdA1kh1B2ifgLF",
  "baseLotSize": "64",
  "quoteLotSize": "2710",
  "feeRateBps": "00",
  "referrerRebatesAccrued": "0aee",
  "provider": "openbook",
  "other": "EPjFWdd5AufqSSqeM2qN1xzybapC8G4wEGGkZwyTDt1v",
  "baseScale": 2,
  "quoteScale": 6
}