{
  "accountFlags": {
    "initialized": true,
    "market": true,
    "openOrders": false,
    "requestQueue": false,
    "eventQueue": false,
    "bids": false,
    "asks": false
  },
  "ownAddress": "8PhnCfgqpgFM7ZJvttGdBVMXHuU4Q23ACxCvWkbs1M71",
  "vaultSignerNonce": "01",
  "baseMint": "DezXAZ8z7PnrnRJjz3wXBoRgixCa6xjnB7YaB1pPB263",
  "quoteMint": "EPjFWdd5AufqSSqeM2qN1xzybapC8G4wEGGkZwyTDt1v",
  "baseVault": "A9yRKSx8SyqNdCtCMUgr6wDXUs1JmVFkVno6FcscSD6m",
  "baseDepositsTotal": "b3666d318d00",
  "baseFeesAccrued": "00",
  "quoteVault": "D9dojzvwJGs4q3Cx8ytvD8kWVVZszoVKvPZEZ5D8PV1Y",
  "quoteDepositsTotal": "7dfc553f",
  "quoteFeesAccrued": "8838cbc5",
  "quoteDustThreshold": "64",
  "requestQueue": "DoPUJXzG6Q7TwoxXJ1PtETqCUDfovpHLhwvj737KTmua",
  "eventQueue": "8BjvcgtwT5rdaypEMZFAA35gHeRT992aPFr4dwdcLf1v",
  "bids": "5F2yj13thTvdTaNdMvxgsczPRXfbqVd7tr13bJSFg1W7",
  "asks": "GHsWvxp6KJ3Yr8HH5L4pbHkC1YMGk8FzMknsYo1kzzZv",
  "baseLotSize": "05f5e100",
  "quoteLotSize": "01",
  "feeRateBps": "00",
  "referrerRebatesAccrued": "150c592b",
  "provider": "openbook",
  "other": "EPjFWdd5AufqSSqeM2qN1xzybapC8G4wEGGkZwyTDt1v",
  "baseScale": 5,
  "quoteScale": 6
}