{
  "accountFlags": {
    "initialized": true,
    "market": true,
    "openOrders": false,
    "requestQueue": false,
    "eventQueue": false,
    "bids": false,
    "asks": false
  },
  "ownAddress": "8THjrrucZZFrpBbeo1XBdycJTsVh4ti7oc6Mp1VkymmU",
  "vaultSignerNonce": "01",
  "baseMint": "So11111111111111111111111111111111111111112",
  "quoteMint": "4xGGBuyz7r7ps6Kb2Xt8Nh7B6hcGxTaC1pYvcxXJ83YG",
  "baseVault": "DWdacCjrCJZmeVGBPd7Tc2cWeWaoFPf3bh2jLVk29AJf",
  "baseDepositsTotal": "00",
  "baseFeesAccrued": "00",
  "quoteVault": "9kY8osAzXpPtvmp68hJEE8UqdvoYYfB3VAeNouhd3YSh",
  "quoteDepositsTotal": "00",
  "quoteFeesAccrued": "00",
  "quoteDustThreshold": "64",
  "requestQueue": "3YMdGRNpAJaxz7bbwCdH9U6ctqMBffJ4aWSCWBS1vMhR",
  "eventQueue": "Cd3mxvQMEBf48Jpq139VM8Ntq274ShbKeQYpK5NVMJHE",
  "bids": "Ho8WjvNZSz8wQ7c8fFBPS3Y2WFrqLQokbcy3qmtuVfKV",
  "asks": "CEUJ76XzvU3jTDM1R1NfKr7bb71B9gJgUFyNqLXJzoPh",
  "baseLotSize": "3b9aca00",
  "quoteLotSize": "0f4240",
  "feeRateBps": "00",
  "referrerRebatesAccrued": "00",
  "provider": "openbook",
  "other": "So11111111111111111111111111111111111111112",
  "baseScale": 9,
  "quoteScale": 9
}