{
  "accountFlags": {
    "initialized": true,
    "market": true,
    "openOrders": false,
    "requestQueue": false,
    "eventQueue": false,
    "bids": false,
    "asks": false
  },
  "ownAddress": "9Hfa9aARXtSYKqVxdpvVWZB3gGW4sHffasm8QTptSoZn",
  "vaultSignerNonce": "00",
  "baseMint": "4CuBdvKbwy1wo8o9sDs7mUQZTL1weKitpBA6X2D5a1nX",
  "quoteMint": "Es9vMFrzaCERmJfrF4H2FYD4KCoNkY11McCe8BenwNYB",
  "baseVault": "3aTEB1zyPDnE16cWhGAfwQnTSstQLTQQy6NtwRX74M7E",
  "baseDepositsTotal": "00",
  "baseFeesAccrued": "00",
  "quoteVault": "GRg4TNL4ocxRLReeHXonKQtgpJrUmUYjQVpdRxa1vrhX",
  "quoteDepositsTotal": "00",
  "quoteFeesAccrued": "00",
  "quoteDustThreshold": "64",
  "requestQueue": "4SubL7WzZQa1w651DGKn7xTEaf47V4t6AJofkh4heESm",
  "eventQueue": "8DYhZ8o4iGSeDewtjmUJpDSKNNRcfAhEZHfZPtZeHDZf",
  "bids": "FbW82QFNdDnGYYhJP2BDB7rA4jAqxxAn3fUcqLUEWASb",
  "asks": "4tHSGRYW9PkE6HHhySkMRMaugyjtUGwCjCRV6qEPppYm",
  "baseLotSize": "3b9aca00",
  "quoteLotSize": "0a",
  "feeRateBps": "00",
  "referrerRebatesAccrued": "00",
  "provider": "openbook",
  "other": "Es9vMFrzaCERmJfrF4H2FYD4KCoNkY11McCe8BenwNYB",
  "baseScale": 9,
  "quoteScale": 6
}