{
  "accountFlags": {
    "initialized": true,
    "market": true,
    "openOrders": false,
    "requestQueue": false,
    "eventQueue": false,
    "bids": false,
    "asks": false
  },
  "ownAddress": "ACgDPLf4v6HqouPyAcqFo8nMogVo6axn9jmHo58rw6ox",
  "vaultSignerNonce": "00",
  "baseMint": "GFX1ZjR2P15tmrSwow6FjyDYcEkoFb4p4gJCpLBjaxHD",
  "quoteMint": "EPjFWdd5AufqSSqeM2qN1xzybapC8G4wEGGkZwyTDt1v",
  "baseVault": "9ijUbNVzMVEy7gcCigubMKQmUHp3uHFsYcJe6L1GwWVK",
  "baseDepositsTotal": "22ecb25c00",
  "baseFeesAccrued": "00",
  "quoteVault": "DPvNEDztGLzZzrWBLQnB3UgviWBdrwJR5168dc6gsPcR",
  "quoteDepositsTotal": "3da60e",
  "quoteFeesAccrued": "047f",
  "quoteDustThreshold": "64",
  "requestQueue": "AQMk7XiRnBkJZy9SGWEvi1CKpLxeCmCJHo3wtzoYqN85",
  "eventQueue": "ET5NWn2bJ872FVG3JPkX2NWxtEq7ieBy81sTjbMmKdYC",
  "bids": "6Av9RAG6cXVRmNFetVi4WFAwfwj9Un8tPm8xDiUWakKA",
  "asks": "EMhx8rTu5QnyU3mV3BbqFRnq8digXzS5ZEC5SYxmU67m",
  "baseLotSize": "3b9aca00",
  "quoteLotSize": "2710",
  "feeRateBps": "00",
  "referrerRebatesAccrued": "04b8",
  "provider": "openbook",
  "other": "EPjFWdd5AufqSSqeM2qN1xzybapC8G4wEGGkZwyTDt1v",
  "baseScale": 9,
  "quoteScale": 6
}