{
  "accountFlags": {
    "initialized": true,
    "market": true,
    "openOrders": false,
    "requestQueue": false,
    "eventQueue": false,
    "bids": false,
    "asks": false
  },
  "ownAddress": "AeuwginaHyD5WyeHBiwRYLxJ1eLSbwC6bLdzva8jjhnA",
  "vaultSignerNonce": "01",
  "baseMint": "FnVPD3fRutXcibEHDYP1gv8kuYJx2SNCi2EizcAsR4wN",
  "quoteMint": "So11111111111111111111111111111111111111112",
  "baseVault": "8oLoQiidUh7UN4oFWfj2eNBApZSx3JvdZ9zSpabTBRKL",
  "baseDepositsTotal": "00",
  "baseFeesAccrued": "00",
  "quoteVault": "3RuLeTFg6hDKg8bGznLLBcckxqnJKdKutQZxm1jF1B51",
  "quoteDepositsTotal": "00",
  "quoteFeesAccrued": "00",
  "quoteDustThreshold": "64",
  "requestQueue": "CKaVXv63kk9gi5eu9TRR9XqmoTAnBjQw4UXnCWtSmSj6",
  "eventQueue": "DupWDcF9sdU6iLPmCrQa6wvUgEa8nqxHKSGro4KhRmXT",
  "bids": "CF96obW7E928Yk4ePuVkUZHEaAGJHE2Pd7VEThhgSYpL",
  "asks": "7FAngCDdjxk68tY6PkiWEr6RoEsGC3xVczLMiq7JXxv",
  "baseLotSize": "174876e800",
  "quoteLotSize": "0186a0",
  "feeRateBps": "00",
  "referrerRebatesAccrued": "00",
  "provider": "openbook",
  "other": "So11111111111111111111111111111111111111112",
  "baseScale": 9,
  "quoteScale": 9
}