{
  "accountFlags": {
    "initialized": true,
    "market": true,
    "openOrders": false,
    "requestQueue": false,
    "eventQueue": false,
    "bids": false,
    "asks": false
  },
  "ownAddress": "Ai5XEtQk2U4w96GS8iKeJ1sMffDGkWWGYufuvUUQLtQ3",
  "vaultSignerNonce": "02",
  "baseMint": "So11111111111111111111111111111111111111112",
  "quoteMint": "EPjFWdd5AufqSSqeM2qN1xzybapC8G4wEGGkZwyTDt1v",
  "baseVault": "MsFxix7VE2cmjhGoQBJxzskg957zjVdUCN4UQ5q1tWV",
  "baseDepositsTotal": "00",
  "baseFeesAccrued": "00",
  "quoteVault": "8rTNTduD5Z63yoeb5gusdS4avm8pKqzdeGTWrWnXTzWf",
  "quoteDepositsTotal": "00",
  "quoteFeesAccrued": "00",
  "quoteDustThreshold": "64",
  "requestQueue": "D1u1Th5HKCkmgrKwSpd26ui4eNKBKPn9hrTh5dq1R4LJ",
  "eventQueue": "AmaSDnDUh11hjnGTFjsDwQzUrEcCc7hosFCLqzM3oKeh",
  "bids": "Hd5dh9oo91DLw9FXFsbwDQnT3SstZQ4nJK41JwPrUPq4",
  "asks": "EThPmVBdzEC8NxqJM7Hc7FJuEfpaGJjX4Zs8gvCTwv9b",
  "baseLotSize": "3b9aca00",
  "quoteLotSize": "03e8",
  "feeRateBps": "00",
  "referrerRebatesAccrued": "00",
  "provider": "openbook",
  "other": "EPjFWdd5AufqSSqeM2qN1xzybapC8G4wEGGkZwyTDt1v",
  "baseScale": 9,
  "quoteScale": 6
}