{
  "accountFlags": {
    "initialized": true,
    "market": true,
    "openOrders": false,
    "requestQueue": false,
    "eventQueue": false,
    "bids": false,
    "asks": false
  },
  "ownAddress": "AJmPDKoDBhN99Tc3SkUyUyNKb6nVWZnA9kJ3EJwDCJyo",
  "vaultSignerNonce": "00",
  "baseMint": "HMYxhA2ZeSpFjitzP58K7MMJKbKkBuj4P5PHbsmo3rTF",
  "quoteMint": "Es9vMFrzaCERmJfrF4H2FYD4KCoNkY11McCe8BenwNYB",
  "baseVault": "9xyhF6gZdCaFbQHfcAdMSxgwnRLUWGZSnxNhcASoPXPn",
  "baseDepositsTotal": "4ae7401c5760",
  "baseFeesAccrued": "00",
  "quoteVault": "7JXcWmrcWBoxSzwPrUDXG38jkPt6fgUp7TSVQiQMzATV",
  "quoteDepositsTotal": "00",
  "quoteFeesAccrued": "02",
  "quoteDustThreshold": "64",
  "requestQueue": "Eq9WkgZ9qyDeRYHKV2r99SjkDRd719W6kajBxXGvyA6M",
  "eventQueue": "HrDA3mroj2R3R85sw8yezzsA34zXHz4pfJqyVzqM5JwB",
  "bids": "ARC2HmK9QZWeeUi6asv86WvMXYWY8vgw6hoqLHZxpDpN",
  "asks": "vzuuwd77ReNRoVncKGEqbwidfWBpEzL4vFUJb4JYDre",
  "baseLotSize": "0186a0",
  "quoteLotSize": "01",
  "feeRateBps": "00",
  "referrerRebatesAccrued": "ca",
  "provider": "openbook",
  "other": "Es9vMFrzaCERmJfrF4H2FYD4KCoNkY11McCe8BenwNYB",
  "baseScale": 9,
  "quoteScale": 6
}