{
  "accountFlags": {
    "initialized": true,
    "market": true,
    "openOrders": false,
    "requestQueue": false,
    "eventQueue": false,
    "bids": false,
    "asks": false
  },
  "ownAddress": "AkZAv98cQyY7tS7KwNKB8VBCNSgSYFj8mmeemm1MRqhC",
  "vaultSignerNonce": "02",
  "baseMint": "So11111111111111111111111111111111111111112",
  "quoteMint": "EPjFWdd5AufqSSqeM2qN1xzybapC8G4wEGGkZwyTDt1v",
  "baseVault": "ASi4xyUC4SymgVvV3a6vJJLh3914ZPrQzK9EjjnA9NJv",
  "baseDepositsTotal": "00",
  "baseFeesAccrued": "00",
  "quoteVault": "2WtTfTdbeXK5rqfuXgs7yKmgrmpkPRhus1n5QM7MhAhL",
  "quoteDepositsTotal": "00",
  "quoteFeesAccrued": "00",
  "quoteDustThreshold": "64",
  "requestQueue": "Do8mnisLBKjku9Lk2W4NbS4NtvsRRbQyuwRteCCiH5CP",
  "eventQueue": "3CJWkAHdjkA9b4wgjEHh8UCuKKN4vy82RWjgNNUrTnbD",
  "bids": "9HEtu7saYBoQ97RdsDiQ7mzRdH2GnKm5BNvyTNFpyFKb",
  "asks": "8d5f6i1vFjyVs8iiYvHCdeNFkVhyxT11kvK2kLb6nEbw",
  "baseLotSize": "0f4240",
  "quoteLotSize": "01",
  "feeRateBps": "00",
  "referrerRebatesAccrued": "00",
  "provider": "openbook",
  "other": "EPjFWdd5AufqSSqeM2qN1xzybapC8G4wEGGkZwyTDt1v",
  "baseScale": 9,
  "quoteScale": 6
}