{
  "accountFlags": {
    "initialized": true,
    "market": true,
    "openOrders": false,
    "requestQueue": false,
    "eventQueue": false,
    "bids": false,
    "asks": false
  },
  "ownAddress": "ALmLBS685uFKTxqSQxrF4dnyVqKG9fxaTcWod7mRQmzx",
  "vaultSignerNonce": "00",
  "baseMint": "4k3Dyjzvzp8eMZWUXbBCjEvwSkkk59S5iCNLY3QrkX6R",
  "quoteMint": "So11111111111111111111111111111111111111112",
  "baseVault": "ApUuggfczYEZWfx7Cbm6DogsVSh8zmXyfb3JdZ6GzAey",
  "baseDepositsTotal": "08d24d00",
  "baseFeesAccrued": "00",
  "quoteVault": "4qH9PciZhK4hz2WSHrZFniSHtLBe85GsmeJwG59JuLo1",
  "quoteDepositsTotal": "00",
  "quoteFeesAccrued": "00",
  "quoteDustThreshold": "64",
  "requestQueue": "8C877pDa2LTr7se2um24EYbwdkwJFVboaGyFZr5YeLL8",
  "eventQueue": "6wo1mFi3oqrbsdynYiKUaJ5bKEMztTZECzEpicavRv1z",
  "bids": "8DHfTDbg5GN76Mgz5Y4z81c61FXfRNm4nX7WhoEmSp7F",
  "asks": "9dTaYe3LsuqRpUUwGAdhajCH2zv1LcVYBHSVb42t1DTG",
  "baseLotSize": "0f4240",
  "quoteLotSize": "989680",
  "feeRateBps": "00",
  "referrerRebatesAccrued": "00",
  "provider": "openbook",
  "other": "So11111111111111111111111111111111111111112",
  "baseScale": 6,
  "quoteScale": 9
}