{
  "accountFlags": {
    "initialized": true,
    "market": true,
    "openOrders": false,
    "requestQueue": false,
    "eventQueue": false,
    "bids": false,
    "asks": false
  },
  "ownAddress": "ANfsxYcGZrG73yHQ767UXNNtzDNvo2EBqrKUC3VxLyeg",
  "vaultSignerNonce": "03",
  "baseMint": "Do5AbqdEbj742B2Cm8BypAGg3h1skLaAVTbT2mLRcW8c",
  "quoteMint": "EPjFWdd5AufqSSqeM2qN1xzybapC8G4wEGGkZwyTDt1v",
  "baseVault": "9qZGy6zp4gBSSfVFUexptN9eeTrvHzYnH42xQkFkh458",
  "baseDepositsTotal": "0741b28f3b8000",
  "baseFeesAccrued": "00",
  "quoteVault": "7evY8Prt8REgEY9hXZyRSXQg6Cx3U2TroSuUwQkTTWuZ",
  "quoteDepositsTotal": "063d",
  "quoteFeesAccrued": "03",
  "quoteDustThreshold": "64",
  "requestQueue": "CVPSTvp71Hcub2PjhrjUWyz6pK3CtjUQ9QQo89qRGXqF",
  "eventQueue": "7rVeC3GVmyw93k5yXgAyCmTQx9zCE6NKT9b1KWswE5Yx",
  "bids": "8WgjtQP8AaWYDkBcmN5v82iqujDhMGfZoAVKXSCZ1j8L",
  "asks": "DdNxVC3z1VTG4zQRCw1UQFzZBgDJFDSk5UpAA3T6Ciuj",
  "baseLotSize": "3b9aca00",
  "quoteLotSize": "01",
  "feeRateBps": "00",
  "referrerRebatesAccrued": "0640",
  "provider": "openbook",
  "other": "EPjFWdd5AufqSSqeM2qN1xzybapC8G4wEGGkZwyTDt1v",
  "baseScale": 9,
  "quoteScale": 6
}