{
  "accountFlags": {
    "initialized": true,
    "market": true,
    "openOrders": false,
    "requestQueue": false,
    "eventQueue": false,
    "bids": false,
    "asks": false
  },
  "ownAddress": "AoXVbpQ4ddUZXrP55tn1E3PiENFN12DAVxB6Wq43scTU",
  "vaultSignerNonce": "00",
  "baseMint": "9nEqaUcb16sQ3Tn1psbkWqyhPdLmfHWjKGymREjsAgTE",
  "quoteMint": "EPjFWdd5AufqSSqeM2qN1xzybapC8G4wEGGkZwyTDt1v",
  "baseVault": "F4uhpiwVNbH2BcL7pNWYesnjvZRfns8fjfeiHK8TDVqC",
  "baseDepositsTotal": "00",
  "baseFeesAccrued": "00",
  "quoteVault": "5Y967DXoomcdDc3bJPTDDULQFih3CDwrnkRsnQWADVHt",
  "quoteDepositsTotal": "00",
  "quoteFeesAccrued": "00",
  "quoteDustThreshold": "01f4",
  "requestQueue": "9GX3SSyGT9y2jCLr6thXpNDeNxiGZA27frgW9k2nztR1",
  "eventQueue": "D9GThJxZcdagwE9gTYAw1nJqxZPHV16r4dekyV5wAEBm",
  "bids": "8iapHZfyyNYmcfWSjzqmYah58cqvANR2zoVtr6Y6cJ7W",
  "asks": "GzVZyxC7ioc7uWLJH1xqpgT3HG45YPr3P2ZB89yaen3B",
  "baseLotSize": "0186a0",
  "quoteLotSize": "00",
  "feeRateBps": "96",
  "referrerRebatesAccrued": "00",
  "provider": "openbook",
  "other": "EPjFWdd5AufqSSqeM2qN1xzybapC8G4wEGGkZwyTDt1v",
  "baseScale": 6,
  "quoteScale": 6
}