{
  "accountFlags": {
    "initialized": true,
    "market": true,
    "openOrders": false,
    "requestQueue": false,
    "eventQueue": false,
    "bids": false,
    "asks": false
  },
  "ownAddress": "ArqzdSawkYQQNXUsef2Ndj6fcnNktgyzPuT1ouNZwj4E",
  "vaultSignerNonce": "00",
  "baseMint": "PRSMNsEPqhGVCH1TtWiJqPjJyh2cKrLostPZTNy1o5x",
  "quoteMint": "EPjFWdd5AufqSSqeM2qN1xzybapC8G4wEGGkZwyTDt1v",
  "baseVault": "22gRmc3BiC69SU1NycpqgBG6C4U6AG6s32mfd3aBFEbK",
  "baseDepositsTotal": "0d5abbde3640",
  "baseFeesAccrued": "00",
  "quoteVault": "GLUe3RJQRSPcgwFTLbuJeJYXLcSSmu2wKhaGPi4BM944",
  "quoteDepositsTotal": "11b68e4125",
  "quoteFeesAccrued": "23cb15",
  "quoteDustThreshold": "01f4",
  "requestQueue": "6pYrMRVjiAyt6rNdgymit4cBsBZyNDkmHYfvHpKruBU1",
  "eventQueue": "G3GB6Tq1RdJA2dSp63FSXztpVpBUju1zrCF3odQeeXHP",
  "bids": "Ht6K1oEp2A1LiXwMkSQCTQcdrhbJyWgUVoQeVsZHJY2H",
  "asks": "6pd8rbo4Z8icRytRBnhFkseX2TMNG2mjyaB8i4cQiR3n",
  "baseLotSize": "2710",
  "quoteLotSize": "01",
  "feeRateBps": "96",
  "referrerRebatesAccrued": "47a507",
  "provider": "openbook",
  "other": "EPjFWdd5AufqSSqeM2qN1xzybapC8G4wEGGkZwyTDt1v",
  "baseScale": 6,
  "quoteScale": 6
}