{
  "accountFlags": {
    "initialized": true,
    "market": true,
    "openOrders": false,
    "requestQueue": false,
    "eventQueue": false,
    "bids": false,
    "asks": false
  },
  "ownAddress": "AwicshLFRJghZQuK9NJYJ1fTq7ZiAFaqTzC6N5eFYT6d",
  "vaultSignerNonce": "00",
  "baseMint": "4xGGBuyz7r7ps6Kb2Xt8Nh7B6hcGxTaC1pYvcxXJ83YG",
  "quoteMint": "EPjFWdd5AufqSSqeM2qN1xzybapC8G4wEGGkZwyTDt1v",
  "baseVault": "83WT9dvdXhLuvbsd1pEwZpMxHavHQeYTydPWbCYZzU84",
  "baseDepositsTotal": "00",
  "baseFeesAccrued": "00",
  "quoteVault": "7igvRrf6hiSoNVYZA733k5mcspdo3xqMzYUoeLGBSGfv",
  "quoteDepositsTotal": "00",
  "quoteFeesAccrued": "00",
  "quoteDustThreshold": "64",
  "requestQueue": "b5aVCbsiXcV4MHL4jxx7iwbp2Q4vErt2PZM4K3bECBZ",
  "eventQueue": "91E71HT8Cn5vqQFpse3Lcckh7qr2JAYYqbdwXizeGUKk",
  "bids": "3RWXDrpXMWrDExnkcNqn7r4FQNDLkng69dGbbi66m6Nx",
  "asks": "CqFjqavPuiM657Ajb2Wnmc4X5STRTL6zEzL53HDYoFbY",
  "baseLotSize": "3b9aca00",
  "quoteLotSize": "03e8",
  "feeRateBps": "00",
  "referrerRebatesAccrued": "00",
  "provider": "openbook",
  "other": "EPjFWdd5AufqSSqeM2qN1xzybapC8G4wEGGkZwyTDt1v",
  "baseScale": 9,
  "quoteScale": 6
}