{
  "accountFlags": {
    "initialized": true,
    "market": true,
    "openOrders": false,
    "requestQueue": false,
    "eventQueue": false,
    "bids": false,
    "asks": false
  },
  "ownAddress": "B5WjFRCgnW6yMdW3Ww9wkV2xYVpVk48XxdP8p3QydizT",
  "vaultSignerNonce": "00",
  "baseMint": "GWsZd8k85q2ie9SNycVSLeKkX7HLZfSsgx6Jdat9cjY1",
  "quoteMint": "So11111111111111111111111111111111111111112",
  "baseVault": "G212EVRpjU71uWY3tXEt3Ujcs5rFo1yqf1RaJwp87WGY",
  "baseDepositsTotal": "0104fcc0f100",
  "baseFeesAccrued": "00",
  "quoteVault": "EtjAqar4UJxikCLKrJP7ZoVKgEFu1dTsiq4QNCUgcwpr",
  "quoteDepositsTotal": "00",
  "quoteFeesAccrued": "0142",
  "quoteDustThreshold": "64",
  "requestQueue": "6afge5UhC4fn6Cs77Js2tf7FW8hpAN1TmSsaJjG9ausH",
  "eventQueue": "cjJFPoQvFyxytEvVrAVgxtyBysUUSToKVjP2yoQMrzL",
  "bids": "HrnNsJXKBZiKEvsxFtiXedta7tJdasCt95s1iqdZNozE",
  "asks": "CsJ3QzByzpS3eq1T992rJUFaDCUJ14oPURPMtgjZSz8J",
  "baseLotSize": "0f4240",
  "quoteLotSize": "03e8",
  "feeRateBps": "00",
  "referrerRebatesAccrued": "9bc8",
  "provider": "openbook",
  "other": "So11111111111111111111111111111111111111112",
  "baseScale": 9,
  "quoteScale": 9
}