{
  "accountFlags": {
    "initialized": true,
    "market": true,
    "openOrders": false,
    "requestQueue": false,
    "eventQueue": false,
    "bids": false,
    "asks": false
  },
  "ownAddress": "BdCSKDyB9S2Ea8tem7VrYkcESecwAekECbwGwnyvWeDw",
  "vaultSignerNonce": "00",
  "baseMint": "So11111111111111111111111111111111111111112",
  "quoteMint": "J1toso1uCk3RLmjorhTtrVwY9HJ7X8V9yYac6Y7kGCPn",
  "baseVault": "Dx8zGkaW84WEFLmiZBChXqm32CsxzmfPBQsyroc5JyUQ",
  "baseDepositsTotal": "b28720",
  "baseFeesAccrued": "00",
  "quoteVault": "DbPcLzFwgJPPEbomp1ZCDRWPkv2UxpCXXZFreec3PpVA",
  "quoteDepositsTotal": "00",
  "quoteFeesAccrued": "00",
  "quoteDustThreshold": "64",
  "requestQueue": "A9KEVZgtJz7dZJpP2XYnBkTZGBQ8BKVE4vvbWm3cxsfT",
  "eventQueue": "9JxgUcCb5L5mSCrahVH8buGzG94pc3dvXdG1pMaEQtWX",
  "bids": "BZStHTTSBg3yYwMRj6CY9XN3yqxLkKf8a5hrvVSWkeYB",
  "asks": "3g3Cyaav9hDSZ5i9ETbDdi6xtyardpYq7tS3KT6PykdK",
  "baseLotSize": "0186a0",
  "quoteLotSize": "64",
  "feeRateBps": "00",
  "referrerRebatesAccrued": "00",
  "provider": "openbook",
  "other": "So11111111111111111111111111111111111111112",
  "baseScale": 9,
  "quoteScale": 9
}