{
  "accountFlags": {
    "initialized": true,
    "market": true,
    "openOrders": false,
    "requestQueue": false,
    "eventQueue": false,
    "bids": false,
    "asks": false
  },
  "ownAddress": "BF6RjFmju696ygH7oMxd6Z5d6KejkHtsvswjzskCfzrd",
  "vaultSignerNonce": "00",
  "baseMint": "ZScHuTtqZukUrtZS43teTKGs2VqkKL8k4QCouR2n6Uo",
  "quoteMint": "EPjFWdd5AufqSSqeM2qN1xzybapC8G4wEGGkZwyTDt1v",
  "baseVault": "571BkAgXwaojNTwM6GJxtW4uwW25g2897sxytuX295g2",
  "baseDepositsTotal": "7530",
  "baseFeesAccrued": "00",
  "quoteVault": "GNDMYx55QfUfFiHoFYjQKXvAdUkszCBEG3zGGCcmmEc2",
  "quoteDepositsTotal": "57ef3f",
  "quoteFeesAccrued": "04",
  "quoteDustThreshold": "64",
  "requestQueue": "FsvGDGf2AyJDTiRVBw4AEoaZ5xV2Agv3svsKEYUGBE6J",
  "eventQueue": "AnDC3haJyzJju3LWmG9nDbzE3k4nTzNF722zoBNxnfES",
  "bids": "CCsWeR93uHXtA6NcVQWPFGLCQ8fmtHzkJW2qP2ENxDBb",
  "asks": "GXQFKoXKX9FJE9JV6mRQbQWDvqCo6wETNXDA656rEZxS",
  "baseLotSize": "2710",
  "quoteLotSize": "0a",
  "feeRateBps": "00",
  "referrerRebatesAccrued": "77",
  "provider": "openbook",
  "other": "EPjFWdd5AufqSSqeM2qN1xzybapC8G4wEGGkZwyTDt1v",
  "baseScale": 8,
  "quoteScale": 6
}