{
  "accountFlags": {
    "initialized": true,
    "market": true,
    "openOrders": false,
    "requestQueue": false,
    "eventQueue": false,
    "bids": false,
    "asks": false
  },
  "ownAddress": "BmwjDNbxGqp8YtydDUfmrStum4YE4GFBPMSCQedzpE2H",
  "vaultSignerNonce": "02",
  "baseMint": "5tFbKtYB1pisDApKZVz7eMr7d5BYJxb6NRwN618pJZ6M",
  "quoteMint": "Es9vMFrzaCERmJfrF4H2FYD4KCoNkY11McCe8BenwNYB",
  "baseVault": "2qar7sLMqC6ot2QNzpMZcGedePMU7Yqh1PoyS4qWwp9d",
  "baseDepositsTotal": "00",
  "baseFeesAccrued": "00",
  "quoteVault": "Eq6VCr7CU6f1zAYJDmRTJN8FmC9juxU5RfkNCycpAooQ",
  "quoteDepositsTotal": "00",
  "quoteFeesAccrued": "00",
  "quoteDustThreshold": "01f4",
  "requestQueue": "FzQGJsUrkrJZFaJg2ULorkEcWUFhDnkhWTWgzMjMs2ho",
  "eventQueue": "7VNSKaA3RKdastkzUC6KBzj5pMP9KrCPRZGJP1TntPiu",
  "bids": "AYfR6Lge3aJekcFAmiS8ywxXmwFzCm9W6GMPXbLC8EeP",
  "asks": "Ecsg27vAx6erDZ75ub1xX6YrURepwYZ9qRWrunFZ7bce",
  "baseLotSize": "01",
  "quoteLotSize": "00",
  "feeRateBps": "96",
  "referrerRebatesAccrued": "00",
  "provider": "openbook",
  "other": "Es9vMFrzaCERmJfrF4H2FYD4KCoNkY11McCe8BenwNYB",
  "baseScale": 9,
  "quoteScale": 6
}