{
  "accountFlags": {
    "initialized": true,
    "market": true,
    "openOrders": false,
    "requestQueue": false,
    "eventQueue": false,
    "bids": false,
    "asks": false
  },
  "ownAddress": "BNjAHrQnNuMwXorkQtsEhQhEd6oAD8XMxf5c2RnbWkk",
  "vaultSignerNonce": "00",
  "baseMint": "AFbX8oGjGpmVFywbVouvhQSRmiW2aR1mohfahi4Y2AdB",
  "quoteMint": "EPjFWdd5AufqSSqeM2qN1xzybapC8G4wEGGkZwyTDt1v",
  "baseVault": "7GZmPeSULUFyVCv1EqqF9tNuCxMQRsDPJ4Q9dHBpKhM",
  "baseDepositsTotal": "23284d2600",
  "baseFeesAccrued": "00",
  "quoteVault": "EEDozazQEbnyw1WbaqTzPz3qnhzdQPmC8zei4Y4fR1ek",
  "quoteDepositsTotal": "98bd90",
  "quoteFeesAccrued": "00",
  "quoteDustThreshold": "64",
  "requestQueue": "E8J2U5cUdCLQEqFuLB3FzRscoVC1aLKF1zD3MYozFnsc",
  "eventQueue": "GJpkFq5pNY5hA239bx5nKbL6boQ8iw46zpu83qtvuxAQ",
  "bids": "FKu5CCqDnvpKDrxwY266qtCa4ZAVAk4U1XbrkE4gqqua",
  "asks": "3UKn4EVEgt2Li8gT7CfjW3NHipBtzmUFTnpqduUooDR9",
  "baseLotSize": "989680",
  "quoteLotSize": "01",
  "feeRateBps": "00",
  "referrerRebatesAccrued": "00",
  "provider": "openbook",
  "other": "EPjFWdd5AufqSSqeM2qN1xzybapC8G4wEGGkZwyTDt1v",
  "baseScale": 9,
  "quoteScale": 6
}