{
  "accountFlags": {
    "initialized": true,
    "market": true,
    "openOrders": false,
    "requestQueue": false,
    "eventQueue": false,
    "bids": false,
    "asks": false
  },
  "ownAddress": "BUmTXSXPJcwSFthUxdpNHqHYp8GezyHRUMdcbFgXATGY",
  "vaultSignerNonce": "02",
  "baseMint": "9iLH8T7zoWhY7sBmj1WK9ENbWdS1nL8n9wAxaeRitTa6",
  "quoteMint": "EPjFWdd5AufqSSqeM2qN1xzybapC8G4wEGGkZwyTDt1v",
  "baseVault": "3pHfGGXBcnsR9uzWPvsMmN1NFyXrTnXW4BWVnzYvfwSc",
  "baseDepositsTotal": "03663a5200",
  "baseFeesAccrued": "00",
  "quoteVault": "4FDV5BS3UJRFvjN9PssCPWRryB9tkKBiDMecUkyhFqLH",
  "quoteDepositsTotal": "01ebaa3a",
  "quoteFeesAccrued": "02",
  "quoteDustThreshold": "01f4",
  "requestQueue": "FGg5iHCoWJ5E9CSQagKyto2kotQjpxNtmt4vsEd3JXtT",
  "eventQueue": "9pTQex36zHX4ruyZf5mCuyhuNKYP3xHAvfTQD32Nb7oy",
  "bids": "CdQzHUyM73ah3WoRn2a3EqQb365TEFSNb1iWRa6omsAY",
  "asks": "Fz4tb8PUfwTRcA875t1t1puhy9Nmdhq3SNQPRnAjovNp",
  "baseLotSize": "05f5e100",
  "quoteLotSize": "2710",
  "feeRateBps": "96",
  "referrerRebatesAccrued": "06dc",
  "provider": "openbook",
  "other": "EPjFWdd5AufqSSqeM2qN1xzybapC8G4wEGGkZwyTDt1v",
  "baseScale": 9,
  "quoteScale": 6
}