{
  "accountFlags": {
    "initialized": true,
    "market": true,
    "openOrders": false,
    "requestQueue": false,
    "eventQueue": false,
    "bids": false,
    "asks": false
  },
  "ownAddress": "ByHRAM6pcfmrqyfSJtJ3JLsrEhkmTsWk86Urt2sjXZWo",
  "vaultSignerNonce": "01",
  "baseMint": "GkywroLpkvYQc5dmFfd2RchVYycXZdaA5Uzix42iJdNo",
  "quoteMint": "EPjFWdd5AufqSSqeM2qN1xzybapC8G4wEGGkZwyTDt1v",
  "baseVault": "AYDHbLvKyS7M9aXpk8Fqyj75xH1SXQmJssiytisbMzKJ",
  "baseDepositsTotal": "020705edd7e000",
  "baseFeesAccrued": "00",
  "quoteVault": "HFv3XdWR3aUzJ3fYARUirQPsvAJBgyjk2TRCJBASKKFA",
  "quoteDepositsTotal": "0d875433",
  "quoteFeesAccrued": "3206",
  "quoteDustThreshold": "64",
  "requestQueue": "HtYKF8FaSjtRF3aTKab3y1aDKkbzGTHpLPwGvHG27QwH",
  "eventQueue": "GPyTCQcQdTMnMpERxSPP4611coM3TWjwSgj9ZVajkYoJ",
  "bids": "EQ2LpzvYEsoKDUGYwL3PCT52cu1H9s9JrEzrvieQnb5h",
  "asks": "4eTiNH89pmoAoFW9Z43EVDfjDCTTozHK5FWV5Cbs8QjY",
  "baseLotSize": "3b9aca00",
  "quoteLotSize": "01",
  "feeRateBps": "00",
  "referrerRebatesAccrued": "0567b5",
  "provider": "openbook",
  "other": "EPjFWdd5AufqSSqeM2qN1xzybapC8G4wEGGkZwyTDt1v",
  "baseScale": 9,
  "quoteScale": 6
}