{
  "accountFlags": {
    "initialized": true,
    "market": true,
    "openOrders": false,
    "requestQueue": false,
    "eventQueue": false,
    "bids": false,
    "asks": false
  },
  "ownAddress": "C3Hv6qZfoB2TxDQBy8UWJ3y1q4kZhMHsp1goLq3sb7xu",
  "vaultSignerNonce": "00",
  "baseMint": "1C2EYVrwmoXAGbiKirFFBeDFDYUBHPhDeg9trhibTND",
  "quoteMint": "EPjFWdd5AufqSSqeM2qN1xzybapC8G4wEGGkZwyTDt1v",
  "baseVault": "9HLyNxB5c47maQ1WoZXVhU85USE6zsiHKToDMWMpxzDF",
  "baseDepositsTotal": "0a3c7932513a00",
  "baseFeesAccrued": "00",
  "quoteVault": "DEPWW9Ug9kq4ynn9Cxii8FMurpMidAgFkEZ2epBtMEWb",
  "quoteDepositsTotal": "0146350c",
  "quoteFeesAccrued": "0344",
  "quoteDustThreshold": "64",
  "requestQueue": "7L9NKjeCKCg2RbydZzKQVQG6mVtKpZhk2tBqi5rjrgU2",
  "eventQueue": "Ay7k4xLjVY3mBDNu6q6HxcBoH5J189qCbXam4QZkxVc6",
  "bids": "HTUr3Fya7vxj4jfT53kPVd414DoPMdHuxNCfFpzMazVp",
  "asks": "Heyitk84628S6qMh8U7ibhkBCDNpE7mvHjmEo4aG9Lia",
  "baseLotSize": "3b9aca00",
  "quoteLotSize": "0a",
  "feeRateBps": "00",
  "referrerRebatesAccrued": "1a83",
  "provider": "openbook",
  "other": "EPjFWdd5AufqSSqeM2qN1xzybapC8G4wEGGkZwyTDt1v",
  "baseScale": 9,
  "quoteScale": 6
}