{
  "accountFlags": {
    "initialized": true,
    "market": true,
    "openOrders": false,
    "requestQueue": false,
    "eventQueue": false,
    "bids": false,
    "asks": false
  },
  "ownAddress": "C9s1sroFYwVLGDfw4AorpNtUZvvYaFL72xQZtr7Huy6K",
  "vaultSignerNonce": "00",
  "baseMint": "6QSQ28juyiV5bkQ19AttaLPidtGDZbSKPbM2GrvRAAQA",
  "quoteMint": "So11111111111111111111111111111111111111112",
  "baseVault": "9vGPPrLsJgyV64tzCTWvVA7mzYJXNUpYkLWVyg5ZtLvb",
  "baseDepositsTotal": "00",
  "baseFeesAccrued": "00",
  "quoteVault": "6svQSef7nGiQKV8H6oyeq2qNYqBbSoNxT4DMLk8Ju1zy",
  "quoteDepositsTotal": "00",
  "quoteFeesAccrued": "00",
  "quoteDustThreshold": "64",
  "requestQueue": "Gw6dnwLL48yieuuf4AQhqdjZ3nMq4jrGMrowcySjwowy",
  "eventQueue": "Hj1VR5zQPTr2XuxaWSt46AqmKiSHJduAeU1VTFUTHdQ4",
  "bids": "AYuitnUgNLXzwBaDG2ym8QLcNWKCWtjZkLLfRRMaa3xc",
  "asks": "FjhjahSNSVgvc3YttdupkS3PQD9GaZeoav9RH7Kr6Jfc",
  "baseLotSize": "989680",
  "quoteLotSize": "2710",
  "feeRateBps": "00",
  "referrerRebatesAccrued": "00",
  "provider": "openbook",
  "other": "So11111111111111111111111111111111111111112",
  "baseScale": 9,
  "quoteScale": 9
}