{
  "accountFlags": {
    "initialized": true,
    "market": true,
    "openOrders": false,
    "requestQueue": false,
    "eventQueue": false,
    "bids": false,
    "asks": false
  },
  "ownAddress": "CCepXEQxo8eTqCGtRHXrSnZdhCEQjQeEW3M85AH9skMJ",
  "vaultSignerNonce": "02",
  "baseMint": "StepAscQoEioFxxWGnh2sLBDFp9d8rvKz2Yp39iDpyT",
  "quoteMint": "EPjFWdd5AufqSSqeM2qN1xzybapC8G4wEGGkZwyTDt1v",
  "baseVault": "7qxa9P2q5jtKsoYgbyfUVSrRFTAhQcynH6D2GNcUYHpj",
  "baseDepositsTotal": "010c83e5102400",
  "baseFeesAccrued": "00",
  "quoteVault": "N18YWjhnYxWRQKkXZTpztQ3Ea5zusKqtMVKXAK5kYqv",
  "quoteDepositsTotal": "31a59c7f",
  "quoteFeesAccrued": "06df61dd",
  "quoteDustThreshold": "64",
  "requestQueue": "58sDUMz5CHyPL6qTDKXvDEzXvcHbncYWk1AjBVG2grZv",
  "eventQueue": "6QXjBUC1MhsE6A9DkKefDpqb279KtBm981SuixW8Amxr",
  "bids": "893Fc43YE4TJ4nMky8NoxDdcMD1KKBicfYpW1AosR8En",
  "asks": "FSrtmmJz1bM5DeKmBMuCpPWgPiqdTC9i7Fojxed6WZiz",
  "baseLotSize": "05f5e100",
  "quoteLotSize": "01",
  "feeRateBps": "00",
  "referrerRebatesAccrued": "03123846",
  "provider": "openbook",
  "other": "EPjFWdd5AufqSSqeM2qN1xzybapC8G4wEGGkZwyTDt1v",
  "baseScale": 9,
  "quoteScale": 6
}