{
  "accountFlags": {
    "initialized": true,
    "market": true,
    "openOrders": false,
    "requestQueue": false,
    "eventQueue": false,
    "bids": false,
    "asks": false
  },
  "ownAddress": "CecrswDHwvqnynCJDZAD53J5dkU4TkHDF3eQSyYCrr2K",
  "vaultSignerNonce": "00",
  "baseMint": "7CnFGR9mZWyAtWxPcVuTewpyC3A3MDW4nLsu5NY6PDbd",
  "quoteMint": "EPjFWdd5AufqSSqeM2qN1xzybapC8G4wEGGkZwyTDt1v",
  "baseVault": "7LAWcddyyx6Ms8Sb1caeyimepn8eDr3L6REc3WebaVRm",
  "baseDepositsTotal": "00",
  "baseFeesAccrued": "00",
  "quoteVault": "GzyBN4e94QSTmRLfAC6REGqfLxxdAV2767vZsnkbJFFV",
  "quoteDepositsTotal": "11e1a300",
  "quoteFeesAccrued": "00",
  "quoteDustThreshold": "64",
  "requestQueue": "DBu9q57ww8YJh3YRPN5ki4jVZMdiLSS1mpN5z1Ehvaw2",
  "eventQueue": "5zhJ4jQxVo4XLYQngwrShspnvYkmNDaemLSZuMjwsU72",
  "bids": "4XC8pUhDqrfg3QJYtSwyVU2qHLQfT3tfHbzhYde6FSiD",
  "asks": "8X61RHZu3fb6Lsjmr6ZqZSjNxUgsY3njsMX68jJhCXb5",
  "baseLotSize": "0f4240",
  "quoteLotSize": "03e8",
  "feeRateBps": "00",
  "referrerRebatesAccrued": "00",
  "provider": "openbook",
  "other": "EPjFWdd5AufqSSqeM2qN1xzybapC8G4wEGGkZwyTDt1v",
  "baseScale": 6,
  "quoteScale": 6
}