{
  "accountFlags": {
    "initialized": true,
    "market": true,
    "openOrders": false,
    "requestQueue": false,
    "eventQueue": false,
    "bids": false,
    "asks": false
  },
  "ownAddress": "CFW3YFB4uN1NWFDYmcKmT9qA3iyi3L5Bz9QJNjKQAWeS",
  "vaultSignerNonce": "02",
  "baseMint": "PRT88RkA4Kg5z7pKnezeNH4mafTvtQdfFgpQTGRjz44",
  "quoteMint": "EPjFWdd5AufqSSqeM2qN1xzybapC8G4wEGGkZwyTDt1v",
  "baseVault": "C6CLqnGmW66DCRqvd9Dpf7dwXPGfkFYp3JWV2aqU5j6A",
  "baseDepositsTotal": "95c2725580",
  "baseFeesAccrued": "00",
  "quoteVault": "yhxYZCeZb4iPesXwbJZBTR7zCb9dnSNhEtds2E4MSKA",
  "quoteDepositsTotal": "18eb660c",
  "quoteFeesAccrued": "097277ec",
  "quoteDustThreshold": "64",
  "requestQueue": "NQGABA39TzNUxocyn7xdRu8NZRyB7Ajpd21EFAxv4XF",
  "eventQueue": "FgNb3HRjgBRV1jtd55MhxQwgAo8rgxFwz9BnbAsysjFz",
  "bids": "DmG6MFP7m5Vu83mWVWnpoAmwBB88J6A6vvUJC3oDkDto",
  "asks": "8YEpk7dLT4tF5SH5v6AXH6VQTCyjaPo2ESSq8HR9wUyC",
  "baseLotSize": "0186a0",
  "quoteLotSize": "01",
  "feeRateBps": "00",
  "referrerRebatesAccrued": "067eaa9c",
  "provider": "openbook",
  "other": "EPjFWdd5AufqSSqeM2qN1xzybapC8G4wEGGkZwyTDt1v",
  "baseScale": 6,
  "quoteScale": 6
}