{
  "accountFlags": {
    "initialized": true,
    "market": true,
    "openOrders": false,
    "requestQueue": false,
    "eventQueue": false,
    "bids": false,
    "asks": false
  },
  "ownAddress": "CjipxRNjepZyzk31SJszz4DxX6US2YQj8QxD1wT7dkdx",
  "vaultSignerNonce": "00",
  "baseMint": "EPjFWdd5AufqSSqeM2qN1xzybapC8G4wEGGkZwyTDt1v",
  "quoteMint": "So11111111111111111111111111111111111111112",
  "baseVault": "FzoQ6SZijgbstCu8ZZrdTpvFzipyiBzwb7rP8JnKkt9D",
  "baseDepositsTotal": "00",
  "baseFeesAccrued": "00",
  "quoteVault": "6ey5HoQbBbT2jPAfiqRsaitxKXvMszcY7NeCRGg37Zfx",
  "quoteDepositsTotal": "00",
  "quoteFeesAccrued": "00",
  "quoteDustThreshold": "64",
  "requestQueue": "EcKuwSgxvq6GkfUaLSP9fRV9Gtnyfk5bfjaygnwaDKBb",
  "eventQueue": "ocWWBTGvkF2oHXd9X2cuyqny1pZCL2Eipazr2NrtSaX",
  "bids": "D8XoACe41xYv66o7GL9rXTrNH3SfhYtrHPJpMNr2kZm4",
  "asks": "uo2nphxMr6dmzidULUJAvpQbBWKJLRfHqZ4UgY5oeN2",
  "baseLotSize": "0f4240",
  "quoteLotSize": "989680",
  "feeRateBps": "00",
  "referrerRebatesAccrued": "00",
  "provider": "openbook",
  "other": "EPjFWdd5AufqSSqeM2qN1xzybapC8G4wEGGkZwyTDt1v",
  "baseScale": 6,
  "quoteScale": 9
}