{
  "accountFlags": {
    "initialized": true,
    "market": true,
    "openOrders": false,
    "requestQueue": false,
    "eventQueue": false,
    "bids": false,
    "asks": false
  },
  "ownAddress": "CNtBxd1vmgLJLs5EevWECqb97BN2fqsoJybx1cTSpuD5",
  "vaultSignerNonce": "00",
  "baseMint": "8ynFsmZn1GpDreKCdn93ewqoUr5THpdhAo2MWcY4FmEG",
  "quoteMint": "EPjFWdd5AufqSSqeM2qN1xzybapC8G4wEGGkZwyTDt1v",
  "baseVault": "eVfffWYi9RgrCQQiriQ7rhZEKGmmtDBTPukopbAzSZB",
  "baseDepositsTotal": "0f4240",
  "baseFeesAccrued": "00",
  "quoteVault": "2n3xD7jVnq5xCu8HT4gRav9BAbSCY2FiDEU71ocTZghH",
  "quoteDepositsTotal": "1e8480",
  "quoteFeesAccrued": "00",
  "quoteDustThreshold": "64",
  "requestQueue": "7sTssuXZLJwdyFFMAzbnudz7Nqwy4F9BVhwRmMQtZcCV",
  "eventQueue": "EE9u7hZzLqjci5R5zGB35cA3V2245EMKaowjTMC5MM4Z",
  "bids": "82rWaHoou9iUiYSXJYrr1yz826BseU4TPaWaUDFk4MPa",
  "asks": "G9sXyAjFduyc16LZ2i77w5hd7zGaew2RaSfxPMTEvvtm",
  "baseLotSize": "0f4240",
  "quoteLotSize": "2710",
  "feeRateBps": "00",
  "referrerRebatesAccrued": "00",
  "provider": "openbook",
  "other": "EPjFWdd5AufqSSqeM2qN1xzybapC8G4wEGGkZwyTDt1v",
  "baseScale": 6,
  "quoteScale": 6
}