{
  "owner": "D3BBjqUdCYuP18fNvvMbPAZ8DpcRi4io2EsYHQawJDag",
  "pubkey": "2gtDG2iYam6z4eCjx9yfBD7ayRXQGTDymjqQLiHqr7Z6",
  "data": {
    "authority": "8W6QginLcAydYyMYjxuyKQN56NzeakDE3aRFrAmocS6D",
    "fee": "3567e0",
    "taxFee": "16e360",
    "state": {
      "initialized": {}
    },
    "mintLpt": "8zzV8kkfv9amN3UA3g4fKtDzd79td2krc3VMy5CZo275",
    "taxMan": "9doo2HZQEmh2NgfT3Yx12M89aoBheycYqH1eaR5gKb3e",
    "mints": [
      "SENBBKVCM7homnf5RX9zqpf1GFe935hnbU4uVzY1Y6M",
      "EPjFWdd5AufqSSqeM2qN1xzybapC8G4wEGGkZwyTDt1v"
    ],
    "actions": [
      {
        "active": {}
      },
      {
        "active": {}
      }
    ],
    "treasuries": [
      "9zUUvhKuqfQuxmnDTC2fQ4VqukvFHcZbjkMiN3bp4AFV",
      "3XdFEcJ3SUCDst92hmYsMLQL1TpRqJRg5ptEikBWGn2K"
    ],
    "reserves": [
      "d5c34328d46891",
      "129c28784f"
    ],
    "weights": [
      "0ba43b7400",
      "0ba43b7400"
    ]
  },
  "params": {
    "treasurer": "BHxt1dWCGPtezcSrLUsQFjLPfY3VPApJfMuevj6pH4vn",
    "taxmanTokenAccounts": [
      "Eb26fuFY5pb9Ri6eoyjy9j2a4oWW35DgZb1rzrWKbgMn",
      "72JkQT8UHvtvXN3jTiH5KoTguyAFq588bwxwraxwMrW6"
    ]
  },
  "provider": "balansol",
  "poolAddress": "2gtDG2iYam6z4eCjx9yfBD7ayRXQGTDymjqQLiHqr7Z6",
  "other": "EPjFWdd5AufqSSqeM2qN1xzybapC8G4wEGGkZwyTDt1v"
}