{
  "owner": "D3BBjqUdCYuP18fNvvMbPAZ8DpcRi4io2EsYHQawJDag",
  "pubkey": "2sd37XLN964PqiwJ53Ghy6VS9rY3wg6v9jXTWgyYTS9A",
  "data": {
    "authority": "66ikN38psJgK9h4S9hkkUA9DbaRzozUh8Ynq1h4M1NAW",
    "fee": "989680",
    "taxFee": "07a120",
    "state": {
      "initialized": {}
    },
    "mintLpt": "9VCy9nQvwAkprDZ7qmCRgyWEmULsWSm6mCtMgbe7bpkm",
    "taxMan": "9doo2HZQEmh2NgfT3Yx12M89aoBheycYqH1eaR5gKb3e",
    "mints": [
      "Fishy64jCaa3ooqXw7BHtKvYD8BTkSyAPh6RNE3xZpcN",
      "So11111111111111111111111111111111111111112"
    ],
    "actions": [
      {
        "active": {}
      },
      {
        "active": {}
      }
    ],
    "treasuries": [
      "GQ5wE3CewtHCwuz9gLtj4SY5UtrwWrYXoVmQDmQr1c4y",
      "3c5EN8v8eMVd2Yzjs5jGVaM7hEqMjax6xLPvwKE7Lunk"
    ],
    "reserves": [
      "3f",
      "cd"
    ],
    "weights": [
      "0ba43b7400",
      "0ba43b7400"
    ]
  },
  "params": {
    "treasurer": "A82deDHSRL5ZGjMko1oB491BLSwNxGQRrwGgeU77LQWg",
    "taxmanTokenAccounts": [
      "2NLQRDNgTMVdnQpWETmbVKGTfZpJFauJP8bnqthGrrGN",
      "Dcd63bUGN8pycgDCEU5nBB3j6vohPXmxFNufvZG8sU36"
    ]
  },
  "provider": "balansol",
  "poolAddress": "2sd37XLN964PqiwJ53Ghy6VS9rY3wg6v9jXTWgyYTS9A",
  "other": "So11111111111111111111111111111111111111112"
}