{
  "owner": "D3BBjqUdCYuP18fNvvMbPAZ8DpcRi4io2EsYHQawJDag",
  "pubkey": "4tVrfAhz2oQSkWLASjNJ7Aegrgsg78gRERoAtskqMd9N",
  "data": {
    "authority": "6zAzCnsHcpS19TBgL1xg7BTUuzkJDhkvP6gv7f7K6nbU",
    "fee": "02faf080",
    "taxFee": "07a120",
    "state": {
      "initialized": {}
    },
    "mintLpt": "4qa6Gd3wYQvzAYLM8ZfnzCE33QUwVkEiZNRyFMqBHGya",
    "taxMan": "9doo2HZQEmh2NgfT3Yx12M89aoBheycYqH1eaR5gKb3e",
    "mints": [
      "HveMRDv9brBTpDkDSMrUw9sxDqxbfmVSpLQxrC4gH4JK",
      "So11111111111111111111111111111111111111112"
    ],
    "actions": [
      {
        "active": {}
      },
      {
        "active": {}
      }
    ],
    "treasuries": [
      "CXau458z4cur4Ln4pJws2MpgGsuCiP7MpYKe7r8XxGCp",
      "2G38Q3NQV16H4saAz7R2U3AW1eEZoc4kGp8wWk4o4UC3"
    ],
    "reserves": [
      "042e823d1d50",
      "02e8ec"
    ],
    "weights": [
      "161e70f600",
      "012a05f200"
    ]
  },
  "params": {
    "treasurer": "J8f1Mz4sZ5NAB9RuqUz1ehDbrksSDPrKTeQkADqYmUrW",
    "taxmanTokenAccounts": [
      "CdBfnPcYNzZFohB4HW7zZPK1ss2Przp6PTK8zDmvs1JC",
      "Dcd63bUGN8pycgDCEU5nBB3j6vohPXmxFNufvZG8sU36"
    ]
  },
  "provider": "balansol",
  "poolAddress": "4tVrfAhz2oQSkWLASjNJ7Aegrgsg78gRERoAtskqMd9N",
  "other": "So11111111111111111111111111111111111111112"
}