{
  "owner": "D3BBjqUdCYuP18fNvvMbPAZ8DpcRi4io2EsYHQawJDag",
  "pubkey": "64LeMUs58fHUJ9d4C4zk6NsZEfpobVDxW3mBfxNqogbr",
  "data": {
    "authority": "7z82JyRcqAdGRuMNiF1JKDRgavZujiXw6gHwSZ2WjPgC",
    "fee": "2625a0",
    "taxFee": "07a120",
    "state": {
      "initialized": {}
    },
    "mintLpt": "BvswJX3dWv4jsvKBU1FoZn3VmzycRCgbiwUgcfDsTLEh",
    "taxMan": "9doo2HZQEmh2NgfT3Yx12M89aoBheycYqH1eaR5gKb3e",
    "mints": [
      "HNE11LjhNpkidvQFVanGGa2pJuKqBsDhha7VtB3JDQkP",
      "So11111111111111111111111111111111111111112"
    ],
    "actions": [
      {
        "active": {}
      },
      {
        "active": {}
      }
    ],
    "treasuries": [
      "3ebeGga6sv3FNsNFvs3EUW9thpbwfRFSP74VWFx5fjkK",
      "DTjvxeWcExz8ypogPDfAuUmfbCg8DUw4UUrTPiYvurPB"
    ],
    "reserves": [
      "00",
      "00"
    ],
    "weights": [
      "0ba43b7400",
      "0ba43b7400"
    ]
  },
  "params": {
    "treasurer": "A6A2QmDxGo48haCx9BeCfFB9BaJnj6Uf3iDo5tVkWqYA",
    "taxmanTokenAccounts": [
      "2QoprVtG1ABfWVYWTdK6pyJ7pDZTZWoF3QJx4yPsNUto",
      "Dcd63bUGN8pycgDCEU5nBB3j6vohPXmxFNufvZG8sU36"
    ]
  },
  "provider": "balansol",
  "poolAddress": "64LeMUs58fHUJ9d4C4zk6NsZEfpobVDxW3mBfxNqogbr",
  "other": "So11111111111111111111111111111111111111112"
}