{
  "owner": "D3BBjqUdCYuP18fNvvMbPAZ8DpcRi4io2EsYHQawJDag",
  "pubkey": "9sCTx86QDEuDmaMvkFiZBCDyfyQvvGpVwaaR29K9uhMu",
  "data": {
    "authority": "CwMWVWitbmM5D9ex73eufZgo9fx4ANGV4hLRqpUG2ixc",
    "fee": "0f4240",
    "taxFee": "07a120",
    "state": {
      "initialized": {}
    },
    "mintLpt": "6Z3wUHmfb8EyDttQdNHFAqa1CPV1tb4GzAdXkb1eXENS",
    "taxMan": "9doo2HZQEmh2NgfT3Yx12M89aoBheycYqH1eaR5gKb3e",
    "mints": [
      "foodQJAztMzX1DKpLaiounNe2BDMds5RNuPC6jsNrDG",
      "ammoK8AkX2wnebQb35cDAZtTkvsXQbi82cGeTnUvvfK",
      "fueL3hBZjLLLJHiFH9cqZoozTG3XQZ53diwFPwbzNim",
      "tooLsNYLiVqzg8o4m3L2Uetbn62mvMWRqkog6PQeYKL"
    ],
    "actions": [
      {
        "active": {}
      },
      {
        "active": {}
      },
      {
        "active": {}
      },
      {
        "active": {}
      }
    ],
    "treasuries": [
      "AJJTaDUjtW3nwioabMyfNDmnLrDejxDA5LNewPtiUK2T",
      "4Tg2TZRpKR4imWSuacLab8CoQhfebw2eqbTs3LUJ1qHh",
      "FhyEr7AtjiVoZ1H9FmfdtfvL1A2rC7QAqPQGUcDsPCAc",
      "9co9N1eP4pQeRJxnejZybSXSRVGA3763dMHiJPZ23fvN"
    ],
    "reserves": [
      "00",
      "00",
      "00",
      "00"
    ],
    "weights": [
      "05d21dba00",
      "05d21dba00",
      "05d21dba00",
      "05d21dba00"
    ]
  },
  "params": {
    "treasurer": "4o89Zz7cZUuiHxeiKNWkuAY1wjGSdJDa25uZuNDRapkN",
    "taxmanTokenAccounts": [
      "93hxNBJuDWHcvKs2PgJPzzipLi7Y4jeX8Wf5oxYkiPRT",
      "4KZEB7xzQVwQeyGVcTiQjyyabQWcuBNfxNQzufbgM8RY",
      "5z1qe91cLtW5j7qoE9xLRsSVcJdNet1fJrh5eP191z2m",
      "5vpttqfCo1acRdw3LKhEtreXDKf7ANaWuMzf4Nbmhrdb"
    ]
  },
  "provider": "balansol",
  "poolAddress": "9sCTx86QDEuDmaMvkFiZBCDyfyQvvGpVwaaR29K9uhMu",
  "other": "fueL3hBZjLLLJHiFH9cqZoozTG3XQZ53diwFPwbzNim"
}