{
  "owner": "D3BBjqUdCYuP18fNvvMbPAZ8DpcRi4io2EsYHQawJDag",
  "pubkey": "9VxsVMu91svWQykaMtok5BydVdKDydKs1FZa39rCBwT6",
  "data": {
    "authority": "H5WWHUrMH3jdVJuEEFjm9TiPnh6Fe7fRqYqFU3cFGGEe",
    "fee": "2625a0",
    "taxFee": "07a120",
    "state": {
      "initialized": {}
    },
    "mintLpt": "LP8e84vKw211k5qve5NoP9k4TnR8nKkUMj4WSUWZxnA",
    "taxMan": "9doo2HZQEmh2NgfT3Yx12M89aoBheycYqH1eaR5gKb3e",
    "mints": [
      "ammoK8AkX2wnebQb35cDAZtTkvsXQbi82cGeTnUvvfK",
      "FAMAaLeCgBN497vz2B54HYAFAHcoCD2DTh726o2iBaec"
    ],
    "actions": [
      {
        "active": {}
      },
      {
        "active": {}
      }
    ],
    "treasuries": [
      "Bz3ia7epNdmNLvRsx3TNsrwh3uNqUJUK7W7rMzTuxYgz",
      "EtbwfDJJ9jBJD35CKmhMCGthTH3MdQ9ynt2zo37cWACt"
    ],
    "reserves": [
      "00",
      "00"
    ],
    "weights": [
      "0ba43b7400",
      "0ba43b7400"
    ]
  },
  "params": {
    "treasurer": "DV2GQCT1JdBci8vqMBVDMxPjmdycL7dpcmR3XuU1CRmz",
    "taxmanTokenAccounts": [
      "4KZEB7xzQVwQeyGVcTiQjyyabQWcuBNfxNQzufbgM8RY",
      "DAhfkVNVZCFFC1bpkiZVk1HYVyRB48Qvmj4iVVSSnHkV"
    ]
  },
  "provider": "balansol",
  "poolAddress": "9VxsVMu91svWQykaMtok5BydVdKDydKs1FZa39rCBwT6",
  "other": "ammoK8AkX2wnebQb35cDAZtTkvsXQbi82cGeTnUvvfK"
}