{
  "owner": "D3BBjqUdCYuP18fNvvMbPAZ8DpcRi4io2EsYHQawJDag",
  "pubkey": "AqDXrDgr6dJ19FKFVtwJZ6cZuWkJska7QembVRpN1B1E",
  "data": {
    "authority": "ESphkM4pMV3DyHSuHimcJhEWXAzo9PUQJavFzmw98k1T",
    "fee": "2625a0",
    "taxFee": "07a120",
    "state": {
      "initialized": {}
    },
    "mintLpt": "FiEcqC1AqMzMZ1WcK6gC1PDhKbQsewcZgLDreZwwzT76",
    "taxMan": "9doo2HZQEmh2NgfT3Yx12M89aoBheycYqH1eaR5gKb3e",
    "mints": [
      "So11111111111111111111111111111111111111112",
      "foodQJAztMzX1DKpLaiounNe2BDMds5RNuPC6jsNrDG"
    ],
    "actions": [
      {
        "active": {}
      },
      {
        "active": {}
      }
    ],
    "treasuries": [
      "2t1RhjNiUyPyiMBu4dqR5NcwwXBjBXidJ5rXDX33i9cU",
      "BCndDtN8z7qbtFRg1Qc3mLLrrnJNQbq9o64mMZaQKMP"
    ],
    "reserves": [
      "0186a0",
      "02b2"
    ],
    "weights": [
      "0b68a0aa00",
      "0bdfd63e00"
    ]
  },
  "params": {
    "treasurer": "4EHg173GDoZpKdQu37eCQbRZQYMLpcgpZkyxFcvP7Mzt",
    "taxmanTokenAccounts": [
      "Dcd63bUGN8pycgDCEU5nBB3j6vohPXmxFNufvZG8sU36",
      "93hxNBJuDWHcvKs2PgJPzzipLi7Y4jeX8Wf5oxYkiPRT"
    ]
  },
  "provider": "balansol",
  "poolAddress": "AqDXrDgr6dJ19FKFVtwJZ6cZuWkJska7QembVRpN1B1E",
  "other": "So11111111111111111111111111111111111111112"
}