{
  "owner": "D3BBjqUdCYuP18fNvvMbPAZ8DpcRi4io2EsYHQawJDag",
  "pubkey": "AzPdQteHNWLvgRtFQX2N9K2U14M7rwub4VjEeKhaSbuh",
  "data": {
    "authority": "8W6QginLcAydYyMYjxuyKQN56NzeakDE3aRFrAmocS6D",
    "fee": "2625a0",
    "taxFee": "07a120",
    "state": {
      "initialized": {}
    },
    "mintLpt": "H2yaxdyK6bzUgse1QZTFPaiMif8DeQ2xRjdQomk21PA7",
    "taxMan": "9doo2HZQEmh2NgfT3Yx12M89aoBheycYqH1eaR5gKb3e",
    "mints": [
      "7vfCXTUXx5WJV5JADk17DUJ4ksgau7utNKj4b963voxs",
      "EPjFWdd5AufqSSqeM2qN1xzybapC8G4wEGGkZwyTDt1v"
    ],
    "actions": [
      {
        "active": {}
      },
      {
        "active": {}
      }
    ],
    "treasuries": [
      "5krjqdopiZS2duDnrQxkMozZFB9rG4tYVwGyquFVzmck",
      "AXuRrU3d95f1MLYYQYiw8dPXskXdPYpZgLsV3bAv62vA"
    ],
    "reserves": [
      "f5bc3110",
      "04c67ca4e1"
    ],
    "weights": [
      "12a05f2000",
      "04a817c800"
    ]
  },
  "params": {
    "treasurer": "968RNv7q7SahD56iECPu8y5GW5sLDQef3Nv2AWrXLqU2",
    "taxmanTokenAccounts": [
      "9u95y1okXZhRAaZgYHopWebxhs7JoudrzbdGk5ShmeEM",
      "72JkQT8UHvtvXN3jTiH5KoTguyAFq588bwxwraxwMrW6"
    ]
  },
  "provider": "balansol",
  "poolAddress": "AzPdQteHNWLvgRtFQX2N9K2U14M7rwub4VjEeKhaSbuh",
  "other": "EPjFWdd5AufqSSqeM2qN1xzybapC8G4wEGGkZwyTDt1v"
}