{
  "owner": "D3BBjqUdCYuP18fNvvMbPAZ8DpcRi4io2EsYHQawJDag",
  "pubkey": "CWAGXQy2Ut2jxYvTervqSdEZ5fjELLqBv81AkRXwMiC9",
  "data": {
    "authority": "5CbRCHYiG58taSaLV788e5jn9Vf7HZgut45nXCThK98C",
    "fee": "2625a0",
    "taxFee": "07a120",
    "state": {
      "initialized": {}
    },
    "mintLpt": "GvFshm54vUUDgt2ZPwLF2PcH5VE7mzDEuiigtzytrgZf",
    "taxMan": "9doo2HZQEmh2NgfT3Yx12M89aoBheycYqH1eaR5gKb3e",
    "mints": [
      "ATLASXmbPQxBUYbxPsV97usA3fPQYEqzQBUHgiFCUsXx",
      "tooLsNYLiVqzg8o4m3L2Uetbn62mvMWRqkog6PQeYKL",
      "foodQJAztMzX1DKpLaiounNe2BDMds5RNuPC6jsNrDG",
      "ammoK8AkX2wnebQb35cDAZtTkvsXQbi82cGeTnUvvfK",
      "fueL3hBZjLLLJHiFH9cqZoozTG3XQZ53diwFPwbzNim"
    ],
    "actions": [
      {
        "active": {}
      },
      {
        "active": {}
      },
      {
        "active": {}
      },
      {
        "active": {}
      },
      {
        "active": {}
      }
    ],
    "treasuries": [
      "DCouoZmx2fcdaxwXK3wvgdHmcH3u9JHfzGhc9tr3QUNo",
      "9Py4svRVAofWokynm6yQkJqpnoaoBojpz64T3WUGnTAB",
      "4N2EwCikMGmEqueiNW3ziHQbxfs8ZfDRSpoN6hcW87FF",
      "BfbVodndvc8Ewiunce8UxkLssYgdj9J4kanQgCpmxZ34",
      "FnxckfdTotVBNFajbJAFDtEzCRLixe8oXmMSGJvB7951"
    ],
    "reserves": [
      "00",
      "00",
      "00",
      "00",
      "00"
    ],
    "weights": [
      "06fc23ac00",
      "041314cf00",
      "041314cf00",
      "041314cf00",
      "041314cf00"
    ]
  },
  "params": {
    "treasurer": "EKRvEbGHKyZkUAm2jVHvx5DjLd5FFwgkuegwVUawohB2",
    "taxmanTokenAccounts": [
      "EoBFBQbNCYyLXsa2AXEnNC8XapptBm7FVwD3MHnV9xC6",
      "5vpttqfCo1acRdw3LKhEtreXDKf7ANaWuMzf4Nbmhrdb",
      "93hxNBJuDWHcvKs2PgJPzzipLi7Y4jeX8Wf5oxYkiPRT",
      "4KZEB7xzQVwQeyGVcTiQjyyabQWcuBNfxNQzufbgM8RY",
      "5z1qe91cLtW5j7qoE9xLRsSVcJdNet1fJrh5eP191z2m"
    ]
  },
  "provider": "balansol",
  "poolAddress": "CWAGXQy2Ut2jxYvTervqSdEZ5fjELLqBv81AkRXwMiC9",
  "other": "fueL3hBZjLLLJHiFH9cqZoozTG3XQZ53diwFPwbzNim"
}