{
  "owner": "D3BBjqUdCYuP18fNvvMbPAZ8DpcRi4io2EsYHQawJDag",
  "pubkey": "EFXLMKrPHpBjUUoD1fDWkBTwuZtF7gztKGC5Xt9fnbux",
  "data": {
    "authority": "2YzVq5RrQW91SzRjWjXoXcXaghjA2FzhBk9sKuBfNSDC",
    "fee": "2625a0",
    "taxFee": "07a120",
    "state": {
      "initialized": {}
    },
    "mintLpt": "VrdonFw9UwPde4mr3K93enqzpCgy9P9E4gkKX7pMdMf",
    "taxMan": "9doo2HZQEmh2NgfT3Yx12M89aoBheycYqH1eaR5gKb3e",
    "mints": [
      "EZF2sPJRe26e8iyXaCrmEefrGVBkqqNGv9UPGG9EnTQz",
      "EPjFWdd5AufqSSqeM2qN1xzybapC8G4wEGGkZwyTDt1v"
    ],
    "actions": [
      {
        "active": {}
      },
      {
        "active": {}
      }
    ],
    "treasuries": [
      "2VMfGNCZnyP5K34NqMVHgtFfYRtULvsbK27aw9DUygR6",
      "9U39w5sKiCTNUkEXd2hEtwXL3zTWgnr1qjhBVRFbaaDS"
    ],
    "reserves": [
      "9c1232a76c65c2",
      "053e7435"
    ],
    "weights": [
      "0ba43b7400",
      "0ba43b7400"
    ]
  },
  "params": {
    "treasurer": "HYWP8iyQDDA3Sw2Xj29Hx3pRt4VQ564sB17W7JjdMFPu",
    "taxmanTokenAccounts": [
      "2By18eH6mRjFnnfikatxEYv56hBVnDqa42tAXbSKCaQs",
      "72JkQT8UHvtvXN3jTiH5KoTguyAFq588bwxwraxwMrW6"
    ]
  },
  "provider": "balansol",
  "poolAddress": "EFXLMKrPHpBjUUoD1fDWkBTwuZtF7gztKGC5Xt9fnbux",
  "other": "EPjFWdd5AufqSSqeM2qN1xzybapC8G4wEGGkZwyTDt1v"
}