{
  "tokenX": "bSo13r4TkiE4KumL71LsHTPpL2euBYLFx6h9HP3piy1",
  "tokenY": "So11111111111111111111111111111111111111112",
  "poolXAccount": "62dmqiJqT2Kb7RBzYGnPmaG7Hp4mottjSiy4dC6F5b5w",
  "poolYAccount": "8esE8WCFR2j3ufqvPjtftGqxoba3crRua6xKmFnb1XjJ",
  "admin": "MaPoNRu6RgbTkE978RYGuaXKobsciLLTDdgL6juqh68",
  "projectOwner": "MaPoNRu6RgbTkE978RYGuaXKobsciLLTDdgL6juqh68",
  "tokenXReserve": {
    "v": "0de04b015e"
  },
  "tokenYReserve": {
    "v": "0f223f5613"
  },
  "selfShares": {
    "v": "0f4240"
  },
  "allShares": {
    "v": "0e7dc77b06"
  },
  "buybackAmountX": {
    "v": "0908"
  },
  "buybackAmountY": {
    "v": "00"
  },
  "projectAmountX": {
    "v": "0908"
  },
  "projectAmountY": {
    "v": "00"
  },
  "mercantiAmountX": {
    "v": "00"
  },
  "mercantiAmountY": {
    "v": "00"
  },
  "lpAccumulatorX": {
    "v": "070abb13"
  },
  "lpAccumulatorY": {
    "v": "03e23ed7"
  },
  "constK": {
    "v": "d1ff9de786aa28adfa"
  },
  "price": {
    "v": "fdeec88425"
  },
  "lpFee": {
    "v": "11e1a300"
  },
  "buybackFee": {
    "v": "05f5e100"
  },
  "projectFee": {
    "v": "05f5e100"
  },
  "mercantiFee": {
    "v": "00"
  },
  "farmCount": "09",
  "bump": 255
}