{
  "tokenX": "DUSTawucrTsGU8hcqRdHDCbuYhCPADMLM2VcCb8VnFnQ",
  "tokenY": "EPjFWdd5AufqSSqeM2qN1xzybapC8G4wEGGkZwyTDt1v",
  "poolXAccount": "22zbTrwiGWzkWcoXM3YmNY5DHgHE441WsCzu74APQX7D",
  "poolYAccount": "GwfKksaR13UkfHgk295C2kfq1wKpY1S1TBUXC6n6G5xz",
  "admin": "MaPoNRu6RgbTkE978RYGuaXKobsciLLTDdgL6juqh68",
  "projectOwner": "MaPoNRu6RgbTkE978RYGuaXKobsciLLTDdgL6juqh68",
  "tokenXReserve": {
    "v": "3469a486fdaf"
  },
  "tokenYReserve": {
    "v": "07ff60fb49"
  },
  "selfShares": {
    "v": "0198de02"
  },
  "allShares": {
    "v": "0147946a6876"
  },
  "buybackAmountX": {
    "v": "4008af5171"
  },
  "buybackAmountY": {
    "v": "0a442dad"
  },
  "projectAmountX": {
    "v": "200457acbf"
  },
  "projectAmountY": {
    "v": "05221960"
  },
  "mercantiAmountX": {
    "v": "00"
  },
  "mercantiAmountY": {
    "v": "00"
  },
  "lpAccumulatorX": {
    "v": "04bf2e2fcce9"
  },
  "lpAccumulatorY": {
    "v": "012e1a6c36"
  },
  "constK": {
    "v": "01a32c95a39f89b7d8ebe7"
  },
  "price": {
    "v": "2386fcb7"
  },
  "lpFee": {
    "v": "9502f900"
  },
  "buybackFee": {
    "v": "3b9aca00"
  },
  "projectFee": {
    "v": "1dcd6500"
  },
  "mercantiFee": {
    "v": "00"
  },
  "farmCount": "15",
  "bump": 255
}