{
  "tokenX": "DezXAZ8z7PnrnRJjz3wXBoRgixCa6xjnB7YaB1pPB263",
  "tokenY": "EPjFWdd5AufqSSqeM2qN1xzybapC8G4wEGGkZwyTDt1v",
  "poolXAccount": "kxRBK7gHZMxY26f9urSnubZQRkhQYkGM43d8sqUW2Z1",
  "poolYAccount": "2fUpvkvzeeXqZqUqsTFNakm3AK1cZQM4YcDSRLx9aL15",
  "admin": "MaPoNRu6RgbTkE978RYGuaXKobsciLLTDdgL6juqh68",
  "projectOwner": "MaPoNRu6RgbTkE978RYGuaXKobsciLLTDdgL6juqh68",
  "tokenXReserve": {
    "v": "0d6d6caffc3c"
  },
  "tokenYReserve": {
    "v": "143e8b35"
  },
  "selfShares": {
    "v": "1c35c6ee"
  },
  "allShares": {
    "v": "107cb04a26"
  },
  "buybackAmountX": {
    "v": "0854032bc3"
  },
  "buybackAmountY": {
    "v": "0aece6"
  },
  "projectAmountX": {
    "v": "042a0197f9"
  },
  "projectAmountY": {
    "v": "057812"
  },
  "mercantiAmountX": {
    "v": "00"
  },
  "mercantiAmountY": {
    "v": "00"
  },
  "lpAccumulatorX": {
    "v": "2d2e051d4b96"
  },
  "lpAccumulatorY": {
    "v": "1f04604d"
  },
  "constK": {
    "v": "010fd44b43fed4ebcc6c"
  },
  "price": {
    "v": "015f08dc"
  },
  "lpFee": {
    "v": "9502f900"
  },
  "buybackFee": {
    "v": "3b9aca00"
  },
  "projectFee": {
    "v": "1dcd6500"
  },
  "mercantiFee": {
    "v": "00"
  },
  "farmCount": "07",
  "bump": 254
}