{
  "tokenX": "5zrskpWuxLzumWtUGDPcAMwTrGuZbP45iig6QBZ1DTaM",
  "tokenY": "So11111111111111111111111111111111111111112",
  "poolXAccount": "7D11oxDKxBAM72Yc49Wsju1fmqgk2jFUynhvP5SVe9Vd",
  "poolYAccount": "EbzY5efMskDW63Z8ZvjHdQSephTsXpjYsYjPv5PUXjcs",
  "admin": "MaPoNRu6RgbTkE978RYGuaXKobsciLLTDdgL6juqh68",
  "projectOwner": "MaPoNRu6RgbTkE978RYGuaXKobsciLLTDdgL6juqh68",
  "tokenXReserve": {
    "v": "17de07369bad"
  },
  "tokenYReserve": {
    "v": "63ed0a6b"
  },
  "selfShares": {
    "v": "01553267"
  },
  "allShares": {
    "v": "30d608e60d"
  },
  "buybackAmountX": {
    "v": "10a3a7f2"
  },
  "buybackAmountY": {
    "v": "020206"
  },
  "projectAmountX": {
    "v": "0a6648f7"
  },
  "projectAmountY": {
    "v": "014144"
  },
  "mercantiAmountX": {
    "v": "00"
  },
  "mercantiAmountY": {
    "v": "00"
  },
  "lpAccumulatorX": {
    "v": "01e4c862eeea"
  },
  "lpAccumulatorY": {
    "v": "10d7e392"
  },
  "constK": {
    "v": "0950f64f71d72c10d34f"
  },
  "price": {
    "v": "03cecc93"
  },
  "lpFee": {
    "v": "9502f900"
  },
  "buybackFee": {
    "v": "2faf0800"
  },
  "projectFee": {
    "v": "1dcd6500"
  },
  "mercantiFee": {
    "v": "0bebc200"
  },
  "farmCount": "0b",
  "bump": 253
}