{
  "tokenX": "DezXAZ8z7PnrnRJjz3wXBoRgixCa6xjnB7YaB1pPB263",
  "tokenY": "So11111111111111111111111111111111111111112",
  "poolXAccount": "2kdXUmgUASca5R7mnyoP6UJRYUhMLJ9nq5Ap8tuYo2uo",
  "poolYAccount": "2PdkQQAtAvtaMz93EUvu3ekTLtFPN4aR8KPvKevb67mi",
  "admin": "MaPoNRu6RgbTkE978RYGuaXKobsciLLTDdgL6juqh68",
  "projectOwner": "MaPoNRu6RgbTkE978RYGuaXKobsciLLTDdgL6juqh68",
  "tokenXReserve": {
    "v": "024d9ab0371b"
  },
  "tokenYReserve": {
    "v": "3c434d57"
  },
  "selfShares": {
    "v": "f36ea873"
  },
  "allShares": {
    "v": "0bc7f4aff0"
  },
  "buybackAmountX": {
    "v": "81ab4baf"
  },
  "buybackAmountY": {
    "v": "0b9b3c"
  },
  "projectAmountX": {
    "v": "510b0f73"
  },
  "projectAmountY": {
    "v": "07411f"
  },
  "mercantiAmountX": {
    "v": "00"
  },
  "mercantiAmountY": {
    "v": "00"
  },
  "lpAccumulatorX": {
    "v": "09cd29670046"
  },
  "lpAccumulatorY": {
    "v": "0242f90890"
  },
  "constK": {
    "v": "8acb42e8ef5286d92d"
  },
  "price": {
    "v": "17cc228d"
  },
  "lpFee": {
    "v": "9502f900"
  },
  "buybackFee": {
    "v": "2faf0800"
  },
  "projectFee": {
    "v": "1dcd6500"
  },
  "mercantiFee": {
    "v": "0bebc200"
  },
  "farmCount": "06",
  "bump": 254
}