{
  "tokenX": "FoRGERiW7odcCBGU1bztZi16osPBHjxharvDathL5eds",
  "tokenY": "EPjFWdd5AufqSSqeM2qN1xzybapC8G4wEGGkZwyTDt1v",
  "poolXAccount": "8iZo2henNgN58iNjD7isXN7eb5NT153SCAtDGAttpbqq",
  "poolYAccount": "2FDdTWAqHP87S841DJ6AcCp6HzmUwuzUm5JPguN3yxLo",
  "admin": "MaPoNRu6RgbTkE978RYGuaXKobsciLLTDdgL6juqh68",
  "projectOwner": "MaPoNRu6RgbTkE978RYGuaXKobsciLLTDdgL6juqh68",
  "tokenXReserve": {
    "v": "046d2342d697"
  },
  "tokenYReserve": {
    "v": "0a459a09"
  },
  "selfShares": {
    "v": "022dcaad"
  },
  "allShares": {
    "v": "06be28a8df"
  },
  "buybackAmountX": {
    "v": "35cd069b"
  },
  "buybackAmountY": {
    "v": "92ce"
  },
  "projectAmountX": {
    "v": "21a0242b"
  },
  "projectAmountY": {
    "v": "5bcb"
  },
  "mercantiAmountX": {
    "v": "00"
  },
  "mercantiAmountY": {
    "v": "00"
  },
  "lpAccumulatorX": {
    "v": "0c30329bd373"
  },
  "lpAccumulatorY": {
    "v": "4824f27f"
  },
  "constK": {
    "v": "2d7774ec722f23614f"
  },
  "price": {
    "v": "021c50c3"
  },
  "lpFee": {
    "v": "9502f900"
  },
  "buybackFee": {
    "v": "2faf0800"
  },
  "projectFee": {
    "v": "1dcd6500"
  },
  "mercantiFee": {
    "v": "0bebc200"
  },
  "farmCount": "12",
  "bump": 253
}