{
  "tokenX": "DUSTawucrTsGU8hcqRdHDCbuYhCPADMLM2VcCb8VnFnQ",
  "tokenY": "So11111111111111111111111111111111111111112",
  "poolXAccount": "58YeoyPiMKGRruXootbtGeuDgHb25EEWT6p9e1Dn2qfk",
  "poolYAccount": "3npLpWDS9kEerpp59exrdRSXskfVn7AiF4fy2notSFR2",
  "admin": "MaPoNRu6RgbTkE978RYGuaXKobsciLLTDdgL6juqh68",
  "projectOwner": "MaPoNRu6RgbTkE978RYGuaXKobsciLLTDdgL6juqh68",
  "tokenXReserve": {
    "v": "21a9fe292543"
  },
  "tokenYReserve": {
    "v": "5975b8655d"
  },
  "selfShares": {
    "v": "0c62d18f"
  },
  "allShares": {
    "v": "036e0bb3d372"
  },
  "buybackAmountX": {
    "v": "203e4d676e"
  },
  "buybackAmountY": {
    "v": "5aa304d5"
  },
  "projectAmountX": {
    "v": "101f1e5b5e"
  },
  "projectAmountY": {
    "v": "2d5184e4"
  },
  "mercantiAmountX": {
    "v": "00"
  },
  "mercantiAmountY": {
    "v": "00"
  },
  "lpAccumulatorX": {
    "v": "a0b3d6460c"
  },
  "lpAccumulatorY": {
    "v": "0640c9d9ff"
  },
  "constK": {
    "v": "0bc3944cf9bbecf7cdf857"
  },
  "price": {
    "v": "026abb395c"
  },
  "lpFee": {
    "v": "9502f900"
  },
  "buybackFee": {
    "v": "3b9aca00"
  },
  "projectFee": {
    "v": "1dcd6500"
  },
  "mercantiFee": {
    "v": "00"
  },
  "farmCount": "14",
  "bump": 255
}