{
  "tokenX": "So11111111111111111111111111111111111111112",
  "tokenY": "EPjFWdd5AufqSSqeM2qN1xzybapC8G4wEGGkZwyTDt1v",
  "poolXAccount": "3wgma9BjSfFKNZnWXB4YtyxFwCZ94teWJ2XbjKa7WKtp",
  "poolYAccount": "GKobg2LGwECPuTw8D65upawRm5EEX9ih3yzfh1wUtf3W",
  "admin": "MaPoNRu6RgbTkE978RYGuaXKobsciLLTDdgL6juqh68",
  "projectOwner": "MaPoNRu6RgbTkE978RYGuaXKobsciLLTDdgL6juqh68",
  "tokenXReserve": {
    "v": "45b0555f80"
  },
  "tokenYReserve": {
    "v": "04041225c2"
  },
  "selfShares": {
    "v": "54e388"
  },
  "allShares": {
    "v": "10baa650b0"
  },
  "buybackAmountX": {
    "v": "139402de"
  },
  "buybackAmountY": {
    "v": "0117d0fb"
  },
  "projectAmountX": {
    "v": "00"
  },
  "projectAmountY": {
    "v": "00"
  },
  "mercantiAmountX": {
    "v": "00"
  },
  "mercantiAmountY": {
    "v": "00"
  },
  "lpAccumulatorX": {
    "v": "65a05e24c8"
  },
  "lpAccumulatorY": {
    "v": "022cd62d87"
  },
  "constK": {
    "v": "0117dd0780caae7fdf00"
  },
  "price": {
    "v": "0d6aca4153"
  },
  "lpFee": {
    "v": "9502f900"
  },
  "buybackFee": {
    "v": "59682f00"
  },
  "projectFee": {
    "v": "00"
  },
  "mercantiFee": {
    "v": "00"
  },
  "farmCount": "15",
  "bump": 255
}