{
  "tokenX": "6naWDMGNWwqffJnnXFLBCLaYu1y5U9Rohe5wwJPHvf1p",
  "tokenY": "EPjFWdd5AufqSSqeM2qN1xzybapC8G4wEGGkZwyTDt1v",
  "poolXAccount": "5CJLL7pjefJuC8sUNG9e2H1L2ABqPLnBB9wZJNQBQ9rP",
  "poolYAccount": "8YUmd1Wpoe8H4bMtkCtrpVsrZ75RjjECxfAqGfeAXYYz",
  "admin": "MaPoNRu6RgbTkE978RYGuaXKobsciLLTDdgL6juqh68",
  "projectOwner": "MaPoNRu6RgbTkE978RYGuaXKobsciLLTDdgL6juqh68",
  "tokenXReserve": {
    "v": "019bc806"
  },
  "tokenYReserve": {
    "v": "01c8cd89"
  },
  "selfShares": {
    "v": "698a"
  },
  "allShares": {
    "v": "01b11bb4"
  },
  "buybackAmountX": {
    "v": "00"
  },
  "buybackAmountY": {
    "v": "00"
  },
  "projectAmountX": {
    "v": "00"
  },
  "projectAmountY": {
    "v": "00"
  },
  "mercantiAmountX": {
    "v": "00"
  },
  "mercantiAmountY": {
    "v": "00"
  },
  "lpAccumulatorX": {
    "v": "0340e89842"
  },
  "lpAccumulatorY": {
    "v": "03ba97706d28"
  },
  "constK": {
    "v": "02dec6e63ad936"
  },
  "price": {
    "v": "0102496f2aeb"
  },
  "lpFee": {
    "v": "9502f900"
  },
  "buybackFee": {
    "v": "2faf0800"
  },
  "projectFee": {
    "v": "1dcd6500"
  },
  "mercantiFee": {
    "v": "0bebc200"
  },
  "farmCount": "11",
  "bump": 254
}