{
  "tokenX": "3F9MVEwf5AhYMPZ2AtpDKYNPHKq3DNcty38JSkKrEUEr",
  "tokenY": "So11111111111111111111111111111111111111112",
  "poolXAccount": "2y2sEFZpG5BVY58jfUMiz2RbvHeyERQmovJHmyNvNQc7",
  "poolYAccount": "9dAeUaqN7nNTobUuPjCbeZLL2ZCqcGykhf3CHppDfipC",
  "admin": "MaPoNRu6RgbTkE978RYGuaXKobsciLLTDdgL6juqh68",
  "projectOwner": "MaPoNRu6RgbTkE978RYGuaXKobsciLLTDdgL6juqh68",
  "tokenXReserve": {
    "v": "0a0c7a"
  },
  "tokenYReserve": {
    "v": "0fbb1024"
  },
  "selfShares": {
    "v": "df"
  },
  "allShares": {
    "v": "c929e9"
  },
  "buybackAmountX": {
    "v": "00"
  },
  "buybackAmountY": {
    "v": "00"
  },
  "projectAmountX": {
    "v": "00"
  },
  "projectAmountY": {
    "v": "3916"
  },
  "mercantiAmountX": {
    "v": "00"
  },
  "mercantiAmountY": {
    "v": "00"
  },
  "lpAccumulatorX": {
    "v": "01489800"
  },
  "lpAccumulatorY": {
    "v": "03efe2984a"
  },
  "constK": {
    "v": "9e12e54f6128"
  },
  "price": {
    "v": "016c7b9e6ba2ed"
  },
  "lpFee": {
    "v": "9502f900"
  },
  "buybackFee": {
    "v": "2faf0800"
  },
  "projectFee": {
    "v": "1dcd6500"
  },
  "mercantiFee": {
    "v": "0bebc200"
  },
  "farmCount": "02",
  "bump": 252
}