{
  "tokenX": "MarcoPaG4dV4qit3ZPGPFm4qt4KKNBKvAsm2rPGNF72",
  "tokenY": "EPjFWdd5AufqSSqeM2qN1xzybapC8G4wEGGkZwyTDt1v",
  "poolXAccount": "7EwJhWQ5AK5RNa96ipPQZUQmNr6gCv62MbBFhXQrUkZy",
  "poolYAccount": "GjNyVeDTcZ2VhJZDFjegXbuGFEGQhKB4apzjLz1hDpUF",
  "admin": "MaPoNRu6RgbTkE978RYGuaXKobsciLLTDdgL6juqh68",
  "projectOwner": "MaPoNRu6RgbTkE978RYGuaXKobsciLLTDdgL6juqh68",
  "tokenXReserve": {
    "v": "a2dd744218"
  },
  "tokenYReserve": {
    "v": "1d2462be"
  },
  "selfShares": {
    "v": "3040a5"
  },
  "allShares": {
    "v": "044e4907c0"
  },
  "buybackAmountX": {
    "v": "10e90cd0"
  },
  "buybackAmountY": {
    "v": "02b36c"
  },
  "projectAmountX": {
    "v": "00"
  },
  "projectAmountY": {
    "v": "00"
  },
  "mercantiAmountX": {
    "v": "00"
  },
  "mercantiAmountY": {
    "v": "00"
  },
  "lpAccumulatorX": {
    "v": "7f02b5636c"
  },
  "lpAccumulatorY": {
    "v": "cf68a08a"
  },
  "constK": {
    "v": "128a3c217ce0f63dd0"
  },
  "price": {
    "v": "29a94f86"
  },
  "lpFee": {
    "v": "9502f900"
  },
  "buybackFee": {
    "v": "4d7c6d00"
  },
  "projectFee": {
    "v": "00"
  },
  "mercantiFee": {
    "v": "0bebc200"
  },
  "farmCount": "11",
  "bump": 252
}