{
  "tokenX": "3yeGqnYLXya7zPbTkEt2d84F489eV9mNia4WQHY3JefA",
  "tokenY": "So11111111111111111111111111111111111111112",
  "poolXAccount": "EYYQDhEsTzmv9eiUEnZf1ZUr1Qq4VPkUcBAvTmZHTxGh",
  "poolYAccount": "4PkUcN61ygqNF2fJNcGPwx9iuDv8oVD76q3yLKVFBEmn",
  "admin": "MaPoNRu6RgbTkE978RYGuaXKobsciLLTDdgL6juqh68",
  "projectOwner": "MaPoNRu6RgbTkE978RYGuaXKobsciLLTDdgL6juqh68",
  "tokenXReserve": {
    "v": "06778a4697"
  },
  "tokenYReserve": {
    "v": "46ac6513"
  },
  "selfShares": {
    "v": "579dd5"
  },
  "allShares": {
    "v": "01560e790f"
  },
  "buybackAmountX": {
    "v": "05d132"
  },
  "buybackAmountY": {
    "v": "ee35"
  },
  "projectAmountX": {
    "v": "03a2c0"
  },
  "projectAmountY": {
    "v": "94e1"
  },
  "mercantiAmountX": {
    "v": "00"
  },
  "mercantiAmountY": {
    "v": "00"
  },
  "lpAccumulatorX": {
    "v": "171bf66de7"
  },
  "lpAccumulatorY": {
    "v": "07202e16cb"
  },
  "constK": {
    "v": "01c90aadd92490d035"
  },
  "price": {
    "v": "09f07709d9"
  },
  "lpFee": {
    "v": "9502f900"
  },
  "buybackFee": {
    "v": "2faf0800"
  },
  "projectFee": {
    "v": "1dcd6500"
  },
  "mercantiFee": {
    "v": "0bebc200"
  },
  "farmCount": "0f",
  "bump": 255
}