{
  "version": 1,
  "isInitialized": 1,
  "nonce": 253,
  "ammId": "13m95HPv8umRhT8Zhqedvtmgrcnkmei6WgzAaW6Hk7UJ",
  "serumProgramId": "9xQeWvG816bUx9EPjHmaT23yvVM2ZWbrrpZb9PusVFin",
  "serumMarket": "3zfdRCCkCUUqJAAVmA4fBP7tSTiiRroQ61uvWkdRZTPJ",
  "tokenProgramId": "TokenkegQfeZyiNwAJbNbGKPFXCWuBvf9Ss623VQ5DA",
  "tokenAAccount": "2JwJrPii3Rd9xdKbnJ5AwC3m2ZTYr4DSe1FxERPxkGPu",
  "tokenBAccount": "AAQsVvAkM8ZSUzJiM4SLZEVKJ5YCqBNLcobscqXw1Eik",
  "poolMint": "3YbUB2SfgNidBsYr5qEm8xFqyhE8V3k1TkjeFNUYPAjH",
  "mintA": "4wjPQJ6PrkC4dHhYghwJzGBVP78DkBzA2U3kHoFNBuhj",
  "mintB": "DubwWZNWiNGMMeeQHPnMATNj77YZPZSAz2WVR5WjLJqz",
  "authority": "5UJ4nbf8uupKah7axRvost3LwcbvuUpkPpNgx3AjvJEc",
  "swapAccount": "13m95HPv8umRhT8Zhqedvtmgrcnkmei6WgzAaW6Hk7UJ",
  "provider": "cropper",
  "other": "DubwWZNWiNGMMeeQHPnMATNj77YZPZSAz2WVR5WjLJqz"
}