{
  "version": 1,
  "isInitialized": 1,
  "nonce": 255,
  "ammId": "13zjTX5fb2EHxT5QfHaZZ9CZgEDx6CAHBFQhEk1evv5k",
  "serumProgramId": "9xQeWvG816bUx9EPjHmaT23yvVM2ZWbrrpZb9PusVFin",
  "serumMarket": "tFFipwre6KFJbvFJ9fBsoikmV6rGLU1xG42eNiVyfJQ",
  "tokenProgramId": "TokenkegQfeZyiNwAJbNbGKPFXCWuBvf9Ss623VQ5DA",
  "tokenAAccount": "3ooTDy2Pb5xtgxFhxuXHTPfGsaY4H8ZVkaZk52K6Ws7U",
  "tokenBAccount": "GTrRCsinphBej9LNjCXNJ6i3URxEBQa8yjh3LswPHqSy",
  "poolMint": "AL5Lk4U9Y77P1zGB1ngGfkWztvr38SsEWC7uGTE881PY",
  "mintA": "5i8C6n4VbELnTHtES83aqeh16uPiEyve4jHr2QN2WhSz",
  "mintB": "EPjFWdd5AufqSSqeM2qN1xzybapC8G4wEGGkZwyTDt1v",
  "authority": "HrEe462pm1ZziQPkHayC8ZBE6LqdoFYokeakW2Czj6pJ",
  "swapAccount": "13zjTX5fb2EHxT5QfHaZZ9CZgEDx6CAHBFQhEk1evv5k",
  "provider": "cropper",
  "other": "EPjFWdd5AufqSSqeM2qN1xzybapC8G4wEGGkZwyTDt1v"
}