{
  "version": 1,
  "isInitialized": 1,
  "nonce": 255,
  "ammId": "2yeeG4yPxD83PCdZDPkDPgQy4NBvUkUoWKR9FTA1Dnv9",
  "serumProgramId": "9xQeWvG816bUx9EPjHmaT23yvVM2ZWbrrpZb9PusVFin",
  "serumMarket": "BLefRrvmGdsyHGcMpsgkxjusT4kWXzE9i9igyW4fcsYg",
  "tokenProgramId": "TokenkegQfeZyiNwAJbNbGKPFXCWuBvf9Ss623VQ5DA",
  "tokenAAccount": "CkwYU4Le7C5RF8ExhghwU77yxhwjziUdR64RzUw7mmuZ",
  "tokenBAccount": "HxWQY7zao8LdLTASAQi1sySYv5XT8CXpygwoDU8upsxy",
  "poolMint": "8C3CwsUB1ePoWrgxJ2wd76D9byGWviYuK1gcfSTNUbnV",
  "mintA": "DubwWZNWiNGMMeeQHPnMATNj77YZPZSAz2WVR5WjLJqz",
  "mintB": "So11111111111111111111111111111111111111112",
  "authority": "9Fwy8YRY3NsVXLxaXQK6q8SNVYvTw7eBJoKe4KCJogsB",
  "swapAccount": "2yeeG4yPxD83PCdZDPkDPgQy4NBvUkUoWKR9FTA1Dnv9",
  "provider": "cropper",
  "other": "So11111111111111111111111111111111111111112"
}