{
  "version": 1,
  "isInitialized": 1,
  "nonce": 253,
  "ammId": "3cCNtoCZTR5XWYzUjRgj6ZLKLpr6qjPvCHiTgMxWQ2we",
  "serumProgramId": "9xQeWvG816bUx9EPjHmaT23yvVM2ZWbrrpZb9PusVFin",
  "serumMarket": "DDWdVpjhC2Am2728JKQCwGSWSwFD1RuLBEBo4K6hPgQq",
  "tokenProgramId": "TokenkegQfeZyiNwAJbNbGKPFXCWuBvf9Ss623VQ5DA",
  "tokenAAccount": "5a7mrH5HCcaDT1TN1d8GsgbrJft4YGarMugq35pYte4d",
  "tokenBAccount": "9e2GPvARG57JTgME34HEMtRdLyZBPozS9hu2GiMKGYZs",
  "poolMint": "EVghtk86iV2aTTTTnefaSPCmAdJhwp15fKwF2Qc38iJD",
  "mintA": "45HfvXJHY9msY2i4EmUpume1mSMLUvdaWsJRbctAobQM",
  "mintB": "EPjFWdd5AufqSSqeM2qN1xzybapC8G4wEGGkZwyTDt1v",
  "authority": "GVu5buKZoHK8jRvk1h9gTzsM8QbUBuDcYjbbXg661kLz",
  "swapAccount": "3cCNtoCZTR5XWYzUjRgj6ZLKLpr6qjPvCHiTgMxWQ2we",
  "provider": "cropper",
  "other": "EPjFWdd5AufqSSqeM2qN1xzybapC8G4wEGGkZwyTDt1v"
}