{
  "version": 1,
  "isInitialized": 1,
  "nonce": 255,
  "ammId": "3HBHNuvmbqqeZKjZz8zPbotoBwhL1D4Lnd3YrUHUmMu2",
  "serumProgramId": "9xQeWvG816bUx9EPjHmaT23yvVM2ZWbrrpZb9PusVFin",
  "serumMarket": "4y2HwdDzdNPBYTNwKXLKNfzdUaY2efhwAm6b4JCBmHiD",
  "tokenProgramId": "TokenkegQfeZyiNwAJbNbGKPFXCWuBvf9Ss623VQ5DA",
  "tokenAAccount": "5RvSMPvGDW9KG5ejbSSUeeuM9MfdHbL2R2Mms3Tc1gjP",
  "tokenBAccount": "Fi9jE2TuBYQdq9r4tfkk21RPx4HwjDcnU3A2DdM37ef",
  "poolMint": "CYptGYMQbjbm9RX6zD1frHShFdkG3z9mpr2Njcg5exZv",
  "mintA": "DubwWZNWiNGMMeeQHPnMATNj77YZPZSAz2WVR5WjLJqz",
  "mintB": "2FPyTwcZLUg1MDrwsyoP4D6s1tM7hAkHYRjkNb5w6Pxk",
  "authority": "9uJv6nHZJmUzxRDy8V3ghARqv8fZbyVdiyhey8erdf2i",
  "swapAccount": "3HBHNuvmbqqeZKjZz8zPbotoBwhL1D4Lnd3YrUHUmMu2",
  "provider": "cropper",
  "other": "DubwWZNWiNGMMeeQHPnMATNj77YZPZSAz2WVR5WjLJqz"
}