{
  "version": 1,
  "isInitialized": 1,
  "nonce": 255,
  "ammId": "3kxihTchcTBLgxsi3j861Ssk4HvD86ojYv6TfEbGnhyq",
  "serumProgramId": "9xQeWvG816bUx9EPjHmaT23yvVM2ZWbrrpZb9PusVFin",
  "serumMarket": "3SGeuz8EXsyFo4HHWXQsoo8r4r5RdZkt7TuuTZiVbKc8",
  "tokenProgramId": "TokenkegQfeZyiNwAJbNbGKPFXCWuBvf9Ss623VQ5DA",
  "tokenAAccount": "qXeo1zzAnqHseW8mPzx68yoro7Tiprnmg2Dkq61vm4Y",
  "tokenBAccount": "9L8m4LaCfTLoh9W2ohJSp3G6oNQa1wXb8zJAJjnbyavM",
  "poolMint": "9dBKkgCaNxXxe95zPHvotYJcuf9UAQDNko1hQ6M6H7AV",
  "mintA": "4BzxVoBQzwKoqm1dQc78r42Yby3EzAeZmMiYFdCjeu5Z",
  "mintB": "EPjFWdd5AufqSSqeM2qN1xzybapC8G4wEGGkZwyTDt1v",
  "authority": "DWuM6ZL25K4UCwUcRcNQ96BtLJUMoqVKRrrfCsiVPGPq",
  "swapAccount": "3kxihTchcTBLgxsi3j861Ssk4HvD86ojYv6TfEbGnhyq",
  "provider": "cropper",
  "other": "EPjFWdd5AufqSSqeM2qN1xzybapC8G4wEGGkZwyTDt1v"
}