{
  "version": 1,
  "isInitialized": 1,
  "nonce": 254,
  "ammId": "3kzWp85aNZ526rCVGAsGavVKyApGwtDRh2AonKgeVbMD",
  "serumProgramId": "9xQeWvG816bUx9EPjHmaT23yvVM2ZWbrrpZb9PusVFin",
  "serumMarket": "DTEmm1nC7n8vb3KmVabT6dEEnSNeDXNu1jWN4u2DfD7Z",
  "tokenProgramId": "TokenkegQfeZyiNwAJbNbGKPFXCWuBvf9Ss623VQ5DA",
  "tokenAAccount": "4M7eN847dW3f9uU3fNXFs86ccQkZtAfanLoesmcGJiaQ",
  "tokenBAccount": "5cdsawoNFt6zHJW5j7wgPW3rRG2WEPxr6sJpm7iBPrce",
  "poolMint": "8H7xRwEB5x8QLWX29iLJmGtHdvn98AHh3kk4NjJx64rf",
  "mintA": "7puG5H5Mc6QpvaXjAVLr6GnL5hhUMnpLcUm8G3mEsgHQ",
  "mintB": "EPjFWdd5AufqSSqeM2qN1xzybapC8G4wEGGkZwyTDt1v",
  "authority": "DRPLAj3UgrGSDL1MSW9tAE1NRRjbNNr217T5TexQUmzP",
  "swapAccount": "3kzWp85aNZ526rCVGAsGavVKyApGwtDRh2AonKgeVbMD",
  "provider": "cropper",
  "other": "EPjFWdd5AufqSSqeM2qN1xzybapC8G4wEGGkZwyTDt1v"
}