{
  "version": 1,
  "isInitialized": 1,
  "nonce": 255,
  "ammId": "3YT4Dszzy3Xad4ZZqxkABrV3HRR7rQoWL89t4cUt7RAb",
  "serumProgramId": "9xQeWvG816bUx9EPjHmaT23yvVM2ZWbrrpZb9PusVFin",
  "serumMarket": "F1jBaKCMrxZpEgn79uduxpF2qHeqwiTQ3BwKdT6yqckd",
  "tokenProgramId": "TokenkegQfeZyiNwAJbNbGKPFXCWuBvf9Ss623VQ5DA",
  "tokenAAccount": "5TadnacfiAVoifWBAMbgYzenP1GnRDBmTK62bN39cwis",
  "tokenBAccount": "FGhnuYBenQZmahgCkPvefcwEjyJP6SxY7HrLDGGecN61",
  "poolMint": "7pGw7vJx3c4RhmrNWi7G49czNhcyvvR7yD9LTTsi9ZVW",
  "mintA": "ArhMyF2N8XpaujYUxTTDt9EuaBCaGaccxfwaZmkm9XeF",
  "mintB": "EPjFWdd5AufqSSqeM2qN1xzybapC8G4wEGGkZwyTDt1v",
  "authority": "FWDSYgVUdASGqW82GQEvZfYne96CUSp1z2EXaRzyaMSm",
  "swapAccount": "3YT4Dszzy3Xad4ZZqxkABrV3HRR7rQoWL89t4cUt7RAb",
  "provider": "cropper",
  "other": "EPjFWdd5AufqSSqeM2qN1xzybapC8G4wEGGkZwyTDt1v"
}