{
  "version": 1,
  "isInitialized": 1,
  "nonce": 255,
  "ammId": "4imRiXRFWyj4Gta2MB7QguuH32TK1gQCoeKx7WdLta65",
  "serumProgramId": "9xQeWvG816bUx9EPjHmaT23yvVM2ZWbrrpZb9PusVFin",
  "serumMarket": "6vXecj4ipEXChK9uPAd5giWn6aB3fn5Lbu4eVMLX7rRU",
  "tokenProgramId": "TokenkegQfeZyiNwAJbNbGKPFXCWuBvf9Ss623VQ5DA",
  "tokenAAccount": "AWVazjpykJwn35oPBv8NYJD9JrstivUG4xqPaSeN6eyf",
  "tokenBAccount": "8kDepzLGq8TaK2ATEePEBP5b1TXfhvVdqXaY18tRxwPj",
  "poolMint": "22obGTGPjKFrXcSAGYbecJAicrhJQvMgdvXjVcY8ZYiw",
  "mintA": "9zoqdwEBKWEi9G5Ze8BSkdmppxGgVv1Kw4LuigDiNr9m",
  "mintB": "EPjFWdd5AufqSSqeM2qN1xzybapC8G4wEGGkZwyTDt1v",
  "authority": "4J8gdXdp3M7bXSw1h8vUDnKus1nSvVwaXDV59czJBhFY",
  "swapAccount": "4imRiXRFWyj4Gta2MB7QguuH32TK1gQCoeKx7WdLta65",
  "provider": "cropper",
  "other": "EPjFWdd5AufqSSqeM2qN1xzybapC8G4wEGGkZwyTDt1v"
}