{
  "version": 1,
  "isInitialized": 1,
  "nonce": 255,
  "ammId": "4kQJRj3kyG6aP77LyvcBLX57VjGFR2KiE8MFeQVZ8y8t",
  "serumProgramId": "9xQeWvG816bUx9EPjHmaT23yvVM2ZWbrrpZb9PusVFin",
  "serumMarket": "HY9J1nsJxrem6w4uBRaWi2A7iNruNFEooMFopfM584Mv",
  "tokenProgramId": "TokenkegQfeZyiNwAJbNbGKPFXCWuBvf9Ss623VQ5DA",
  "tokenAAccount": "EgrHCYitzsCkNt5rHb4MWQ5WUaYm292NiPNjkqzKoRHE",
  "tokenBAccount": "8NAPmMy5HXxKqT5r39uqzTVZ8Lw1E2h1h7E6oiGvaM7T",
  "poolMint": "4FyRYzSfduFzBJPkF8ikQ3FDkSg5H7TrGRfhitzNSNeN",
  "mintA": "AVKnbqNQgXDY8kbnno9eSGfwpVz5idimBnDKiz1vbWAh",
  "mintB": "EPjFWdd5AufqSSqeM2qN1xzybapC8G4wEGGkZwyTDt1v",
  "authority": "A6d8ZKL4yrhp4EiZ4bsjc3GoVeJ16YCUqiZFgHqR5uF9",
  "swapAccount": "4kQJRj3kyG6aP77LyvcBLX57VjGFR2KiE8MFeQVZ8y8t",
  "provider": "cropper",
  "other": "EPjFWdd5AufqSSqeM2qN1xzybapC8G4wEGGkZwyTDt1v"
}