{
  "version": 1,
  "isInitialized": 1,
  "nonce": 255,
  "ammId": "5mKStDdkLJ8hk27NhHeFBZrVvDogxqQynkqPDZHE2qX7",
  "serumProgramId": "9xQeWvG816bUx9EPjHmaT23yvVM2ZWbrrpZb9PusVFin",
  "serumMarket": "FDvJeLH6tT1sFJWVtP9y8ygu5CqbiLGQgcRWbVTMpzs3",
  "tokenProgramId": "TokenkegQfeZyiNwAJbNbGKPFXCWuBvf9Ss623VQ5DA",
  "tokenAAccount": "ANU77UxuNijjrg3Ppn33DRjqCfRz4CQMRJPXoiECHMxd",
  "tokenBAccount": "F2HmQD7F4R3VbCq3tZpUNas63GpB4wzd6omP7vCy3fZH",
  "poolMint": "3e1GzfcfAPs2J2VjtyNwzdUg1TRWhw28RzmZ5wDZ3ajb",
  "mintA": "6bLp99VoqKU1C3Qp6VTNvSoCoc78jMGxPkGSSopq8wHB",
  "mintB": "EPjFWdd5AufqSSqeM2qN1xzybapC8G4wEGGkZwyTDt1v",
  "authority": "8RW4BUSsvQGUjsVLs5TnqaPhGk6oyAS55PjzPLVHojqU",
  "swapAccount": "5mKStDdkLJ8hk27NhHeFBZrVvDogxqQynkqPDZHE2qX7",
  "provider": "cropper",
  "other": "EPjFWdd5AufqSSqeM2qN1xzybapC8G4wEGGkZwyTDt1v"
}