{
  "version": 1,
  "isInitialized": 1,
  "nonce": 253,
  "ammId": "5nG37RFZWKMW2z6XrLYa1nwnrEzxaxBM9fjpF9jjm2Pz",
  "serumProgramId": "9xQeWvG816bUx9EPjHmaT23yvVM2ZWbrrpZb9PusVFin",
  "serumMarket": "45X822mVRGqyHL5U6LASEB3S6LMzdWm9wWugZtNBeB7k",
  "tokenProgramId": "TokenkegQfeZyiNwAJbNbGKPFXCWuBvf9Ss623VQ5DA",
  "tokenAAccount": "FdiugGGKaoJeWVXLVGWrvashdtsAFJJUT7AeUSgmoe3e",
  "tokenBAccount": "GzSGyNXZpDEtvBMv4iBso4xKQs8wc8VMSj1o7S7WWzv1",
  "poolMint": "ABFNhdJ1Te2VK7XTK3cLxkMhN2yyJG3CbhqrvgVQ5Uxq",
  "mintA": "DysbQiM8nPdZbBhvHM1EgcSE73EwtFWDanXwY8CDD3Jn",
  "mintB": "EPjFWdd5AufqSSqeM2qN1xzybapC8G4wEGGkZwyTDt1v",
  "authority": "29Frf7MofnvkfWyrjdRDDFbeq3XcmYzyqszYB4UjgqEg",
  "swapAccount": "5nG37RFZWKMW2z6XrLYa1nwnrEzxaxBM9fjpF9jjm2Pz",
  "provider": "cropper",
  "other": "EPjFWdd5AufqSSqeM2qN1xzybapC8G4wEGGkZwyTDt1v"
}