{
  "version": 1,
  "isInitialized": 1,
  "nonce": 253,
  "ammId": "5qEfqyiYfLZCLUduDZ8CB5Sid1F5BHqhANEYfSUb9Rgt",
  "serumProgramId": "9xQeWvG816bUx9EPjHmaT23yvVM2ZWbrrpZb9PusVFin",
  "serumMarket": "GfRgW3GSJgo8DVTjfcbTNyAdyNG92XJVPVeqUKNQoanb",
  "tokenProgramId": "TokenkegQfeZyiNwAJbNbGKPFXCWuBvf9Ss623VQ5DA",
  "tokenAAccount": "9b8cirSAK3VWJRNsz2Pm6npJrFfPtGW6XnrGuzgSZP1e",
  "tokenBAccount": "8KthUTcGkhn9AhnwjGk38Ww166mjWi4Xabfv2FmNzpZ6",
  "poolMint": "CqZ8r4PshEUXH87wbNLbeHXkZY1NZm1AoF5x1VwAN1Ce",
  "mintA": "53dqN1unCex98QWzLZtk1ssJptEcRwZapTrv8pakcgNB",
  "mintB": "EPjFWdd5AufqSSqeM2qN1xzybapC8G4wEGGkZwyTDt1v",
  "authority": "EwQVT5xyYEm6eVKsXXCTuXERASDRXLqn636bzS9K2gmj",
  "swapAccount": "5qEfqyiYfLZCLUduDZ8CB5Sid1F5BHqhANEYfSUb9Rgt",
  "provider": "cropper",
  "other": "EPjFWdd5AufqSSqeM2qN1xzybapC8G4wEGGkZwyTDt1v"
}