{
  "version": 1,
  "isInitialized": 1,
  "nonce": 255,
  "ammId": "5QrGXNh1W7f7jsXRi7iUQNXrHhMFbsQfhaw7NvyEw4Vx",
  "serumProgramId": "9xQeWvG816bUx9EPjHmaT23yvVM2ZWbrrpZb9PusVFin",
  "serumMarket": "762pF5rK7oN7EGHCZs6jb3iKUsKsf586NYFRL1K2xnVx",
  "tokenProgramId": "TokenkegQfeZyiNwAJbNbGKPFXCWuBvf9Ss623VQ5DA",
  "tokenAAccount": "8spM3hQmJ49hq8RimyHVBzBjNz47k8WxXJC9DdEzPhtj",
  "tokenBAccount": "3cqCs9bUPoXe4RjNJ548dHke65UWG1AidMbaMnRhGTZV",
  "poolMint": "DeNBqXqbmD7sagf2z7zGbwxFpkuwKMczRVgshZVh46Nf",
  "mintA": "3xVf2hPbkE5TuZNUPLQXFgFLD4LpvCM45BodbPmnpSSV",
  "mintB": "EPjFWdd5AufqSSqeM2qN1xzybapC8G4wEGGkZwyTDt1v",
  "authority": "7KrKdYVzRRhZ8i53AxxSkNBNbsZr3wuAU7XoLCGzz3qT",
  "swapAccount": "5QrGXNh1W7f7jsXRi7iUQNXrHhMFbsQfhaw7NvyEw4Vx",
  "provider": "cropper",
  "other": "3xVf2hPbkE5TuZNUPLQXFgFLD4LpvCM45BodbPmnpSSV"
}