{
  "version": 1,
  "isInitialized": 1,
  "nonce": 254,
  "ammId": "5ucNsnGWKDkeDRKaF7HeYbxw9HWjjbS2fBNxsH6h7hMD",
  "serumProgramId": "9xQeWvG816bUx9EPjHmaT23yvVM2ZWbrrpZb9PusVFin",
  "serumMarket": "9G2bAA5Uv8JyPZteuP73GJLUGg5CMbhMLCRSBUBLoXyt",
  "tokenProgramId": "TokenkegQfeZyiNwAJbNbGKPFXCWuBvf9Ss623VQ5DA",
  "tokenAAccount": "HGNcDqvAskFVaVAEvR4Fi1zddJLNWfar9bsSAn868Yfa",
  "tokenBAccount": "93Wny6vmaBSADjBFhscGLfK54rKbJq4MHefPcYXtVfvV",
  "poolMint": "GWRYczsoTksFqiwcrBRiXjihcL9g9udaAQAMeBSczf6h",
  "mintA": "7fCzz6ZDHm4UWC9Se1RPLmiyeuQ6kStxpcAP696EuE1E",
  "mintB": "EPjFWdd5AufqSSqeM2qN1xzybapC8G4wEGGkZwyTDt1v",
  "authority": "6M3y56NzqpEuZKayZ6T5jbVZyB3P7Apv6nT2bqrCzvjf",
  "swapAccount": "5ucNsnGWKDkeDRKaF7HeYbxw9HWjjbS2fBNxsH6h7hMD",
  "provider": "cropper",
  "other": "EPjFWdd5AufqSSqeM2qN1xzybapC8G4wEGGkZwyTDt1v"
}