{
  "version": 1,
  "isInitialized": 1,
  "nonce": 255,
  "ammId": "684iewBs68X1EJq2j2E3qvbGH4zG5KvZbGnxuEdCmefZ",
  "serumProgramId": "9xQeWvG816bUx9EPjHmaT23yvVM2ZWbrrpZb9PusVFin",
  "serumMarket": "2HPLwshKLtj32rhhKpYhsmfBkSomipV1j9dBnQ4Aexv9",
  "tokenProgramId": "TokenkegQfeZyiNwAJbNbGKPFXCWuBvf9Ss623VQ5DA",
  "tokenAAccount": "EiGWxXAyviUdpRndwCPvpiQjkYkn5K7FpLptBAdoTB2C",
  "tokenBAccount": "39zYgqoJvz7PcfL7B49y7eRQPkjv3sa4474KC48PwPPW",
  "poolMint": "9u8Dxsxvx6e5JvK3HLqKZtxnVs3XUmxNMKY7eirsFm6x",
  "mintA": "EZF2sPJRe26e8iyXaCrmEefrGVBkqqNGv9UPGG9EnTQz",
  "mintB": "Es9vMFrzaCERmJfrF4H2FYD4KCoNkY11McCe8BenwNYB",
  "authority": "H7YYqMWhPwKp2VouXP2EuJC5yEuxV5Gwm21dM9mXUqD1",
  "swapAccount": "684iewBs68X1EJq2j2E3qvbGH4zG5KvZbGnxuEdCmefZ",
  "provider": "cropper",
  "other": "Es9vMFrzaCERmJfrF4H2FYD4KCoNkY11McCe8BenwNYB"
}