{
  "version": 1,
  "isInitialized": 1,
  "nonce": 255,
  "ammId": "6hEyqxrHVTvusXWYsvvK8yAri2Sm757w8F2p47ZcAenV",
  "serumProgramId": "9xQeWvG816bUx9EPjHmaT23yvVM2ZWbrrpZb9PusVFin",
  "serumMarket": "5j6hdwx4eW3QBYZtRjKiUj7aDA1dxDpveSHBznwq7kUv",
  "tokenProgramId": "TokenkegQfeZyiNwAJbNbGKPFXCWuBvf9Ss623VQ5DA",
  "tokenAAccount": "2B2ZiwJqsMpiqMnLfUTLvsiQfZ7PKHLZtjtvZuwzBGQ1",
  "tokenBAccount": "FKxiXWR36aGR2iLLZRKfXuDcQvAHA1cteWWLEHtGSrNW",
  "poolMint": "7FpihYivmiL5AhcCUgKuxxKSj4GCsr8tWsr2gfRekW45",
  "mintA": "A2T2jDe2bxyEHkKtS8AtrTRmJ9VZRwyY8Kr7oQ8xNyfb",
  "mintB": "EPjFWdd5AufqSSqeM2qN1xzybapC8G4wEGGkZwyTDt1v",
  "authority": "ATWimsr15vkP9YcXLcjUVTmSEpfoddc5v5Zit9yjuyms",
  "swapAccount": "6hEyqxrHVTvusXWYsvvK8yAri2Sm757w8F2p47ZcAenV",
  "provider": "cropper",
  "other": "EPjFWdd5AufqSSqeM2qN1xzybapC8G4wEGGkZwyTDt1v"
}