{
  "version": 1,
  "isInitialized": 1,
  "nonce": 255,
  "ammId": "79JMZcimnpuoUJySYYs8GGdPWC9Jkupr7WPmYEhq7oZ6",
  "serumProgramId": "9xQeWvG816bUx9EPjHmaT23yvVM2ZWbrrpZb9PusVFin",
  "serumMarket": "BWc5twp51xHKXYKrds1oHxR1vrafKpuThzssAwsdyecQ",
  "tokenProgramId": "TokenkegQfeZyiNwAJbNbGKPFXCWuBvf9Ss623VQ5DA",
  "tokenAAccount": "JDViu8DqMpyLmnev6a4bgHeCPLZN2SEted9dCzyRAaXE",
  "tokenBAccount": "369p5Z5PgiDuUtsezczZtg18yQ6qSDAtySCf5LqNyTD7",
  "poolMint": "CH7ZBJNnJRsUXUK8j2SQhoZbvU4mLWX1M6T98rUejwYT",
  "mintA": "FeLoyXk8ac2AYVmDhAWEKNWWT63Z9TczeidYbpDvxF3T",
  "mintB": "EPjFWdd5AufqSSqeM2qN1xzybapC8G4wEGGkZwyTDt1v",
  "authority": "HWaZUAUcU2c2MaJnZggHMYCcZJpNA3tiEYKn2NS7LQJB",
  "swapAccount": "79JMZcimnpuoUJySYYs8GGdPWC9Jkupr7WPmYEhq7oZ6",
  "provider": "cropper",
  "other": "EPjFWdd5AufqSSqeM2qN1xzybapC8G4wEGGkZwyTDt1v"
}