{
  "version": 1,
  "isInitialized": 1,
  "nonce": 255,
  "ammId": "7mATJbrznFPD9yty7PaTxXFMrRqxJCCteH6ro7jS4rbb",
  "serumProgramId": "9xQeWvG816bUx9EPjHmaT23yvVM2ZWbrrpZb9PusVFin",
  "serumMarket": "AEgjQ1LCf7ymJ7mffDmsG8zCmvx9beoi2h3NB786VRMp",
  "tokenProgramId": "TokenkegQfeZyiNwAJbNbGKPFXCWuBvf9Ss623VQ5DA",
  "tokenAAccount": "DfbXsvDSr7S8QiVb9AAkzByWumLCPDhdsC6XmUfkevzG",
  "tokenBAccount": "4KC66wUybZdS7qrEXyoeGXGnyVJ9FTo4wnY8thH9bdyQ",
  "poolMint": "FwgSkLJjfpmVNGJDidmzmU5ainm8k5ZA1f6y6st9Fywp",
  "mintA": "J4tV8qjZyzwsYhGmPREDEyehCusPwa7uYm3UssQ6X4A8",
  "mintB": "EPjFWdd5AufqSSqeM2qN1xzybapC8G4wEGGkZwyTDt1v",
  "authority": "DoQdMY9njCn3iGSGH4pWgtFETynBbn2ixER8EVzeVPcJ",
  "swapAccount": "7mATJbrznFPD9yty7PaTxXFMrRqxJCCteH6ro7jS4rbb",
  "provider": "cropper",
  "other": "EPjFWdd5AufqSSqeM2qN1xzybapC8G4wEGGkZwyTDt1v"
}