{
  "version": 1,
  "isInitialized": 1,
  "nonce": 255,
  "ammId": "7rJXCDDPzEk5piEH67jj1JHSvXpZ87sr2jWMfcFmEixa",
  "serumProgramId": "9xQeWvG816bUx9EPjHmaT23yvVM2ZWbrrpZb9PusVFin",
  "serumMarket": "6pTSwNnKNC5aaJ3B7wHRSCuZVBULswRvXUJS2Zg3b67t",
  "tokenProgramId": "TokenkegQfeZyiNwAJbNbGKPFXCWuBvf9Ss623VQ5DA",
  "tokenAAccount": "2iDTtSY5t573mjX23acYodn47vhBPSjkb6YYuDnMQ9gW",
  "tokenBAccount": "9ebS8JmesTejZSQfuTgYGppULfKuDp2cd7zkJGtUfBiB",
  "poolMint": "CCMzC7xHHJ6XVEK3Ee5PenNQecbD48KywkrUwZFYYTsX",
  "mintA": "DubwWZNWiNGMMeeQHPnMATNj77YZPZSAz2WVR5WjLJqz",
  "mintB": "9n4nbM75f5Ui33ZbPYXn59EwSgE8CGsHtAeTH5YFeJ9E",
  "authority": "CMYfg3otyyYMid2wgM1QAqUSjdSyifkpKvBuLPL63ig2",
  "swapAccount": "7rJXCDDPzEk5piEH67jj1JHSvXpZ87sr2jWMfcFmEixa",
  "provider": "cropper",
  "other": "DubwWZNWiNGMMeeQHPnMATNj77YZPZSAz2WVR5WjLJqz"
}