{
  "version": 1,
  "isInitialized": 1,
  "nonce": 255,
  "ammId": "7V3RVjW7CvGzdamFLgsy6ijsH7TdbMWURfe8kYkyLQ3M",
  "serumProgramId": "9xQeWvG816bUx9EPjHmaT23yvVM2ZWbrrpZb9PusVFin",
  "serumMarket": "FitnUARvYB9LRXJtECe2YjLzPgLD88fDRGQgqKwLDqtV",
  "tokenProgramId": "TokenkegQfeZyiNwAJbNbGKPFXCWuBvf9Ss623VQ5DA",
  "tokenAAccount": "kEhnAVXqmB9qRjZL9WR6pPkcG7EsccnkyUFq8cFRAAX",
  "tokenBAccount": "57GkWQBfVeRcqp1yiSTj1i6AsdS3JtrSBfHpVbNpbE5a",
  "poolMint": "EKGM73Femgd7Nm6u7pMP6U7C5aZAQrp1txLjS4kFYUtG",
  "mintA": "EzL6LLmv4vgfF7irkjG7ZxM92bTJ9f6nFopDXJTow7zj",
  "mintB": "EPjFWdd5AufqSSqeM2qN1xzybapC8G4wEGGkZwyTDt1v",
  "authority": "Fco7RtFDZRaJvqq3SufCJcRuujJkManMxD3rMVv1qXwu",
  "swapAccount": "7V3RVjW7CvGzdamFLgsy6ijsH7TdbMWURfe8kYkyLQ3M",
  "provider": "cropper",
  "other": "EPjFWdd5AufqSSqeM2qN1xzybapC8G4wEGGkZwyTDt1v"
}