{
  "version": 1,
  "isInitialized": 1,
  "nonce": 252,
  "ammId": "8CQHBWShvcmK3JUgU72KrXVNU3kDTpn23CjjiYSib9Rt",
  "serumProgramId": "9xQeWvG816bUx9EPjHmaT23yvVM2ZWbrrpZb9PusVFin",
  "serumMarket": "D7p7PebNjpkH6VNHJhmiDFNmpz9XE7UaTv9RouxJMrwb",
  "tokenProgramId": "TokenkegQfeZyiNwAJbNbGKPFXCWuBvf9Ss623VQ5DA",
  "tokenAAccount": "FGpRgFyk3WTsvMfya7gww46QdA2PWfiggkrQWjcT3Wam",
  "tokenBAccount": "XoiXdzxuTuXFxxSS9RCzuHwA5DU2h4vAwAHZSg527R5",
  "poolMint": "E7QXvYyoe9D5jVKrzkyuhhXvPtZE8tugZAjLacvujKBc",
  "mintA": "4wjPQJ6PrkC4dHhYghwJzGBVP78DkBzA2U3kHoFNBuhj",
  "mintB": "EPjFWdd5AufqSSqeM2qN1xzybapC8G4wEGGkZwyTDt1v",
  "authority": "HFX7QZUgyfF75ySZmmDDBPnWpprK71CzjUT6hfCf5h6H",
  "swapAccount": "8CQHBWShvcmK3JUgU72KrXVNU3kDTpn23CjjiYSib9Rt",
  "provider": "cropper",
  "other": "EPjFWdd5AufqSSqeM2qN1xzybapC8G4wEGGkZwyTDt1v"
}