{
  "version": 1,
  "isInitialized": 1,
  "nonce": 255,
  "ammId": "8ktUv8ZvSQvRBWrVsV4eeD9faLro2C691JLPzxPQv9Va",
  "serumProgramId": "9xQeWvG816bUx9EPjHmaT23yvVM2ZWbrrpZb9PusVFin",
  "serumMarket": "DQ4Gn2bKTssqvMFyD5qYaeVMXJDe9ELXZ1NtJX4inr9c",
  "tokenProgramId": "TokenkegQfeZyiNwAJbNbGKPFXCWuBvf9Ss623VQ5DA",
  "tokenAAccount": "Akrj4BY2JHLExvKFLp3NNmr3P42dyQSSqsenj2Pgeug2",
  "tokenBAccount": "FoCdbPmPyxWRTKTN89qSZ2GNruFef3en8n7VUHYoGTo8",
  "poolMint": "691CkaRvYyPJSRFgomyBymiVDfuw8c7VcceNC2kecRgx",
  "mintA": "3NcCuwvTMnnf7TU2UEVhp6v2nzbLXQiDgzQySS6m8A7P",
  "mintB": "EPjFWdd5AufqSSqeM2qN1xzybapC8G4wEGGkZwyTDt1v",
  "authority": "9kvnKEedBvA5Kze89NdrHd1mWEKfQNReVymYZAKiQHR7",
  "swapAccount": "8ktUv8ZvSQvRBWrVsV4eeD9faLro2C691JLPzxPQv9Va",
  "provider": "cropper",
  "other": "EPjFWdd5AufqSSqeM2qN1xzybapC8G4wEGGkZwyTDt1v"
}