{
  "version": 1,
  "isInitialized": 1,
  "nonce": 255,
  "ammId": "8zMHkWqKZKLRVDhfrXHvXJCAfPu3GvYmYzhwYEjJ62gE",
  "serumProgramId": "9xQeWvG816bUx9EPjHmaT23yvVM2ZWbrrpZb9PusVFin",
  "serumMarket": "FwuU8MkFvAfud2hLSyt5qz9UXNJ8f1noK2GCDsEgVonB",
  "tokenProgramId": "TokenkegQfeZyiNwAJbNbGKPFXCWuBvf9Ss623VQ5DA",
  "tokenAAccount": "C7wy9e1CXQKEvW2KdXKa7eP6ARhZR5syAxZ2VGMuUNKr",
  "tokenBAccount": "JCVNN5QuqmUHFXnwq73kxs1jGhbp4dseZw1NTC1ENxGJ",
  "poolMint": "3GsPyWuGAVxcNZy8NUwnh7zBvPphR799SZc9fuDgMFJY",
  "mintA": "FEELeKVxHtsHHvu1ARySjETxnJMKbLC6wHCaMD68ipiR",
  "mintB": "EPjFWdd5AufqSSqeM2qN1xzybapC8G4wEGGkZwyTDt1v",
  "authority": "EfDZsna3EZJa4sS8t9dh5WpsWrQcJo9kXXu8cUoaFLGJ",
  "swapAccount": "8zMHkWqKZKLRVDhfrXHvXJCAfPu3GvYmYzhwYEjJ62gE",
  "provider": "cropper",
  "other": "EPjFWdd5AufqSSqeM2qN1xzybapC8G4wEGGkZwyTDt1v"
}