{
  "version": 1,
  "isInitialized": 1,
  "nonce": 255,
  "ammId": "9eyWEvWG3WC2ABGeeZx7tWJU3qnTyDwjMgBwuxwsSaN",
  "serumProgramId": "9xQeWvG816bUx9EPjHmaT23yvVM2ZWbrrpZb9PusVFin",
  "serumMarket": "7PX2k66ecaUJHJweNbdCocR4kvPotvDn2FPu69svCsnu",
  "tokenProgramId": "TokenkegQfeZyiNwAJbNbGKPFXCWuBvf9Ss623VQ5DA",
  "tokenAAccount": "7FBDhBaVBpNcHiYabHSrB6SZKKE2KH64h9JfSpD9j4NL",
  "tokenBAccount": "4s8CDoVsbMzF1vyPP7WwtPRsuC5qCvCvZgGrfxz4bJ1W",
  "poolMint": "EdWqqUz56Jo9QvLqCTg8Q1PR7boC8xMVraAEQqnWgdGZ",
  "mintA": "SAMUmmSvrE8yqtcG94oyP1Zu2P9t8PSRSV3vewsGtPM",
  "mintB": "EPjFWdd5AufqSSqeM2qN1xzybapC8G4wEGGkZwyTDt1v",
  "authority": "8ENYAoitxanSouAvhVnvw4trPEbPKuiSswy2rNLsdNyu",
  "swapAccount": "9eyWEvWG3WC2ABGeeZx7tWJU3qnTyDwjMgBwuxwsSaN",
  "provider": "cropper",
  "other": "EPjFWdd5AufqSSqeM2qN1xzybapC8G4wEGGkZwyTDt1v"
}