{
  "version": 1,
  "isInitialized": 1,
  "nonce": 254,
  "ammId": "9FFobFqYVYXxLYfoLxP2YD8GwWGEwx6SVwWThiujPapF",
  "serumProgramId": "9xQeWvG816bUx9EPjHmaT23yvVM2ZWbrrpZb9PusVFin",
  "serumMarket": "C3c2NZurMhwrgMAaUXewjDGTy5f93MvYbhYCYfXXmnZN",
  "tokenProgramId": "TokenkegQfeZyiNwAJbNbGKPFXCWuBvf9Ss623VQ5DA",
  "tokenAAccount": "67aP3VADx4Kft9XCkp6w1jHBE2DwnVF411QoZNmVbG3f",
  "tokenBAccount": "BnqHxU5E5UNnrq3ZYeVP5Qj36hT9QVbdXyYEUHYdXMoB",
  "poolMint": "FCbwFaX6zXA3BmJBW4JhPAahTn2b8ve6fRMYjmigv4Gw",
  "mintA": "zebeczgi5fSEtbpfQKVZKCJ3WgYXxjkMUkNNx7fLKAF",
  "mintB": "EPjFWdd5AufqSSqeM2qN1xzybapC8G4wEGGkZwyTDt1v",
  "authority": "9vnQ5UZnQ4PBz6XMWSc5f5t2i8mkfsjv7KXwkbBj78PS",
  "swapAccount": "9FFobFqYVYXxLYfoLxP2YD8GwWGEwx6SVwWThiujPapF",
  "provider": "cropper",
  "other": "EPjFWdd5AufqSSqeM2qN1xzybapC8G4wEGGkZwyTDt1v"
}