{
  "version": 1,
  "isInitialized": 1,
  "nonce": 254,
  "ammId": "9hBWa9p6yB917ypZSZYKeCqVdpqpyvJCAMbuNfesNyM3",
  "serumProgramId": "9xQeWvG816bUx9EPjHmaT23yvVM2ZWbrrpZb9PusVFin",
  "serumMarket": "25jwx4ApZ8ustekhmboUPWPipYrtFnnS2mmfXwL7zQoz",
  "tokenProgramId": "TokenkegQfeZyiNwAJbNbGKPFXCWuBvf9Ss623VQ5DA",
  "tokenAAccount": "pxJAnTH6wAokdqw896Hjnxr5krSbTMhft5h3pRnrJf7",
  "tokenBAccount": "FMRA2UBGJfGbciHgfZ5Tg7ND6T2Pu1GVNGyv3MpzJW3Q",
  "poolMint": "2osnrtveVu9eueAabM8GAnzndZTe8jsfPv58NU2jF8Ax",
  "mintA": "7udMmYXh6cuWVY6qQVCd9b429wDVn2J71r5BdxHkQADY",
  "mintB": "DubwWZNWiNGMMeeQHPnMATNj77YZPZSAz2WVR5WjLJqz",
  "authority": "Gjx5xfz4R2wPF5G3c7uBAazWsnUP3vA5tKzYpxPAmdJt",
  "swapAccount": "9hBWa9p6yB917ypZSZYKeCqVdpqpyvJCAMbuNfesNyM3",
  "provider": "cropper",
  "other": "DubwWZNWiNGMMeeQHPnMATNj77YZPZSAz2WVR5WjLJqz"
}