{
  "version": 1,
  "isInitialized": 1,
  "nonce": 255,
  "ammId": "9Qs2A3sasmeninYREk4vfernRE6AL56nHAXiW3F4PmJ",
  "serumProgramId": "9xQeWvG816bUx9EPjHmaT23yvVM2ZWbrrpZb9PusVFin",
  "serumMarket": "44oDmVpesbLRx6vsNGm5i5zsiBFJU3yyEZHCVJTmsDpg",
  "tokenProgramId": "TokenkegQfeZyiNwAJbNbGKPFXCWuBvf9Ss623VQ5DA",
  "tokenAAccount": "37bYq1GqHkNroGRZornZZshNs5Q9ks8wbmyXFr8teJwh",
  "tokenBAccount": "AUfanPhPFVnPY5uLpGrpP32HfE4PXUQhRNkZyVS8v621",
  "poolMint": "7Sb2w32mC9TtN9fVUTUugMhUqnx39F44eTnqjtU8C2Dp",
  "mintA": "4koPqVjEbJ4qSva3Gf7WYk9FywZrm1AhwHHoo72DeiPU",
  "mintB": "EPjFWdd5AufqSSqeM2qN1xzybapC8G4wEGGkZwyTDt1v",
  "authority": "EZp4gp6KsKn4ZhzFheP2sCMuD9YaM2EojK2Qy9ddk76R",
  "swapAccount": "9Qs2A3sasmeninYREk4vfernRE6AL56nHAXiW3F4PmJ",
  "provider": "cropper",
  "other": "EPjFWdd5AufqSSqeM2qN1xzybapC8G4wEGGkZwyTDt1v"
}