{
  "version": 1,
  "isInitialized": 1,
  "nonce": 255,
  "ammId": "A33wcAyKAanXzh9obZhtqiJg4pU5nqSk6pn98jeTPBmn",
  "serumProgramId": "9xQeWvG816bUx9EPjHmaT23yvVM2ZWbrrpZb9PusVFin",
  "serumMarket": "5JC2kckdehvq8k2JMZE9gJzdiyhGyg5CH4HN8gxwWSyo",
  "tokenProgramId": "TokenkegQfeZyiNwAJbNbGKPFXCWuBvf9Ss623VQ5DA",
  "tokenAAccount": "Fz8p9LA88pw3krMHMjBD3vTbQJjtPwAGNgwFAKoeKs5E",
  "tokenBAccount": "ArShCAggk212K6s4gKEV6J4RM7i3oWwRh7wdLctuXTnd",
  "poolMint": "FREaJRk8mUbK7Vc1LMUw9rdtpLAu9g4qk4Yq9rU9wWP8",
  "mintA": "1C2EYVrwmoXAGbiKirFFBeDFDYUBHPhDeg9trhibTND",
  "mintB": "EPjFWdd5AufqSSqeM2qN1xzybapC8G4wEGGkZwyTDt1v",
  "authority": "91MwqnHcrUw7aKr5mf1z4t1ZxC3SRjrWyGtevPfmcCC",
  "swapAccount": "A33wcAyKAanXzh9obZhtqiJg4pU5nqSk6pn98jeTPBmn",
  "provider": "cropper",
  "other": "EPjFWdd5AufqSSqeM2qN1xzybapC8G4wEGGkZwyTDt1v"
}