{
  "version": 1,
  "isInitialized": 1,
  "nonce": 255,
  "ammId": "AGSUrHLM3Do3jDf3sn1WPJPG76ep9Q2akDuNRUPofmJV",
  "serumProgramId": "9xQeWvG816bUx9EPjHmaT23yvVM2ZWbrrpZb9PusVFin",
  "serumMarket": "G3Bss3a2tif6eHNzWCh14g5k2H4rwBAmE42tbckUWG5T",
  "tokenProgramId": "TokenkegQfeZyiNwAJbNbGKPFXCWuBvf9Ss623VQ5DA",
  "tokenAAccount": "D246EPLEgcd1PtZWNPia1GWo61muW9ZJ8LBEYynCAPfa",
  "tokenBAccount": "DpvcE1swD9368bVzNG3RfbibfjNrsJhv5S2VTxdw2YCB",
  "poolMint": "2XDDPqfhE9gopKmVdo4M9boRYir1w2VRRRLeRXR9tfsy",
  "mintA": "5jFnsfx36DyGk8uVGrbXnVUMTsBkPXGpx6e69BiGFzko",
  "mintB": "EPjFWdd5AufqSSqeM2qN1xzybapC8G4wEGGkZwyTDt1v",
  "authority": "7GaHZjFGqkRRsEUciNDFVqST4u6DGaagY9BMiMEuZC9w",
  "swapAccount": "AGSUrHLM3Do3jDf3sn1WPJPG76ep9Q2akDuNRUPofmJV",
  "provider": "cropper",
  "other": "EPjFWdd5AufqSSqeM2qN1xzybapC8G4wEGGkZwyTDt1v"
}