{
  "version": 1,
  "isInitialized": 1,
  "nonce": 253,
  "ammId": "AWeaQ2zQthqpNsFYq4Q4RkawSAezhRfzezuDDSArv845",
  "serumProgramId": "9xQeWvG816bUx9EPjHmaT23yvVM2ZWbrrpZb9PusVFin",
  "serumMarket": "2KZKsBP9SD8t3im1uBSLsYwVPt5aXwdvKzDUMwqa9b1v",
  "tokenProgramId": "TokenkegQfeZyiNwAJbNbGKPFXCWuBvf9Ss623VQ5DA",
  "tokenAAccount": "HxREfjBuCzf4wQBuwxxDKhnUD3bKvgFiSRmEFaCR2rCQ",
  "tokenBAccount": "923Dmpk3senPY3MXtPEDNgWvFX3cbYmNEAtdX7UCnTqh",
  "poolMint": "3DN98FXELwME1sr6pz9on6pW3vrB8rX3kqkZBHuf3ppy",
  "mintA": "H7Qc9APCWWGDVxGD5fJHmLTmdEgT9GFatAKFNg6sHh8A",
  "mintB": "DubwWZNWiNGMMeeQHPnMATNj77YZPZSAz2WVR5WjLJqz",
  "authority": "ERt1Weoo7JRRvosuJnfX8iXcSCe2krPoPUtCwv1z4gct",
  "swapAccount": "AWeaQ2zQthqpNsFYq4Q4RkawSAezhRfzezuDDSArv845",
  "provider": "cropper",
  "other": "DubwWZNWiNGMMeeQHPnMATNj77YZPZSAz2WVR5WjLJqz"
}