{
  "version": 1,
  "isInitialized": 1,
  "nonce": 254,
  "ammId": "B65wBYJJCYb1ymkLgs4oYqDedj3DMQHujwNbp3tFUatA",
  "serumProgramId": "9xQeWvG816bUx9EPjHmaT23yvVM2ZWbrrpZb9PusVFin",
  "serumMarket": "6kUNLwQk9hVFq6ebMbUPVbrWnmp8E65Ae9NJNsbuCcFe",
  "tokenProgramId": "TokenkegQfeZyiNwAJbNbGKPFXCWuBvf9Ss623VQ5DA",
  "tokenAAccount": "EBAwmQMoWwgth1wXZGFhziE9TJ6LnNvgRBfk6uNtDSdz",
  "tokenBAccount": "D7ht6jpECdeW6HGWVte1Q29owmuVPdTH9bxKViapz8cM",
  "poolMint": "AqUDC2yd1wWyzZa4ERjhjChuwg7SmRxuwfdiSRi6ZHqN",
  "mintA": "xxxxa1sKNGwFtw2kFn8XauW9xq8hBZ5kVtcSesTT9fW",
  "mintB": "DubwWZNWiNGMMeeQHPnMATNj77YZPZSAz2WVR5WjLJqz",
  "authority": "Ct6eYohdX7CQKZjAe4KH4v4VfemUDf61eBQB4b33KSXb",
  "swapAccount": "B65wBYJJCYb1ymkLgs4oYqDedj3DMQHujwNbp3tFUatA",
  "provider": "cropper",
  "other": "DubwWZNWiNGMMeeQHPnMATNj77YZPZSAz2WVR5WjLJqz"
}