{
  "version": 1,
  "isInitialized": 1,
  "nonce": 255,
  "ammId": "B6tgyQWuoSwGq1hts83aJhgvHiAHCmZRNxKqRsHELw9Z",
  "serumProgramId": "9xQeWvG816bUx9EPjHmaT23yvVM2ZWbrrpZb9PusVFin",
  "serumMarket": "4gr78LzJgL3RuCwomj1RzSsXwPpc1pzbMEG54idYFUqe",
  "tokenProgramId": "TokenkegQfeZyiNwAJbNbGKPFXCWuBvf9Ss623VQ5DA",
  "tokenAAccount": "Hbb1Lc7EB6uadY67x1pFaX8inL2y8ABk9rGzX4QLTBkX",
  "tokenBAccount": "2L5CC1tUjo14c4Et4rUV4LcubX21mBduNmC8WdcsHVtH",
  "poolMint": "4LaxTpMRBBnetws6WGwNad28B8C58brcEDFuNwSUT2sT",
  "mintA": "7j7H7sgsnNDeCngAPjpaCN4aaaru4HS7NAFYSEUyzJ3k",
  "mintB": "EPjFWdd5AufqSSqeM2qN1xzybapC8G4wEGGkZwyTDt1v",
  "authority": "HMwFKdGqt5CanRKbW42YghL8Uu2fJpmKeRB7RWA6gMhw",
  "swapAccount": "B6tgyQWuoSwGq1hts83aJhgvHiAHCmZRNxKqRsHELw9Z",
  "provider": "cropper",
  "other": "EPjFWdd5AufqSSqeM2qN1xzybapC8G4wEGGkZwyTDt1v"
}