{
  "version": 1,
  "isInitialized": 1,
  "nonce": 255,
  "ammId": "BcnMkQ62L6zyy6cuQ9S16nzKQapYFK1zpvihfYoM1ktY",
  "serumProgramId": "9xQeWvG816bUx9EPjHmaT23yvVM2ZWbrrpZb9PusVFin",
  "serumMarket": "AAQR6j1ftW2g6ubAkTjrYvkg3H5aPud7i1GXViHLvRVU",
  "tokenProgramId": "TokenkegQfeZyiNwAJbNbGKPFXCWuBvf9Ss623VQ5DA",
  "tokenAAccount": "2DeoHHaKgX8HdvjEfootLyxJjqWdkYMsFvJwtLwTJmoq",
  "tokenBAccount": "4KvuAC2gkGLWoArR5mzNZafMwvgaTajufwPbC5gPvRsE",
  "poolMint": "HeHNaTF5s68fMocqaHy6rHphbRXci34QetKSPHiCYFiG",
  "mintA": "Fp4gjLpTsPqBN6xDGpDHwtnuEofjyiZKxxZxzvJnjxV6",
  "mintB": "EPjFWdd5AufqSSqeM2qN1xzybapC8G4wEGGkZwyTDt1v",
  "authority": "BExJerNqdpw3jH99TY68YXXbXabkBHpffGXoQinopfki",
  "swapAccount": "BcnMkQ62L6zyy6cuQ9S16nzKQapYFK1zpvihfYoM1ktY",
  "provider": "cropper",
  "other": "EPjFWdd5AufqSSqeM2qN1xzybapC8G4wEGGkZwyTDt1v"
}