{
  "version": 1,
  "isInitialized": 1,
  "nonce": 253,
  "ammId": "BLsYKUGcw2CxGs5wq1WftCwN1wUdtA8MpMc8XnFPJ7jL",
  "serumProgramId": "9xQeWvG816bUx9EPjHmaT23yvVM2ZWbrrpZb9PusVFin",
  "serumMarket": "BUF1JfyS3zQMLJ3PMUX4CcLumx1vZsgAfiDzEDgi8iwL",
  "tokenProgramId": "TokenkegQfeZyiNwAJbNbGKPFXCWuBvf9Ss623VQ5DA",
  "tokenAAccount": "4ZbVzZgH35TDwDPemqKHv4B3m1rzobeq7HWSfzwTHtr1",
  "tokenBAccount": "BzrVaaVEGev8nSfuFAmxqNYrxAnRvLvsBsySsiyiAYzU",
  "poolMint": "9PNEDBczsEJL9bVdvF9PzgCNCyNKt2gwHMo3XUCxsKHZ",
  "mintA": "41TwwURtuv4k8TuFxp1vfFYP9noMbHXqtscse8xLM26V",
  "mintB": "EPjFWdd5AufqSSqeM2qN1xzybapC8G4wEGGkZwyTDt1v",
  "authority": "72Di6ZzyBLJo95mkzTAzpX58FrnxkiaSQWiK2xi1Vv5a",
  "swapAccount": "BLsYKUGcw2CxGs5wq1WftCwN1wUdtA8MpMc8XnFPJ7jL",
  "provider": "cropper",
  "other": "EPjFWdd5AufqSSqeM2qN1xzybapC8G4wEGGkZwyTDt1v"
}