{
  "version": 1,
  "isInitialized": 1,
  "nonce": 255,
  "ammId": "BNz1nnFCnHbLrGd24NHYQbAeU8BKujCsnRidZQa1wCrG",
  "serumProgramId": "9xQeWvG816bUx9EPjHmaT23yvVM2ZWbrrpZb9PusVFin",
  "serumMarket": "9YdVSNrDsKDaGyhKL2nqEFKvxe3MSqMjmAvcjndVg1kj",
  "tokenProgramId": "TokenkegQfeZyiNwAJbNbGKPFXCWuBvf9Ss623VQ5DA",
  "tokenAAccount": "79dQhwSEfiRh5wpZQrq73JCdt9ghN4kVzJpBWc43v9Zx",
  "tokenBAccount": "8wQrJEcAKVShwHztQywjMowYMrneDZXGkj74j7x6h8Cf",
  "poolMint": "4YRSYKcbC3oQSEPEPqcYDHtwDabTBym3YjSsAvnLKdiU",
  "mintA": "sonarX4VtVkQemriJeLm6CKeW3GDMyiBnnAEMw1MRAE",
  "mintB": "EPjFWdd5AufqSSqeM2qN1xzybapC8G4wEGGkZwyTDt1v",
  "authority": "J4XzWcsJ5hTLyTwfEoXgWd9pWqh2SERZNyxRFmKnMd2h",
  "swapAccount": "BNz1nnFCnHbLrGd24NHYQbAeU8BKujCsnRidZQa1wCrG",
  "provider": "cropper",
  "other": "EPjFWdd5AufqSSqeM2qN1xzybapC8G4wEGGkZwyTDt1v"
}