{
  "version": 1,
  "isInitialized": 1,
  "nonce": 254,
  "ammId": "CBWQwHGw8uq48eSjoo8RztgHw7aDCtHamr8dEe1P8s3J",
  "serumProgramId": "9xQeWvG816bUx9EPjHmaT23yvVM2ZWbrrpZb9PusVFin",
  "serumMarket": "6fG3zPRGL8MEu7Pq6o6huowDubMtuArwpH2ACLXZKQhw",
  "tokenProgramId": "TokenkegQfeZyiNwAJbNbGKPFXCWuBvf9Ss623VQ5DA",
  "tokenAAccount": "5Xij1j5ECXqx7o2ANjPWuG17s7MnBMvQedWm3igYfpu6",
  "tokenBAccount": "4tonenFRcehcaptzJt9TJyTqKK9a1eAuMzaajZXkwEfU",
  "poolMint": "FbKZLsPuEeLHW49KCsXSw1ATWs4HvgZHUVpo5YKj2p1F",
  "mintA": "GH9urVNhVzEvQFAz4NGWrjc3raGMKSmU96GV7s3QwSfq",
  "mintB": "So11111111111111111111111111111111111111112",
  "authority": "3Wq9BdGm5TVx1MsfyaoF4cH8FeXjRbKuvu6arxLFR5cf",
  "swapAccount": "CBWQwHGw8uq48eSjoo8RztgHw7aDCtHamr8dEe1P8s3J",
  "provider": "cropper",
  "other": "GH9urVNhVzEvQFAz4NGWrjc3raGMKSmU96GV7s3QwSfq"
}