{
  "version": 1,
  "isInitialized": 1,
  "nonce": 255,
  "ammId": "Cd8Nt759CjxcmG5vFCyiP1Q6bTbUJ7TEuaVvgiLtJX4X",
  "serumProgramId": "9xQeWvG816bUx9EPjHmaT23yvVM2ZWbrrpZb9PusVFin",
  "serumMarket": "BxcuT1p8FK9cFak4Uuf5nmoAZ7nQGu7FerCMESGqxF7b",
  "tokenProgramId": "TokenkegQfeZyiNwAJbNbGKPFXCWuBvf9Ss623VQ5DA",
  "tokenAAccount": "BqTsa5abxyJtr9hjQkBJycnKyKyUWGcYiif7z2aZh3at",
  "tokenBAccount": "ErJHr1hzjKqbsuJjBUrdyetA4syz3oet5cHtZETqHG7u",
  "poolMint": "4ig1SUo6e39QsWzzyvsDEXCDrx9yMyjFg2UUgfpsMwkc",
  "mintA": "3jzdrXXKxwkBk82u2eCWASZLCKoZs1LQTg87HBEAmBJw",
  "mintB": "EPjFWdd5AufqSSqeM2qN1xzybapC8G4wEGGkZwyTDt1v",
  "authority": "AvbKeTuz7gkSXzRfzgbSSK8XrFCnoPDkGXr6jWF73aoB",
  "swapAccount": "Cd8Nt759CjxcmG5vFCyiP1Q6bTbUJ7TEuaVvgiLtJX4X",
  "provider": "cropper",
  "other": "EPjFWdd5AufqSSqeM2qN1xzybapC8G4wEGGkZwyTDt1v"
}