{
  "version": 1,
  "isInitialized": 1,
  "nonce": 252,
  "ammId": "CKU8NJRXQVmEP3bFiGuG6iyeZnkfCVh3e3Q1911JiSJ7",
  "serumProgramId": "9xQeWvG816bUx9EPjHmaT23yvVM2ZWbrrpZb9PusVFin",
  "serumMarket": "ABydcz3WA6JH4mMkuTLQwdqrRFuvrNrQd3J83uFM5oB",
  "tokenProgramId": "TokenkegQfeZyiNwAJbNbGKPFXCWuBvf9Ss623VQ5DA",
  "tokenAAccount": "xyapap7izq3no9ZFDqhDAWiZVhKhYeHYzqRHHfn5Z9C",
  "tokenBAccount": "G3CikvhQ3NwyZHjWjCF5A4QUZczebTY9SkLaWPNibsLM",
  "poolMint": "De6ogKa5E8LTYgjPFASNeM815Yqrbb9JWjtJVwMEtY8i",
  "mintA": "DK6PWMyuZ4NMjsm9AWNCTMKrajQYrtfMjMJ3QauX2UH5",
  "mintB": "EPjFWdd5AufqSSqeM2qN1xzybapC8G4wEGGkZwyTDt1v",
  "authority": "Ey7d1XoKRGmBDqBHVyuH8cp6JXXH6aFAXansj9Dtkoa8",
  "swapAccount": "CKU8NJRXQVmEP3bFiGuG6iyeZnkfCVh3e3Q1911JiSJ7",
  "provider": "cropper",
  "other": "EPjFWdd5AufqSSqeM2qN1xzybapC8G4wEGGkZwyTDt1v"
}