{
  "version": 1,
  "isInitialized": 1,
  "nonce": 253,
  "ammId": "CuAysPaKQ3wS8GuknNohpjN6eAAYVrpqNMZgZEMJvw58",
  "serumProgramId": "9xQeWvG816bUx9EPjHmaT23yvVM2ZWbrrpZb9PusVFin",
  "serumMarket": "Hu2r9hfojRBM5bRXNsSAmxKx3HmUcdTn12RvdTyGn6E5",
  "tokenProgramId": "TokenkegQfeZyiNwAJbNbGKPFXCWuBvf9Ss623VQ5DA",
  "tokenAAccount": "7BYSnBn5GfG9tsJ6j1dxRtuf2B9zmzr4XkkxNdakNgaN",
  "tokenBAccount": "7i5XcDRXEk2Fk4d17h7PCQ9LQDHKQuXCRVgLwTQjxkvU",
  "poolMint": "65yAE3W6MoA9KeUYo2iGwddAaqT1qLedYWettprJznWQ",
  "mintA": "AvB7Ffmt3H16bhq7ToXb839ynKzFgJxu2WDHsR1S9Yft",
  "mintB": "EPjFWdd5AufqSSqeM2qN1xzybapC8G4wEGGkZwyTDt1v",
  "authority": "7rgKNN37PUAznvQW2t29VZwscWrMxQi6zrKyuf1zV7ea",
  "swapAccount": "CuAysPaKQ3wS8GuknNohpjN6eAAYVrpqNMZgZEMJvw58",
  "provider": "cropper",
  "other": "EPjFWdd5AufqSSqeM2qN1xzybapC8G4wEGGkZwyTDt1v"
}