{
  "version": 1,
  "isInitialized": 1,
  "nonce": 255,
  "ammId": "CurufZayU2wyjR9fsL1zJaf3D6siRVJrZZmm6vqjhgNz",
  "serumProgramId": "9xQeWvG816bUx9EPjHmaT23yvVM2ZWbrrpZb9PusVFin",
  "serumMarket": "GN2TTgnWm7WyMEFZjbtzZL2d7NxhBk4QMZtDdLZUkcqv",
  "tokenProgramId": "TokenkegQfeZyiNwAJbNbGKPFXCWuBvf9Ss623VQ5DA",
  "tokenAAccount": "Fq6BuKDifozKJUSzMS9i3d7WnSRVPrNQNy4j7i93U3HP",
  "tokenBAccount": "4CwZg46Bpg8VBKtdKqaQ4UzyvoAfawocvgueC6ypq2Pk",
  "poolMint": "7LaVBQKnQQ63govY6dYziiPxJ3KVN9TiS577JTFoFVgv",
  "mintA": "7rmV64vLfbrbS5rTFvojYWzCVEn8dnJ9RfSRx3nD6C5E",
  "mintB": "EPjFWdd5AufqSSqeM2qN1xzybapC8G4wEGGkZwyTDt1v",
  "authority": "7eWi1vMGfaxwNRfG9GWUJVwYLDaxBp5sfDZhT6ZMHirL",
  "swapAccount": "CurufZayU2wyjR9fsL1zJaf3D6siRVJrZZmm6vqjhgNz",
  "provider": "cropper",
  "other": "EPjFWdd5AufqSSqeM2qN1xzybapC8G4wEGGkZwyTDt1v"
}