{
  "version": 1,
  "isInitialized": 1,
  "nonce": 254,
  "ammId": "DAsXovtoYA4aQFDNFZo9ipPaMt9h3AA8EqYSgrRkgEYu",
  "serumProgramId": "9xQeWvG816bUx9EPjHmaT23yvVM2ZWbrrpZb9PusVFin",
  "serumMarket": "DYfigimKWc5VhavR4moPBibx9sMcWYVSjVdWvPztBPTa",
  "tokenProgramId": "TokenkegQfeZyiNwAJbNbGKPFXCWuBvf9Ss623VQ5DA",
  "tokenAAccount": "Fgz8dRYXsp7Ntw31WwkPTWV5YSosTmM7pHgnjQyPFtgE",
  "tokenBAccount": "7QNuAgGZUDu7mjh3cCEoPywmDY7QzXTd45xh7QGEpDhi",
  "poolMint": "GnZmzcApAfDfZZ1VyuaqKCT5JgepGbqe5kP189jeGMPk",
  "mintA": "GsNzxJfFn6zQdJGeYsupJWzUAm57Ba7335mfhWvFiE9Z",
  "mintB": "EPjFWdd5AufqSSqeM2qN1xzybapC8G4wEGGkZwyTDt1v",
  "authority": "BJaAauKA4Gau3wdpdmd8RVR83pbs3pUrckE4BKf7h7WR",
  "swapAccount": "DAsXovtoYA4aQFDNFZo9ipPaMt9h3AA8EqYSgrRkgEYu",
  "provider": "cropper",
  "other": "EPjFWdd5AufqSSqeM2qN1xzybapC8G4wEGGkZwyTDt1v"
}