{
  "version": 1,
  "isInitialized": 1,
  "nonce": 255,
  "ammId": "DcGkiVdke486iC9E96HoTAKMXoNxuq1CbKnby9d8Z82c",
  "serumProgramId": "9xQeWvG816bUx9EPjHmaT23yvVM2ZWbrrpZb9PusVFin",
  "serumMarket": "BgrZCzFr28HSB2ECnprrzMheXR87KDWaEXfsXmBnLgzH",
  "tokenProgramId": "TokenkegQfeZyiNwAJbNbGKPFXCWuBvf9Ss623VQ5DA",
  "tokenAAccount": "3nDs67F2krf28eykekguqvK4YyvtnTZ6YGtYRL4Kn7ft",
  "tokenBAccount": "3aQzY2T1Gsmt37hfMcfWmbAHWYjyRJFCBcKV8KMg1tjR",
  "poolMint": "B845cP3JTLHqaEH9FMVsxo9ZQJxekcexPMSLeidF86kt",
  "mintA": "7Bp7AoSa68KgeScXEmfM6RFnGR1FDJZJsEeic8MFesDZ",
  "mintB": "EPjFWdd5AufqSSqeM2qN1xzybapC8G4wEGGkZwyTDt1v",
  "authority": "8mGQkq86zaXtXWouQNpqiNhUE3UGegAJe2NoxUvQYyuj",
  "swapAccount": "DcGkiVdke486iC9E96HoTAKMXoNxuq1CbKnby9d8Z82c",
  "provider": "cropper",
  "other": "EPjFWdd5AufqSSqeM2qN1xzybapC8G4wEGGkZwyTDt1v"
}