{
  "version": 1,
  "isInitialized": 1,
  "nonce": 254,
  "ammId": "DJ2uqagZ1MkbskCEKNSHERwqYXtGmVYqGWywRscDfZGg",
  "serumProgramId": "9xQeWvG816bUx9EPjHmaT23yvVM2ZWbrrpZb9PusVFin",
  "serumMarket": "25aQpu6AgotiaTwT183sf3nhCz1zDzsVnZ3sqtKb4iNe",
  "tokenProgramId": "TokenkegQfeZyiNwAJbNbGKPFXCWuBvf9Ss623VQ5DA",
  "tokenAAccount": "5TXLNJcGJCqoCvE9EYT9YxBKs8GfABtXxA2DdznRVJeU",
  "tokenBAccount": "HKW8QkYuyKjsua41iCHtXjvXmjWQwkyUDN51fw4CL1UF",
  "poolMint": "66mksXeALjQ9UPezU1ffKN5BxcNC9CCt9EzZffzCg841",
  "mintA": "9GayNtQpj73ALAMJ8RoRHN149K4tx4A6brfCqtt89Hmi",
  "mintB": "EPjFWdd5AufqSSqeM2qN1xzybapC8G4wEGGkZwyTDt1v",
  "authority": "2jxZBNQs5KQu3TPdz4nEf7rWvjDTEj7iZda82Ug7Do3H",
  "swapAccount": "DJ2uqagZ1MkbskCEKNSHERwqYXtGmVYqGWywRscDfZGg",
  "provider": "cropper",
  "other": "EPjFWdd5AufqSSqeM2qN1xzybapC8G4wEGGkZwyTDt1v"
}