{
  "version": 1,
  "isInitialized": 1,
  "nonce": 255,
  "ammId": "DooJkUK79pAP7QzszFA7gLPWLdg8w8z4cUEMzZ6xrhwH",
  "serumProgramId": "9xQeWvG816bUx9EPjHmaT23yvVM2ZWbrrpZb9PusVFin",
  "serumMarket": "3jszawPiXjuqg5MwAAHS8wehWy1k7de5u5pWmmPZf6dM",
  "tokenProgramId": "TokenkegQfeZyiNwAJbNbGKPFXCWuBvf9Ss623VQ5DA",
  "tokenAAccount": "CbKiQYm6WQPLjC93HLQHcwCQEHamvecQeMMz4Epz5z34",
  "tokenBAccount": "E8UySVsiHkgcec89P9HJYST7d1ChU68hB73nJKp2dqmN",
  "poolMint": "6WmvhWXQH5BgqoLNmEfytd12dAdgA7PFTgFv9ho9nQ72",
  "mintA": "Ce3PSQfkxT5ua4r2JqCoWYrMwKWC5hEzwsrT9Hb7mAz9",
  "mintB": "EPjFWdd5AufqSSqeM2qN1xzybapC8G4wEGGkZwyTDt1v",
  "authority": "9ynxkERoCA9yKwVAUX7senHYegFb4J75ctG6xtbKXoNn",
  "swapAccount": "DooJkUK79pAP7QzszFA7gLPWLdg8w8z4cUEMzZ6xrhwH",
  "provider": "cropper",
  "other": "EPjFWdd5AufqSSqeM2qN1xzybapC8G4wEGGkZwyTDt1v"
}