{
  "version": 1,
  "isInitialized": 1,
  "nonce": 255,
  "ammId": "DzQLRTMJYRo1KENmZnZn6xsa9smPgpXtFNAGR7scwMUP",
  "serumProgramId": "9xQeWvG816bUx9EPjHmaT23yvVM2ZWbrrpZb9PusVFin",
  "serumMarket": "6gHexWFYu9NLUZQbxx8GkYTYaTXNGzZqr5rZ8jL6hnMo",
  "tokenProgramId": "TokenkegQfeZyiNwAJbNbGKPFXCWuBvf9Ss623VQ5DA",
  "tokenAAccount": "8KeTyhrTFfMjHU3jxPjSVyZM8ywgsSBi1PmrfS2pR3F5",
  "tokenBAccount": "1YxtyQ88oJsghpLHV3ucC3UYNkCKSfz1oCkAm9KhYjL",
  "poolMint": "9GnidMCgqEt24PhL25byfPYa8bUCaFqCcUZ4odAwgJGK",
  "mintA": "GXQBfrgAngEvVM2VmEDFmkWTa9xdhJ9o1wwn6Fas79bg",
  "mintB": "EPjFWdd5AufqSSqeM2qN1xzybapC8G4wEGGkZwyTDt1v",
  "authority": "73iaDCWXEDufojeqLk47kKvchWKh3iRM7aJBjo3tin5f",
  "swapAccount": "DzQLRTMJYRo1KENmZnZn6xsa9smPgpXtFNAGR7scwMUP",
  "provider": "cropper",
  "other": "EPjFWdd5AufqSSqeM2qN1xzybapC8G4wEGGkZwyTDt1v"
}