{
  "version": 1,
  "isInitialized": 1,
  "nonce": 254,
  "ammId": "E9yxzHBapgZFTJakrthVNoxVGHopAkczWxH9jidwYQVt",
  "serumProgramId": "9xQeWvG816bUx9EPjHmaT23yvVM2ZWbrrpZb9PusVFin",
  "serumMarket": "7Ay5LfvbR6XZHAnjNJ166Ndj82e6d9M1RCHGD4dTtgpQ",
  "tokenProgramId": "TokenkegQfeZyiNwAJbNbGKPFXCWuBvf9Ss623VQ5DA",
  "tokenAAccount": "Bstoa7aqQhX64YwkU53iRhYhtanR8yzHKU3CNCacRL67",
  "tokenBAccount": "99xTyWNnVCzsHjZ96M2GEudboHPk4YAb4RLN6ybMJviC",
  "poolMint": "4hzNWj7mzEvACcrPZnUa4CrVygTsVGuqZMRzYkZoQEdj",
  "mintA": "5tN42n9vMi6ubp67Uy4NnmM5DMZYN8aS8GeB3bEDHr6E",
  "mintB": "DubwWZNWiNGMMeeQHPnMATNj77YZPZSAz2WVR5WjLJqz",
  "authority": "CcRnjvtSv6wAv8umG51Mb5V5uSMpQzHjj4WcBAateX8H",
  "swapAccount": "E9yxzHBapgZFTJakrthVNoxVGHopAkczWxH9jidwYQVt",
  "provider": "cropper",
  "other": "DubwWZNWiNGMMeeQHPnMATNj77YZPZSAz2WVR5WjLJqz"
}