{
  "version": 1,
  "isInitialized": 1,
  "nonce": 254,
  "ammId": "Esa7qmSkh5ibhqqsTtXkrcghP9Ys5St7gh9x6E7wXDM8",
  "serumProgramId": "9xQeWvG816bUx9EPjHmaT23yvVM2ZWbrrpZb9PusVFin",
  "serumMarket": "3kuUc5eTZyi7qajuFfDMMUUkqreEkUKtxQbVCjdriKVz",
  "tokenProgramId": "TokenkegQfeZyiNwAJbNbGKPFXCWuBvf9Ss623VQ5DA",
  "tokenAAccount": "768jrd5iTinnenHMZedR89YXrGcEqK3fdMeEbgUBqPPa",
  "tokenBAccount": "GJdfkP47DABLfD6jpV8wpE6Cnp1FscNddtqdwUikipzy",
  "poolMint": "CjW3bFP5HG7nLewkJWQx4PacPCjheGwzBnxog4cQRwTQ",
  "mintA": "9ae76zqD3cgzR9gvf5Thc2NN3ACF7rqqnrLqxNzgcre6",
  "mintB": "EPjFWdd5AufqSSqeM2qN1xzybapC8G4wEGGkZwyTDt1v",
  "authority": "256QUK616bvTzSGunjyLAfaYNjA8toNCKuWyYGu5Hhwv",
  "swapAccount": "Esa7qmSkh5ibhqqsTtXkrcghP9Ys5St7gh9x6E7wXDM8",
  "provider": "cropper",
  "other": "EPjFWdd5AufqSSqeM2qN1xzybapC8G4wEGGkZwyTDt1v"
}