{
  "version": 1,
  "isInitialized": 1,
  "nonce": 253,
  "ammId": "EtMeFBU1JGmEASdyJvkGpaReGSKvZ4KcjcewfCzNnQv4",
  "serumProgramId": "9xQeWvG816bUx9EPjHmaT23yvVM2ZWbrrpZb9PusVFin",
  "serumMarket": "93rAxZqxkP8q5MrWtkYNeP9Lr8QuborWBskr3MFoogcV",
  "tokenProgramId": "TokenkegQfeZyiNwAJbNbGKPFXCWuBvf9Ss623VQ5DA",
  "tokenAAccount": "6ZTPXeHPLGWFSJVJUSaTJ7g8bKwsWG84rQDqhh1C2QLj",
  "tokenBAccount": "F9eBYyyDKAM88hEFV8id9RGgfvVdS9B9eSTYSBLUp7a8",
  "poolMint": "4azyRH1JYia3mbZAvcNcVvd9QaxSEziJECyS4EekCi8Z",
  "mintA": "7xKXtg2CW87d97TXJSDpbD5jBkheTqA83TZRuJosgAsU",
  "mintB": "So11111111111111111111111111111111111111112",
  "authority": "H3d9F7MRhzKHczumBuXN4vjmQk8nGne4zyUMwi1FabnH",
  "swapAccount": "EtMeFBU1JGmEASdyJvkGpaReGSKvZ4KcjcewfCzNnQv4",
  "provider": "cropper",
  "other": "So11111111111111111111111111111111111111112"
}