{
  "version": 1,
  "isInitialized": 1,
  "nonce": 255,
  "ammId": "EtMvmaho5nTwuN6R6HFeG9AX4kHZqJ84Ji1EdotvXLLt",
  "serumProgramId": "9xQeWvG816bUx9EPjHmaT23yvVM2ZWbrrpZb9PusVFin",
  "serumMarket": "FDvJeLH6tT1sFJWVtP9y8ygu5CqbiLGQgcRWbVTMpzs3",
  "tokenProgramId": "TokenkegQfeZyiNwAJbNbGKPFXCWuBvf9Ss623VQ5DA",
  "tokenAAccount": "AeHQKV1QA9TqrF5yu3zALNaLs51r3iRsq3BkL4z1WMnT",
  "tokenBAccount": "FkcQmYjvfov5T3rSmpSsMAXnDYZcP1A1uY1Xnu18hdwo",
  "poolMint": "92HNuoXKLNBoJsEhE9KjRzsnmYJiyg7EgSXua9eWifNx",
  "mintA": "6bLp99VoqKU1C3Qp6VTNvSoCoc78jMGxPkGSSopq8wHB",
  "mintB": "EPjFWdd5AufqSSqeM2qN1xzybapC8G4wEGGkZwyTDt1v",
  "authority": "HYJiWv8XtKi7fVouJMyetUascpVE9zKj4uuReThi1L4j",
  "swapAccount": "EtMvmaho5nTwuN6R6HFeG9AX4kHZqJ84Ji1EdotvXLLt",
  "provider": "cropper",
  "other": "EPjFWdd5AufqSSqeM2qN1xzybapC8G4wEGGkZwyTDt1v"
}