{
  "version": 1,
  "isInitialized": 1,
  "nonce": 254,
  "ammId": "EzpoWQWDn7e2DUt4Tx8vGvdLCdGJQUFKfG6WrARAGQ6q",
  "serumProgramId": "9xQeWvG816bUx9EPjHmaT23yvVM2ZWbrrpZb9PusVFin",
  "serumMarket": "BcoraqyWjbQNZLSTJoeYYmyZ4wzVt7pQ95W7uUpvyq6T",
  "tokenProgramId": "TokenkegQfeZyiNwAJbNbGKPFXCWuBvf9Ss623VQ5DA",
  "tokenAAccount": "CTE8JM1qjjUtiWeN3Wj4Pks8uTjbehW1iQAYepzZrNJs",
  "tokenBAccount": "28xZyX2deWK2zeebViAKwjuopEJ7shNdgGrqPTHD8VBP",
  "poolMint": "5EM4nqvHJ1dFecn9At8esLHLBE9FtVBsuSNSC6Xd2yUh",
  "mintA": "7MKpy8PeNjQM3i4xWzGiZjDd97mq6m4QH6Q8jrXnsQ9L",
  "mintB": "EPjFWdd5AufqSSqeM2qN1xzybapC8G4wEGGkZwyTDt1v",
  "authority": "FrgcmdBtF1EdPATC9WrUf46r6YCsuNqDtdp7FA1x6KTu",
  "swapAccount": "EzpoWQWDn7e2DUt4Tx8vGvdLCdGJQUFKfG6WrARAGQ6q",
  "provider": "cropper",
  "other": "EPjFWdd5AufqSSqeM2qN1xzybapC8G4wEGGkZwyTDt1v"
}