{
  "version": 1,
  "isInitialized": 1,
  "nonce": 255,
  "ammId": "Fg8n3PzhubP1kor26AWUSpP3wCvxbtFhjeLuYG8NVz8f",
  "serumProgramId": "9xQeWvG816bUx9EPjHmaT23yvVM2ZWbrrpZb9PusVFin",
  "serumMarket": "7jR7X2wdnYgATcVChZLvVWN44hQTaJBZrbPSmS8y9MQ",
  "tokenProgramId": "TokenkegQfeZyiNwAJbNbGKPFXCWuBvf9Ss623VQ5DA",
  "tokenAAccount": "Dpi8zZTKLzCoggDK41nB6qeJ66mPamUVR1cf2GKt6ATT",
  "tokenBAccount": "6zkWwTNPrNRHNVPVSWpvG6QWiMPFXHSrML1SChw2KEm2",
  "poolMint": "8ydpYCUcgLKLKbzAwHTfGj5fZR7yjXPBi4C81mFjnCZy",
  "mintA": "BXVR8wqs8ixPMHnuUq65buJQmimwG9WG5pNKKKBRd2S4",
  "mintB": "Es9vMFrzaCERmJfrF4H2FYD4KCoNkY11McCe8BenwNYB",
  "authority": "3RrVrRaFKWDgERdGeTG7f94HRwgCLqcGJZrkW3WtwFnH",
  "swapAccount": "Fg8n3PzhubP1kor26AWUSpP3wCvxbtFhjeLuYG8NVz8f",
  "provider": "cropper",
  "other": "Es9vMFrzaCERmJfrF4H2FYD4KCoNkY11McCe8BenwNYB"
}