{
  "version": 1,
  "isInitialized": 1,
  "nonce": 253,
  "ammId": "G2tHcka2z7jFB4onnRfDqyfHJvg8B77UQowXwQzZcbFW",
  "serumProgramId": "9xQeWvG816bUx9EPjHmaT23yvVM2ZWbrrpZb9PusVFin",
  "serumMarket": "ALgq4dHm4bypcsg1JRDc6VPurwDtUsdsbpYB8kDxyZ9o",
  "tokenProgramId": "TokenkegQfeZyiNwAJbNbGKPFXCWuBvf9Ss623VQ5DA",
  "tokenAAccount": "12KcMoB1fHApEx7ghEdTGp43GhvanBCNdQtyavfHqwu8",
  "tokenBAccount": "5CUeyhmQtqREtgmercEYf6GoqSrm5DLCBomoaJ2HvA1U",
  "poolMint": "DXHw3bPzuonXJ6TVUugw65Y9nPDJsS3jcHfVvLDk6WKd",
  "mintA": "BjTUmZjNUUAPKHVdTs8yZsCmecW5isSK4AbuFihXoUwa",
  "mintB": "EPjFWdd5AufqSSqeM2qN1xzybapC8G4wEGGkZwyTDt1v",
  "authority": "5J7Jta27Sd7dNr9Azwmk6TEygSdk1TfsSqMBut3B3Box",
  "swapAccount": "G2tHcka2z7jFB4onnRfDqyfHJvg8B77UQowXwQzZcbFW",
  "provider": "cropper",
  "other": "EPjFWdd5AufqSSqeM2qN1xzybapC8G4wEGGkZwyTDt1v"
}