{
  "version": 1,
  "isInitialized": 1,
  "nonce": 255,
  "ammId": "GebR4ctnzbAWuRsX2eE1WjcTz46oUHLxPVLRHhZcfssG",
  "serumProgramId": "9xQeWvG816bUx9EPjHmaT23yvVM2ZWbrrpZb9PusVFin",
  "serumMarket": "DukWnNjNS1qQYUNGYj5NJViEfQW793mHwxij3wi9dazM",
  "tokenProgramId": "TokenkegQfeZyiNwAJbNbGKPFXCWuBvf9Ss623VQ5DA",
  "tokenAAccount": "848GaUFCPtEBsJnFzRJwoSyMm5GQZcnTKQpEBM7G1wJh",
  "tokenBAccount": "56DgNYguY2YKfdf51jHaX2x7Vay86PZzZCbjDaeBXGci",
  "poolMint": "8X81vuXa8yYS1k242e7CpVgaShk5cxwx8gwgc2RDS8Jh",
  "mintA": "Hmatmu1ktLbobSvim94mfpZmjL5iiyoM1zidtXJRAdLZ",
  "mintB": "EPjFWdd5AufqSSqeM2qN1xzybapC8G4wEGGkZwyTDt1v",
  "authority": "DVeFbbYF7HssUL5C54r2jH73Js13E8tkX85mM3AAEczd",
  "swapAccount": "GebR4ctnzbAWuRsX2eE1WjcTz46oUHLxPVLRHhZcfssG",
  "provider": "cropper",
  "other": "EPjFWdd5AufqSSqeM2qN1xzybapC8G4wEGGkZwyTDt1v"
}