{
  "version": 1,
  "isInitialized": 1,
  "nonce": 253,
  "ammId": "GMGtUc8WwcZZyaa3tG7QPp8fqnZgZB8DvVUudK7JHWYh",
  "serumProgramId": "9xQeWvG816bUx9EPjHmaT23yvVM2ZWbrrpZb9PusVFin",
  "serumMarket": "2xiv8A5xrJ7RnGdxXB42uFEkYHJjszEhaJyKKt4WaLep",
  "tokenProgramId": "TokenkegQfeZyiNwAJbNbGKPFXCWuBvf9Ss623VQ5DA",
  "tokenAAccount": "2XfxApw3xF1oNYUjHwGGbsMPK6iCc2fvgv1fnCCpUEqT",
  "tokenBAccount": "2LWp1Hjg4zoba1pd96TARmQi76aFnjFTduoc8PzitxCB",
  "poolMint": "4sdKddtuMsgX1rQUzeCQzb42nEtwF7tCfMe8TqyZvgWu",
  "mintA": "4k3Dyjzvzp8eMZWUXbBCjEvwSkkk59S5iCNLY3QrkX6R",
  "mintB": "EPjFWdd5AufqSSqeM2qN1xzybapC8G4wEGGkZwyTDt1v",
  "authority": "5pkc9z2jz4zJrxcoxoWf6AodqT32TFyxptamZzPcGNbq",
  "swapAccount": "GMGtUc8WwcZZyaa3tG7QPp8fqnZgZB8DvVUudK7JHWYh",
  "provider": "cropper",
  "other": "EPjFWdd5AufqSSqeM2qN1xzybapC8G4wEGGkZwyTDt1v"
}