{
  "version": 1,
  "isInitialized": 1,
  "nonce": 253,
  "ammId": "H8iEoK19cza4kkCwaa16LirQfUReFpyYVbcBxex3iAj1",
  "serumProgramId": "9xQeWvG816bUx9EPjHmaT23yvVM2ZWbrrpZb9PusVFin",
  "serumMarket": "8s9XMgvm8U4V4ifnFbUxXUN9VCJFLbzWXyJpmbh5niZY",
  "tokenProgramId": "TokenkegQfeZyiNwAJbNbGKPFXCWuBvf9Ss623VQ5DA",
  "tokenAAccount": "G37dWCzLtJyBK9AWkL4GeVyzqnbF8h9XC6Tt3iSHLDiW",
  "tokenBAccount": "HVC6dQowtWHy5PQ1DENHEyFbYE5TbVjEbaQqTjr25qLx",
  "poolMint": "5HVZhTGSebGoLS2Auaarv5zeY92vEgxbxhSdbkA54cLL",
  "mintA": "CWUUV3ym4Uphw4CVgkpNxrR7FsttF7h7mLggEUJ1J1aV",
  "mintB": "EPjFWdd5AufqSSqeM2qN1xzybapC8G4wEGGkZwyTDt1v",
  "authority": "3rUm7fhmy1ksxxpiHRL5AjA2uapj3SdrXiQX6wGkjQLp",
  "swapAccount": "H8iEoK19cza4kkCwaa16LirQfUReFpyYVbcBxex3iAj1",
  "provider": "cropper",
  "other": "EPjFWdd5AufqSSqeM2qN1xzybapC8G4wEGGkZwyTDt1v"
}