{
  "version": 1,
  "isInitialized": 1,
  "nonce": 255,
  "ammId": "HBy59RmbJeX2BHVXe4EiLx6DTvBQ2qpAwvrq2PLwgniY",
  "serumProgramId": "9xQeWvG816bUx9EPjHmaT23yvVM2ZWbrrpZb9PusVFin",
  "serumMarket": "E8ACwLMWx3FZK3kXh34GWmqVzyGg7zh2fFx6ka9Nm5Nn",
  "tokenProgramId": "TokenkegQfeZyiNwAJbNbGKPFXCWuBvf9Ss623VQ5DA",
  "tokenAAccount": "GmDGxwD7oqj67LaBTAUsE59g4Wgr9E4ooYSSrMh72Tse",
  "tokenBAccount": "FYea5KXFXYbjwoUna6wuJBSqb48UGXmnmGZZBfeVBhfh",
  "poolMint": "rQ3TuSc95MJ44SvuqGiFtHEhL1gCXS2CafhaZXaziAd",
  "mintA": "9k27FY1wmxKEyoMGqK4zJMT2Y8dvkiYRGM2ijjLLTrjq",
  "mintB": "EPjFWdd5AufqSSqeM2qN1xzybapC8G4wEGGkZwyTDt1v",
  "authority": "6nSA5RAUoLygwebLKDSw2vPs8neRj45bk2gMscgpC5n5",
  "swapAccount": "HBy59RmbJeX2BHVXe4EiLx6DTvBQ2qpAwvrq2PLwgniY",
  "provider": "cropper",
  "other": "EPjFWdd5AufqSSqeM2qN1xzybapC8G4wEGGkZwyTDt1v"
}