{
  "version": 1,
  "isInitialized": 1,
  "nonce": 253,
  "ammId": "HH7t8FUG1jBej43R8gLa73ACz1SY6vzdoosrJPLKdf3N",
  "serumProgramId": "9xQeWvG816bUx9EPjHmaT23yvVM2ZWbrrpZb9PusVFin",
  "serumMarket": "2N78M8HZj2R9rSHxVXx6QWSvFvvnmhoEbsNPfrBdtdGo",
  "tokenProgramId": "TokenkegQfeZyiNwAJbNbGKPFXCWuBvf9Ss623VQ5DA",
  "tokenAAccount": "9CyW29kpwZv63JgeDCPjwUZ5okE8J7xLj21k8yksgXL",
  "tokenBAccount": "GMfWwPEhV6Xn45SZPFvvib1HpDq6Ni31hPi7BQnp3Ugs",
  "poolMint": "4ZPDvfGhBYpNyTuFqo79oEDzSMfSDLmxJ4JfyV81ZELN",
  "mintA": "AMNoi4727tzy7adu4wnx3cN2VQbQdG71DqaPoSm7isJ3",
  "mintB": "EPjFWdd5AufqSSqeM2qN1xzybapC8G4wEGGkZwyTDt1v",
  "authority": "9XiZWKuMuSrPToJf4p9N9NpYqPxZYUfSXzcdqoLfErfQ",
  "swapAccount": "HH7t8FUG1jBej43R8gLa73ACz1SY6vzdoosrJPLKdf3N",
  "provider": "cropper",
  "other": "EPjFWdd5AufqSSqeM2qN1xzybapC8G4wEGGkZwyTDt1v"
}