{
  "version": 1,
  "isInitialized": 1,
  "nonce": 255,
  "ammId": "HPPfrJehoCD3xXXTExNyaHXHL4RsJGqi4ymad9m6w2oa",
  "serumProgramId": "9xQeWvG816bUx9EPjHmaT23yvVM2ZWbrrpZb9PusVFin",
  "serumMarket": "3Di325zhMXPKBk5bLgjwzFvRiKjHk57VErsuQuMrthgo",
  "tokenProgramId": "TokenkegQfeZyiNwAJbNbGKPFXCWuBvf9Ss623VQ5DA",
  "tokenAAccount": "FQ6j36mdFajQQV3913sUwPQ8vqmTouCdSzyrT1mQsuKG",
  "tokenBAccount": "5hM9SkjNGCXi4kRLGuUXxF4uhUv9Fo2g6bKjyhMeG6J1",
  "poolMint": "HyFEEwqnw3o3MJpED7k3tQm11tyFg5Qd2bUJRXUQ3Bpk",
  "mintA": "PaPa6D4Rys4Lcj1d5csabmDv3QdUE2T1QQ6sWNgoeTa",
  "mintB": "EPjFWdd5AufqSSqeM2qN1xzybapC8G4wEGGkZwyTDt1v",
  "authority": "BvA98x8SMHai2mNaeR5Cs9PA5jTZoBcrYdc5aYYKZMzK",
  "swapAccount": "HPPfrJehoCD3xXXTExNyaHXHL4RsJGqi4ymad9m6w2oa",
  "provider": "cropper",
  "other": "EPjFWdd5AufqSSqeM2qN1xzybapC8G4wEGGkZwyTDt1v"
}