{
  "version": 1,
  "isInitialized": 1,
  "nonce": 255,
  "ammId": "HqgxLKetEEV3od7uJnEQUkG5gktW3zSo41PWP67tBwja",
  "serumProgramId": "9xQeWvG816bUx9EPjHmaT23yvVM2ZWbrrpZb9PusVFin",
  "serumMarket": "BHqcTEDhCoZgvXcsSbwnTuzPdxv1HPs6Kz4AnPpNrGuq",
  "tokenProgramId": "TokenkegQfeZyiNwAJbNbGKPFXCWuBvf9Ss623VQ5DA",
  "tokenAAccount": "EjR24EwAyELwv3gHuL9BJgfUr2tAH5xToiceBfwAhwJG",
  "tokenBAccount": "3NtrQ5y5XpshkJwDMCu6sDwNPckxpVYLBjePiUCMW6e8",
  "poolMint": "H4byHXBhL6nqJc6egqcdeAMpjxG7233Ksg3yQQ4hXwq1",
  "mintA": "5tN42n9vMi6ubp67Uy4NnmM5DMZYN8aS8GeB3bEDHr6E",
  "mintB": "EPjFWdd5AufqSSqeM2qN1xzybapC8G4wEGGkZwyTDt1v",
  "authority": "CoZASoShFJgFtytqziNZBsDjMgq6KyCRbbGTucsop4jy",
  "swapAccount": "HqgxLKetEEV3od7uJnEQUkG5gktW3zSo41PWP67tBwja",
  "provider": "cropper",
  "other": "EPjFWdd5AufqSSqeM2qN1xzybapC8G4wEGGkZwyTDt1v"
}