{
  "version": 1,
  "isInitialized": 1,
  "nonce": 252,
  "ammId": "HRh2H41YWyW9nATzG9SshGKXVifakA5j8M8yzqyukJaU",
  "serumProgramId": "9xQeWvG816bUx9EPjHmaT23yvVM2ZWbrrpZb9PusVFin",
  "serumMarket": "BGcMVJzt78RpFjpw9E5T7BrFF9H88BVXw4Jf9npL2BER",
  "tokenProgramId": "TokenkegQfeZyiNwAJbNbGKPFXCWuBvf9Ss623VQ5DA",
  "tokenAAccount": "8PHWAeVWGCjdHbJDiiYMQfMw2mDJ3yxhpaMStgCXhQBw",
  "tokenBAccount": "7xV9QvsTG43GPuKK6FsLafAUeahs9VSRmXSLrvj3mLKJ",
  "poolMint": "DqL2tAPZCCJPiqw67z1uXbFEd9pQ5PARc8GDkV71dNFi",
  "mintA": "AThqqJBiMPUFQvV2f3mpc4RYdncEjkw1TX3bwqHuJrUn",
  "mintB": "So11111111111111111111111111111111111111112",
  "authority": "x53iE5CBCGrrA5m6QSBaHU92vVVE1btvEsELTrW8nmH",
  "swapAccount": "HRh2H41YWyW9nATzG9SshGKXVifakA5j8M8yzqyukJaU",
  "provider": "cropper",
  "other": "So11111111111111111111111111111111111111112"
}