{
  "version": 1,
  "isInitialized": 1,
  "nonce": 254,
  "ammId": "HrzEwH5DkMGtZ8X4HwicLMwreJJ7ZjqDZZbQVh2eGitj",
  "serumProgramId": "9xQeWvG816bUx9EPjHmaT23yvVM2ZWbrrpZb9PusVFin",
  "serumMarket": "D5fJAK85W8ve1eNDAaK2FWRQFYnrWzx23KHTe6SdNomD",
  "tokenProgramId": "TokenkegQfeZyiNwAJbNbGKPFXCWuBvf9Ss623VQ5DA",
  "tokenAAccount": "37NijDJwgTiot4z1BTPZ85jErJbq82d11t8yEWfCk9bN",
  "tokenBAccount": "4YvjMvJj3fNqYXf19e1MdosmU8jxGd4CESQRMpdS9bTH",
  "poolMint": "dSvuy2L9aa8bPu5MV756Fsb6GmzDwtnaGXVRrNeRigU",
  "mintA": "Uuc6hiKT9Y6ASoqs2phonGGw2LAtecfJu9yEohppzWH",
  "mintB": "EPjFWdd5AufqSSqeM2qN1xzybapC8G4wEGGkZwyTDt1v",
  "authority": "Ez4TNbuNry5JxSBahtLZetFojDFZDCdnYUhdTyP6KkB9",
  "swapAccount": "HrzEwH5DkMGtZ8X4HwicLMwreJJ7ZjqDZZbQVh2eGitj",
  "provider": "cropper",
  "other": "EPjFWdd5AufqSSqeM2qN1xzybapC8G4wEGGkZwyTDt1v"
}