{
  "version": 1,
  "isInitialized": 1,
  "nonce": 255,
  "ammId": "HZgoyWCmqjiESFrCwJ5GXjUPvYgNA6rSVzDKQMLMtdfV",
  "serumProgramId": "9xQeWvG816bUx9EPjHmaT23yvVM2ZWbrrpZb9PusVFin",
  "serumMarket": "BT2jjUBd3ycxxZTnAz4xPwyDReFhLMzGcXZuQWiw8LjD",
  "tokenProgramId": "TokenkegQfeZyiNwAJbNbGKPFXCWuBvf9Ss623VQ5DA",
  "tokenAAccount": "BZk96g7z2WUxw7kPhgXFemBkxHmsrqVpyT6EeQVd4XxW",
  "tokenBAccount": "DE7wLuYvmbHCMsND35Eap6YaZjpqdbmV13MWJfmUHv3r",
  "poolMint": "9Wwb5XSp2sBxTnL3z1J9AJCnDNMvNbg3H32FoC7B7EUb",
  "mintA": "4k3Dyjzvzp8eMZWUXbBCjEvwSkkk59S5iCNLY3QrkX6R",
  "mintB": "DubwWZNWiNGMMeeQHPnMATNj77YZPZSAz2WVR5WjLJqz",
  "authority": "2mZGFh7hY3Ltx6xVj92zDrZ9yhQTX4qyX8qmB19LTEJ1",
  "swapAccount": "HZgoyWCmqjiESFrCwJ5GXjUPvYgNA6rSVzDKQMLMtdfV",
  "provider": "cropper",
  "other": "DubwWZNWiNGMMeeQHPnMATNj77YZPZSAz2WVR5WjLJqz"
}