{
  "version": 1,
  "isInitialized": 1,
  "nonce": 254,
  "ammId": "UgB6uRfXMa828WFoU2uyZ9GaLdamaMigXZ86g3JnrcW",
  "serumProgramId": "9xQeWvG816bUx9EPjHmaT23yvVM2ZWbrrpZb9PusVFin",
  "serumMarket": "HK75TKzgdVpZSryhzXo1bVSkWBd513WBv5QHRbEkEXam",
  "tokenProgramId": "TokenkegQfeZyiNwAJbNbGKPFXCWuBvf9Ss623VQ5DA",
  "tokenAAccount": "5C9cWrPeiPYcS4YitJUGzLZbwugUCkqBNTwWkoYYkhj5",
  "tokenBAccount": "FRXGEytwYjnXXTkkVZuWXZMEtSkNtJiToC8EweBY6wfB",
  "poolMint": "B33tKPhLweQZmTYfT5CkFzEjfyDmYJpwc3Vw7mLTjkVC",
  "mintA": "3XR1TzVyt5iqQ8Aa3wmjUzSLy61HVnFGL44EVn23Tb9b",
  "mintB": "EPjFWdd5AufqSSqeM2qN1xzybapC8G4wEGGkZwyTDt1v",
  "authority": "2egRv2JtrXtsDhn54gjKcWF1Y7LcrJqFEEGPWKiGHZw6",
  "swapAccount": "UgB6uRfXMa828WFoU2uyZ9GaLdamaMigXZ86g3JnrcW",
  "provider": "cropper",
  "other": "EPjFWdd5AufqSSqeM2qN1xzybapC8G4wEGGkZwyTDt1v"
}