{
  "version": 1,
  "isInitialized": 1,
  "nonce": 255,
  "ammId": "C87ik5gacLigDBArVgJvj3ndTjZbuBG9ejVM9DEXjvTX",
  "serumProgramId": "9xQeWvG816bUx9EPjHmaT23yvVM2ZWbrrpZb9PusVFin",
  "serumMarket": "E9XAtU18PXeSMcz5gkAkZ6yfj1E5nzY21x576ZvEg9VA",
  "tokenProgramId": "TokenkegQfeZyiNwAJbNbGKPFXCWuBvf9Ss623VQ5DA",
  "tokenAAccount": "DTfG1fYRPoR9Lm6Fq7LWkR9shAqbSxmJMhLdKzrJ7RJQ",
  "tokenBAccount": "F7a1bjTog2V3uT62GnhHqmLGf5m6jkVrUPa8KEhqUTub",
  "poolMint": "CLA2WB7Sm7Pc5f6FKcsdS6YewHXqAxYT4dDRqepYyPxL",
  "mintA": "2vRgBSJEVPXxayrhXoazQyCKSGFYQG3ZdfT2Gv5gZykL",
  "mintB": "EPjFWdd5AufqSSqeM2qN1xzybapC8G4wEGGkZwyTDt1v",
  "authority": "Gg4BnFVzvKvV6dLvC6y7atb3LqCzjWJk9acNiAXDV12Y",
  "swapAccount": "C87ik5gacLigDBArVgJvj3ndTjZbuBG9ejVM9DEXjvTX",
  "provider": "cropper",
  "other": "EPjFWdd5AufqSSqeM2qN1xzybapC8G4wEGGkZwyTDt1v"
}