{
  "version": 1,
  "isInitialized": 1,
  "nonce": 255,
  "ammId": "x77ddKK2hK3H9Acb6cMr38Y5uSERi69eu4fafZjDTBA",
  "serumProgramId": "9xQeWvG816bUx9EPjHmaT23yvVM2ZWbrrpZb9PusVFin",
  "serumMarket": "1VFShHoNGtMxgSqQwgPi7BmytRvy74Mi616WMMKAVAe",
  "tokenProgramId": "TokenkegQfeZyiNwAJbNbGKPFXCWuBvf9Ss623VQ5DA",
  "tokenAAccount": "6D8Lufu7QRs7PcEn6kGKf6bvRDpiNRJo4KEZPmr6AQfo",
  "tokenBAccount": "EGKKv8nJ78VeWUdx4CXNisZdgKM3PC9CJCBfeSiJJ2sa",
  "poolMint": "Hdv4pBjB54LLzihUcC6CMTN8uwH63ACq1itkESXHkiSh",
  "mintA": "A9UhP1xfQHWUhSd54NgKPub2XB3ZuQMdPEvf9aMTHxGT",
  "mintB": "EPjFWdd5AufqSSqeM2qN1xzybapC8G4wEGGkZwyTDt1v",
  "authority": "9PwHzwQtFXfDaJHYtnwKXmwdfnTmMa7vph6aJcfZvzre",
  "swapAccount": "x77ddKK2hK3H9Acb6cMr38Y5uSERi69eu4fafZjDTBA",
  "provider": "cropper",
  "other": "EPjFWdd5AufqSSqeM2qN1xzybapC8G4wEGGkZwyTDt1v"
}