{
  "version": 1,
  "isInitialized": 1,
  "nonce": 255,
  "ammId": "Zgx6rMvuaoHyiHY2NSefJTEDRQ5rMV3VMabMApc4zHK",
  "serumProgramId": "9xQeWvG816bUx9EPjHmaT23yvVM2ZWbrrpZb9PusVFin",
  "serumMarket": "5W4wWmXRVrrAzXXVNUHuYFHvWL8ohM2ZQat9WEgXkMsW",
  "tokenProgramId": "TokenkegQfeZyiNwAJbNbGKPFXCWuBvf9Ss623VQ5DA",
  "tokenAAccount": "2wKENKmVTjZB4n7ZbFP4AZ6jtibvyQpqtXyFPeDbJ7t5",
  "tokenBAccount": "DVBx9FyJ1JRzEi5oRfrZdnxddwGHF8GWvpqwwxwejb9P",
  "poolMint": "6p5FXaUsWLRKnyUDUNNBuQX8sBxt2wwf4C5F3ezSF4kE",
  "mintA": "7s7PKr3qhuvZjngR1Zmsy53tFLLhZA4aoMnzeE8Z2H5Z",
  "mintB": "EPjFWdd5AufqSSqeM2qN1xzybapC8G4wEGGkZwyTDt1v",
  "authority": "5gTEkgbSW3mTNwLTMcCGiBFg6SJm7QYTasNpQdTMWscX",
  "swapAccount": "Zgx6rMvuaoHyiHY2NSefJTEDRQ5rMV3VMabMApc4zHK",
  "provider": "cropper",
  "other": "EPjFWdd5AufqSSqeM2qN1xzybapC8G4wEGGkZwyTDt1v"
}