{
  "padding": {
    "type": "Buffer",
    "data": [
      241,
      154,
      109,
      4,
      17,
      177,
      109,
      188
    ]
  },
  "lpTokenFreezeVault": "D54m64uQPVsWGCBGPBWw4n1kfXPiHrzBkX24KErG1R4P",
  "poolMint": "31FqCrUCjjzW9oDstyNVSKTkRTAQzVkXtLzokU2YLELK",
  "baseTokenVault": "2Vkfezx1cETTJTtbsFZhNN3gKbeosnHAHbwpgVaYfvqk",
  "baseTokenMint": "BgeRyFWWGHeVouqfHfcXUxmvfkgekhrXYVqQWf63kpJB",
  "quoteTokenVault": "7VugpPKL9ASb9xBxrtRaGCAPPfpjeWVunP4sE7TLvdoy",
  "quoteTokenMint": "EPjFWdd5AufqSSqeM2qN1xzybapC8G4wEGGkZwyTDt1v",
  "poolSigner": "Cg8xqfdtDGaf4Y7YN679j82vs4fG2mrP9YiLmEqMEzrJ",
  "poolSignerNonce": 254,
  "authority": "BqSGA2WdiQXA2cC1EdGDnVD615A4nYEAq49K3fz2hNBo",
  "initializerAccount": "4dKSgRptpvveQ73kJvzw88gF7YPs4hoWfrJnzBhbmi1i",
  "feeBaseAccount": "HJEC3BSN4wokkeMBRaZ16CbBmfAD1VkJMZ7V5Sz9g8nc",
  "feeQuoteAccount": "DpR4ruTUoK5eTnPsXh4KEGZAa6UcAy6pNRno2JvJybte",
  "feePoolTokenAccount": "DXZ7XZtnhnUX6ay2H2c2X9SXhUgnYegY4jFNem2NLyxZ",
  "fees": {
    "tradeFeeNumerator": 20,
    "tradeFeeDenominator": 10000,
    "ownerTradeFeeNumerator": 10,
    "ownerTradeFeeDenominator": 10000,
    "ownerWithdrawFeeNumerator": 0,
    "ownerWithdrawFeeDenominator": 0
  },
  "curveType": 0,
  "curve": "7qcGLwBJGwXxtAx5muouBL61fbREmVnZDi6XoSALJS3B",
  "poolPublicKey": "4SdJRZTdM5ayJZArMkd5uP4cafSVgYKLCosCqbbtMagm",
  "poolVersion": 2,
  "provider": "aldrin",
  "other": "EPjFWdd5AufqSSqeM2qN1xzybapC8G4wEGGkZwyTDt1v",
  "tokenIds": [
    "BgeRyFWWGHeVouqfHfcXUxmvfkgekhrXYVqQWf63kpJB",
    "EPjFWdd5AufqSSqeM2qN1xzybapC8G4wEGGkZwyTDt1v"
  ],
  "tokens": {
    "BgeRyFWWGHeVouqfHfcXUxmvfkgekhrXYVqQWf63kpJB": {
      "chainId": 101,
      "address": "BgeRyFWWGHeVouqfHfcXUxmvfkgekhrXYVqQWf63kpJB",
      "symbol": "BAPE",
      "name": "BAPE",
      "decimals": 9,
      "logoURI": "https://raw.githubusercontent.com/solana-labs/token-list/main/assets/mainnet/BgeRyFWWGHeVouqfHfcXUxmvfkgekhrXYVqQWf63kpJB/logo.png",
      "extensions": {
        "coingeckoId": "bored-ape-social-club",
        "twitter": "https://twitter.com/BAPESocialClub",
        "website": "https://boredapesocial.club"
      },
      "addr": "2Vkfezx1cETTJTtbsFZhNN3gKbeosnHAHbwpgVaYfvqk",
      "tag": "",
      "mint": "BgeRyFWWGHeVouqfHfcXUxmvfkgekhrXYVqQWf63kpJB",
      "scale": 9
    },
    "EPjFWdd5AufqSSqeM2qN1xzybapC8G4wEGGkZwyTDt1v": {
      "chainId": 101,
      "address": "EPjFWdd5AufqSSqeM2qN1xzybapC8G4wEGGkZwyTDt1v",
      "symbol": "USDC",
      "name": "USD Coin",
      "decimals": 6,
      "logoURI": "https://raw.githubusercontent.com/solana-labs/token-list/main/assets/mainnet/EPjFWdd5AufqSSqeM2qN1xzybapC8G4wEGGkZwyTDt1v/logo.png",
      "tags": [
        "stablecoin"
      ],
      "extensions": {
        "coingeckoId": "usd-coin",
        "serumV3Usdt": "77quYg4MGneUdjgXCunt9GgM1usmrxKY31twEy3WHwcS",
        "website": "https://www.centre.io/"
      },
      "addr": "7VugpPKL9ASb9xBxrtRaGCAPPfpjeWVunP4sE7TLvdoy",
      "tag": "stablecoin",
      "mint": "EPjFWdd5AufqSSqeM2qN1xzybapC8G4wEGGkZwyTDt1v",
      "scale": 6
    }
  },
  "target_amp": 100,
  "fee_numerator": 5,
  "fee_denominator": 10000
}