{
  "padding": {
    "type": "Buffer",
    "data": [
      241,
      154,
      109,
      4,
      17,
      177,
      109,
      188
    ]
  },
  "lpTokenFreezeVault": "CJzVc4tZeLSYViMwxWTPg2FWmVnzAuxB6QxRchyhKhRn",
  "poolMint": "6NJkkrgT24D9Fe6B343LT2suQoL9Smhq5NhaYbH3MiSb",
  "baseTokenVault": "DoP6JoNsyXQVtmxRoazjUFRrZ7Xx6QMMhAztUQHUzcHr",
  "baseTokenMint": "7sWMHQaJJPn1rkeizq41iPiW5gG7Ry7PXYAVHaUwY4qu",
  "quoteTokenVault": "Hxd1xmQGiTcBG3UXikGE48ec3GSz6LLCwp43M6jzVCjy",
  "quoteTokenMint": "EPjFWdd5AufqSSqeM2qN1xzybapC8G4wEGGkZwyTDt1v",
  "poolSigner": "Dq8Ayso2ffPLHZx87FYdEXhFBx7D3PcnEhBtdmUKfwWu",
  "poolSignerNonce": 254,
  "authority": "BqSGA2WdiQXA2cC1EdGDnVD615A4nYEAq49K3fz2hNBo",
  "initializerAccount": "9xYAc7yJ2iKPjGLkHgFnPFQ8ti34gBM4rHSJCNrFuYFJ",
  "feeBaseAccount": "4Sria9goEWRNFWfzLVpiJz86Y4BS9AMop3SoW95v5K5R",
  "feeQuoteAccount": "7ityVYDoaqP28BPc9E1SDWbS83W4Sqdw8NQQWZqyZ2eT",
  "feePoolTokenAccount": "F3vyZqXTX3EuzwNhoe5ZMrH81c3EeAAfYYhxSUJDAixk",
  "fees": {
    "tradeFeeNumerator": 20,
    "tradeFeeDenominator": 10000,
    "ownerTradeFeeNumerator": 10,
    "ownerTradeFeeDenominator": 10000,
    "ownerWithdrawFeeNumerator": 0,
    "ownerWithdrawFeeDenominator": 0
  },
  "curveType": 0,
  "curve": "CUBPWi18cib4T3PcC7rYymsESoDByPSWAmzBjVE6c262",
  "poolPublicKey": "69B8wQyd4EZ6c6uDcqBWytDcTxS3x2MaUuctq88cBEKo",
  "poolVersion": 2,
  "provider": "aldrin",
  "other": "EPjFWdd5AufqSSqeM2qN1xzybapC8G4wEGGkZwyTDt1v",
  "tokenIds": [
    "7sWMHQaJJPn1rkeizq41iPiW5gG7Ry7PXYAVHaUwY4qu",
    "EPjFWdd5AufqSSqeM2qN1xzybapC8G4wEGGkZwyTDt1v"
  ],
  "tokens": {
    "7sWMHQaJJPn1rkeizq41iPiW5gG7Ry7PXYAVHaUwY4qu": {
      "chainId": 101,
      "address": "7sWMHQaJJPn1rkeizq41iPiW5gG7Ry7PXYAVHaUwY4qu",
      "symbol": "EDO",
      "name": "EDO",
      "decimals": 9,
      "logoURI": "https://raw.githubusercontent.com/solana-labs/token-list/main/assets/mainnet/7sWMHQaJJPn1rkeizq41iPiW5gG7Ry7PXYAVHaUwY4qu/logo.png",
      "tags": [
        "utility-token"
      ],
      "extensions": {
        "discord": "https://discord.gg/E7yWZrzvXj",
        "twitter": "https://twitter.com/SenshiNFT",
        "website": "https://senshisamurai.com/"
      },
      "addr": "DoP6JoNsyXQVtmxRoazjUFRrZ7Xx6QMMhAztUQHUzcHr",
      "tag": "utility-token",
      "mint": "7sWMHQaJJPn1rkeizq41iPiW5gG7Ry7PXYAVHaUwY4qu",
      "scale": 9
    },
    "EPjFWdd5AufqSSqeM2qN1xzybapC8G4wEGGkZwyTDt1v": {
      "chainId": 101,
      "address": "EPjFWdd5AufqSSqeM2qN1xzybapC8G4wEGGkZwyTDt1v",
      "symbol": "USDC",
      "name": "USD Coin",
      "decimals": 6,
      "logoURI": "https://raw.githubusercontent.com/solana-labs/token-list/main/assets/mainnet/EPjFWdd5AufqSSqeM2qN1xzybapC8G4wEGGkZwyTDt1v/logo.png",
      "tags": [
        "stablecoin"
      ],
      "extensions": {
        "coingeckoId": "usd-coin",
        "serumV3Usdt": "77quYg4MGneUdjgXCunt9GgM1usmrxKY31twEy3WHwcS",
        "website": "https://www.centre.io/"
      },
      "addr": "Hxd1xmQGiTcBG3UXikGE48ec3GSz6LLCwp43M6jzVCjy",
      "tag": "stablecoin",
      "mint": "EPjFWdd5AufqSSqeM2qN1xzybapC8G4wEGGkZwyTDt1v",
      "scale": 6
    }
  },
  "target_amp": 100,
  "fee_numerator": 5,
  "fee_denominator": 10000
}