{
  "padding": {
    "type": "Buffer",
    "data": [
      241,
      154,
      109,
      4,
      17,
      177,
      109,
      188
    ]
  },
  "lpTokenFreezeVault": "Eb1pJAjJNEq5W42wNn2JG8p1gF8gC6nK2WCSMCTuecAG",
  "poolMint": "6WUbTTb8nzKDjZm691bxmM7nhPDEdQeUypj99XW12NcM",
  "baseTokenVault": "9hEAKLGWot6SzavBuSeXP6751AJuwvFNopsH7d7pgSab",
  "baseTokenMint": "7dHbWXmci3dT8UFYWYZweBLXgycu7Y3iL6trKn1Y7ARj",
  "quoteTokenVault": "Cex6MNcoci2XVFsJxz39YFPeYxgh1NgnQSju23h9TnZJ",
  "quoteTokenMint": "E5ndSkaB17Dm7CsD22dvcjfrYSDLCxFcMd6z8ddCk5wp",
  "poolSigner": "GZa5GjttYT1TvnsQHhhd25xhwmnRZy6uXRJ1hG7qMuUq",
  "poolSignerNonce": 255,
  "authority": "BqSGA2WdiQXA2cC1EdGDnVD615A4nYEAq49K3fz2hNBo",
  "initializerAccount": "B4WMyWAuTsXnYPNMyzoWXHKUihNPbaYTm5hpzEJsmtmy",
  "feeBaseAccount": "87YMmMeDYYrZCiiGo2nW6RMzjg921FGHcb48ujjoWj6D",
  "feeQuoteAccount": "B1iEzbUNQfVW3nJq17mMxNzWeL2qng7bB1H9dv2hfEDD",
  "feePoolTokenAccount": "Cktgcj1oz5Y94yffNuB1N9JVZLmiDMpK5p56ns4wWRQp",
  "fees": {
    "tradeFeeNumerator": 20,
    "tradeFeeDenominator": 10000,
    "ownerTradeFeeNumerator": 10,
    "ownerTradeFeeDenominator": 10000,
    "ownerWithdrawFeeNumerator": 0,
    "ownerWithdrawFeeDenominator": 0
  },
  "curveType": 0,
  "curve": "FTn846e8w5zDFUCj9xnUTR7KoGvwNLqXfboGAej2hT7o",
  "poolPublicKey": "5DT59Z58ufVbicRXuNkykhS8kmmH1jXqnuknCNcgkb1i",
  "poolVersion": 2,
  "provider": "aldrin",
  "other": "7dHbWXmci3dT8UFYWYZweBLXgycu7Y3iL6trKn1Y7ARj",
  "tokenIds": [
    "7dHbWXmci3dT8UFYWYZweBLXgycu7Y3iL6trKn1Y7ARj",
    "E5ndSkaB17Dm7CsD22dvcjfrYSDLCxFcMd6z8ddCk5wp"
  ],
  "tokens": {
    "7dHbWXmci3dT8UFYWYZweBLXgycu7Y3iL6trKn1Y7ARj": {
      "chainId": 101,
      "address": "7dHbWXmci3dT8UFYWYZweBLXgycu7Y3iL6trKn1Y7ARj",
      "symbol": "stSOL",
      "name": "Lido Staked SOL",
      "decimals": 9,
      "logoURI": "https://raw.githubusercontent.com/solana-labs/token-list/main/assets/mainnet/7dHbWXmci3dT8UFYWYZweBLXgycu7Y3iL6trKn1Y7ARj/logo.png",
      "extensions": {
        "coingeckoId": "lido-staked-sol",
        "coinmarketcap": "https://coinmarketcap.com/currencies/lido-for-solana/",
        "discord": "https://discord.gg/w9pXXgQPu8",
        "github": "https://github.com/ChorusOne/solido",
        "serumV3Usdc": "5F7LGsP1LPtaRV7vVKgxwNYX4Vf22xvuzyXjyar7jJqp",
        "twitter": "https://twitter.com/LidoFinance",
        "website": "https://solana.lido.fi/"
      },
      "addr": "9hEAKLGWot6SzavBuSeXP6751AJuwvFNopsH7d7pgSab",
      "tag": "",
      "mint": "7dHbWXmci3dT8UFYWYZweBLXgycu7Y3iL6trKn1Y7ARj",
      "scale": 9
    },
    "E5ndSkaB17Dm7CsD22dvcjfrYSDLCxFcMd6z8ddCk5wp": {
      "chainId": 101,
      "address": "E5ndSkaB17Dm7CsD22dvcjfrYSDLCxFcMd6z8ddCk5wp",
      "symbol": "RIN",
      "name": "Aldrin",
      "decimals": 9,
      "logoURI": "https://raw.githubusercontent.com/solana-labs/token-list/main/assets/mainnet/E5ndSkaB17Dm7CsD22dvcjfrYSDLCxFcMd6z8ddCk5wp/logo.png",
      "extensions": {
        "coingeckoId": "aldrin",
        "serumV3Usdc": "7gZNLDbWE73ueAoHuAeFoSu7JqmorwCLpNTBXHtYSFTa",
        "twitter": "https://twitter.com/Aldrin_Exchange",
        "website": "https://rin.aldrin.com/"
      },
      "addr": "Cex6MNcoci2XVFsJxz39YFPeYxgh1NgnQSju23h9TnZJ",
      "tag": "",
      "mint": "E5ndSkaB17Dm7CsD22dvcjfrYSDLCxFcMd6z8ddCk5wp",
      "scale": 9
    }
  },
  "target_amp": 100,
  "fee_numerator": 5,
  "fee_denominator": 10000
}