{
  "padding": {
    "type": "Buffer",
    "data": [
      241,
      154,
      109,
      4,
      17,
      177,
      109,
      188
    ]
  },
  "lpTokenFreezeVault": "BxPFxtyVRoi2R9kzyG7yEVWCgoPRTqRBpsViag2CerTp",
  "poolMint": "79jwVLpK1gUab3vSv2G24iNWPH62ASXCtztHpwNv8KXR",
  "baseTokenVault": "53TwAyz2ehxfi3V2fG6AVW5vmG1gsRQVQf2XmPJKFRgV",
  "baseTokenMint": "52Y1RGnRFvRFUQq5r2AWpFLLFvokiiqxRocsWVpmPTU4",
  "quoteTokenVault": "9NSaKJoadD1QkBKKqQJDjC6oS39GWP2YN35GbjNdBjEK",
  "quoteTokenMint": "EPjFWdd5AufqSSqeM2qN1xzybapC8G4wEGGkZwyTDt1v",
  "poolSigner": "8z9zJ9uZej6kWsp1jKMMqwYfdhd3Q5RX7FuFSELw1AUA",
  "poolSignerNonce": 255,
  "authority": "BqSGA2WdiQXA2cC1EdGDnVD615A4nYEAq49K3fz2hNBo",
  "initializerAccount": "33aXuSGCCVSkrRBwCfJkw6CwvDNMcSGHrTh18D7R3UpC",
  "feeBaseAccount": "AhztaeqDBCiq1vo2pq3Uqt7rF1WEstPjHYMJQUfXET8A",
  "feeQuoteAccount": "B619435gVGVZjJ2KEuvg3ywbVTTnSJM3aDgVgMMEptai",
  "feePoolTokenAccount": "5MYs3xN5xz7g24gZvHmovU1G13c1RDDcDySk4xfJZUXW",
  "fees": {
    "tradeFeeNumerator": 20,
    "tradeFeeDenominator": 10000,
    "ownerTradeFeeNumerator": 10,
    "ownerTradeFeeDenominator": 10000,
    "ownerWithdrawFeeNumerator": 0,
    "ownerWithdrawFeeDenominator": 0
  },
  "curveType": 0,
  "curve": "7uYDXkfwj4D9RKUTscd3yL3HBhZP6PaNp1tvmYq9r6mn",
  "poolPublicKey": "yeGKcsBPKtvfCoNyUy5eABquQzssFuWvdipxrSmtcKm",
  "poolVersion": 2,
  "provider": "aldrin",
  "other": "EPjFWdd5AufqSSqeM2qN1xzybapC8G4wEGGkZwyTDt1v",
  "tokenIds": [
    "52Y1RGnRFvRFUQq5r2AWpFLLFvokiiqxRocsWVpmPTU4",
    "EPjFWdd5AufqSSqeM2qN1xzybapC8G4wEGGkZwyTDt1v"
  ],
  "tokens": {
    "52Y1RGnRFvRFUQq5r2AWpFLLFvokiiqxRocsWVpmPTU4": {
      "chainId": 101,
      "address": "52Y1RGnRFvRFUQq5r2AWpFLLFvokiiqxRocsWVpmPTU4",
      "symbol": "MHC",
      "name": "Most Hyped Crypto",
      "decimals": 0,
      "logoURI": "https://raw.githubusercontent.com/solana-labs/token-list/main/assets/mainnet/52Y1RGnRFvRFUQq5r2AWpFLLFvokiiqxRocsWVpmPTU4/logo.png",
      "tags": [
        "governing-token"
      ],
      "addr": "53TwAyz2ehxfi3V2fG6AVW5vmG1gsRQVQf2XmPJKFRgV",
      "tag": "governing-token",
      "mint": "52Y1RGnRFvRFUQq5r2AWpFLLFvokiiqxRocsWVpmPTU4",
      "scale": 0
    },
    "EPjFWdd5AufqSSqeM2qN1xzybapC8G4wEGGkZwyTDt1v": {
      "chainId": 101,
      "address": "EPjFWdd5AufqSSqeM2qN1xzybapC8G4wEGGkZwyTDt1v",
      "symbol": "USDC",
      "name": "USD Coin",
      "decimals": 6,
      "logoURI": "https://raw.githubusercontent.com/solana-labs/token-list/main/assets/mainnet/EPjFWdd5AufqSSqeM2qN1xzybapC8G4wEGGkZwyTDt1v/logo.png",
      "tags": [
        "stablecoin"
      ],
      "extensions": {
        "coingeckoId": "usd-coin",
        "serumV3Usdt": "77quYg4MGneUdjgXCunt9GgM1usmrxKY31twEy3WHwcS",
        "website": "https://www.centre.io/"
      },
      "addr": "9NSaKJoadD1QkBKKqQJDjC6oS39GWP2YN35GbjNdBjEK",
      "tag": "stablecoin",
      "mint": "EPjFWdd5AufqSSqeM2qN1xzybapC8G4wEGGkZwyTDt1v",
      "scale": 6
    }
  },
  "target_amp": 100,
  "fee_numerator": 5,
  "fee_denominator": 10000
}