{
  "padding": {
    "type": "Buffer",
    "data": [
      241,
      154,
      109,
      4,
      17,
      177,
      109,
      188
    ]
  },
  "lpTokenFreezeVault": "969mYQa4rXyeLKJrnBg8atbfRoSwaCQVW9m9A2FEyH1i",
  "poolMint": "89MSBKMWUB8qwKNVF2LuAwoKiNqqPKwyZH9x3USALak8",
  "baseTokenVault": "Cwp75j1bfXP4rWqiHgh2azTj33wsjCCz9k1PRXPFKeKz",
  "baseTokenMint": "Gz3u6eJaKEviYpPC5AwUziz891kNX76PNdsmJrnaNNY4",
  "quoteTokenVault": "EkBzuLfUsV2bJP8rF3GYUKxA9fveSzeuRjP1KMX6eRmp",
  "quoteTokenMint": "EPjFWdd5AufqSSqeM2qN1xzybapC8G4wEGGkZwyTDt1v",
  "poolSigner": "GUtFQc7KN7DnMz1vfdufwNkduV26WpRVpN7yWHNZnqqP",
  "poolSignerNonce": 254,
  "authority": "BqSGA2WdiQXA2cC1EdGDnVD615A4nYEAq49K3fz2hNBo",
  "initializerAccount": "Cti5JujUcW52MdTuMNkzgSdRp8kddhZ1bLdyoQmJoCVe",
  "feeBaseAccount": "5BKUVCfVEidUA43Jd4iKruevmvinhpjAp5v8Zub6pY8Y",
  "feeQuoteAccount": "75jSNdqd57q1wg5L5Myum6Je4LLrRtozssAgYePiT3Fu",
  "feePoolTokenAccount": "CntbhSfMWLL9EVfcrQAQR7m8D4U2bVfwMGVYyU1KLpvN",
  "fees": {
    "tradeFeeNumerator": 20,
    "tradeFeeDenominator": 10000,
    "ownerTradeFeeNumerator": 10,
    "ownerTradeFeeDenominator": 10000,
    "ownerWithdrawFeeNumerator": 0,
    "ownerWithdrawFeeDenominator": 0
  },
  "curveType": 0,
  "curve": "HsoMGs7nBErd9CxB8xwfGRkEbaeodDmVo9S1v3wC8fqD",
  "poolPublicKey": "zbyUkk999LwQdSLMAvg3iAEU8DRvidvzxzinv35n2gW",
  "poolVersion": 2,
  "provider": "aldrin",
  "other": "EPjFWdd5AufqSSqeM2qN1xzybapC8G4wEGGkZwyTDt1v",
  "tokenIds": [
    "Gz3u6eJaKEviYpPC5AwUziz891kNX76PNdsmJrnaNNY4",
    "EPjFWdd5AufqSSqeM2qN1xzybapC8G4wEGGkZwyTDt1v"
  ],
  "tokens": {
    "Gz3u6eJaKEviYpPC5AwUziz891kNX76PNdsmJrnaNNY4": {
      "chainId": 101,
      "address": "Gz3u6eJaKEviYpPC5AwUziz891kNX76PNdsmJrnaNNY4",
      "symbol": "SOULO",
      "name": "SouloCoin",
      "decimals": 9,
      "logoURI": "https://raw.githubusercontent.com/solana-labs/token-list/main/assets/mainnet/Gz3u6eJaKEviYpPC5AwUziz891kNX76PNdsmJrnaNNY4/logo.png",
      "tags": [
        "utility-token",
        "NFT",
        "game-token",
        "GameFi"
      ],
      "extensions": {
        "discord": "https://discord.gg/soulofox",
        "twitter": "https://twitter.com/soulofoxnft",
        "website": "https://app.soulofox.com"
      },
      "addr": "Cwp75j1bfXP4rWqiHgh2azTj33wsjCCz9k1PRXPFKeKz",
      "tag": "utility-token,NFT,game-token,GameFi",
      "mint": "Gz3u6eJaKEviYpPC5AwUziz891kNX76PNdsmJrnaNNY4",
      "scale": 9
    },
    "EPjFWdd5AufqSSqeM2qN1xzybapC8G4wEGGkZwyTDt1v": {
      "chainId": 101,
      "address": "EPjFWdd5AufqSSqeM2qN1xzybapC8G4wEGGkZwyTDt1v",
      "symbol": "USDC",
      "name": "USD Coin",
      "decimals": 6,
      "logoURI": "https://raw.githubusercontent.com/solana-labs/token-list/main/assets/mainnet/EPjFWdd5AufqSSqeM2qN1xzybapC8G4wEGGkZwyTDt1v/logo.png",
      "tags": [
        "stablecoin"
      ],
      "extensions": {
        "coingeckoId": "usd-coin",
        "serumV3Usdt": "77quYg4MGneUdjgXCunt9GgM1usmrxKY31twEy3WHwcS",
        "website": "https://www.centre.io/"
      },
      "addr": "EkBzuLfUsV2bJP8rF3GYUKxA9fveSzeuRjP1KMX6eRmp",
      "tag": "stablecoin",
      "mint": "EPjFWdd5AufqSSqeM2qN1xzybapC8G4wEGGkZwyTDt1v",
      "scale": 6
    }
  },
  "target_amp": 100,
  "fee_numerator": 5,
  "fee_denominator": 10000
}