{
  "padding": {
    "type": "Buffer",
    "data": [
      241,
      154,
      109,
      4,
      17,
      177,
      109,
      188
    ]
  },
  "lpTokenFreezeVault": "G1tR4DFR3dGYERHqYeDwTAgfvTdviKFHBmvv41F1uSw8",
  "poolMint": "8Y9U6yRMKGFWQc7Xn3vG24Rz2hfNG9brL3dVbo17QpwP",
  "baseTokenVault": "C4EGBDAgoVvDsVtYNVwyiHvgMymuNjVz6cZCRhRD3pKF",
  "baseTokenMint": "So11111111111111111111111111111111111111112",
  "quoteTokenVault": "5AQoreRFz3pudFcLwaxniHUxDb8BBRSAPaDBsq5k2uJW",
  "quoteTokenMint": "PXLSmSBWHU8yAqNof9Ry2LPsZxHSYB4xXsBaQWUmEzV",
  "poolSigner": "BkKcyRcFjWPhaQn9EFmQKkmNa7WZ2nGN7kVG4BCpzTvF",
  "poolSignerNonce": 253,
  "authority": "BqSGA2WdiQXA2cC1EdGDnVD615A4nYEAq49K3fz2hNBo",
  "initializerAccount": "9hBviAPw5Jh2Tmf5xUtfcnyKoqFYqd7nDLcMJ5Wnbf3b",
  "feeBaseAccount": "3c2E3BxFSn4smAuo1ZMwPnKTrHophxL548PQZhmi5dsj",
  "feeQuoteAccount": "5B9WJwsJYYWGThKsprzT16fzdsAhhksjs4pBsPxGuD6u",
  "feePoolTokenAccount": "CQmFz22C9dqBPKe3kxtRVpat7fP3wZpK8RF82KcaxjAQ",
  "fees": {
    "tradeFeeNumerator": 20,
    "tradeFeeDenominator": 10000,
    "ownerTradeFeeNumerator": 10,
    "ownerTradeFeeDenominator": 10000,
    "ownerWithdrawFeeNumerator": 0,
    "ownerWithdrawFeeDenominator": 0
  },
  "curveType": 0,
  "curve": "Go2ENGeq7ZuPXQcqbCC1aNCYapwAmVqXXzLcU7aACxqM",
  "poolPublicKey": "G4TLZ8F9bn1PeWR395UmNuTb4SqruHuAx8L25FU2U8Hz",
  "poolVersion": 2,
  "provider": "aldrin",
  "other": "So11111111111111111111111111111111111111112",
  "tokenIds": [
    "So11111111111111111111111111111111111111112",
    "PXLSmSBWHU8yAqNof9Ry2LPsZxHSYB4xXsBaQWUmEzV"
  ],
  "tokens": {
    "So11111111111111111111111111111111111111112": {
      "chainId": 102,
      "address": "So11111111111111111111111111111111111111112",
      "symbol": "wSOL",
      "name": "Wrapped SOL",
      "decimals": 9,
      "logoURI": "https://raw.githubusercontent.com/solana-labs/token-list/main/assets/mainnet/So11111111111111111111111111111111111111112/logo.png",
      "extensions": {
        "coingeckoId": "solana",
        "website": "https://www.solana.com/"
      },
      "addr": "C4EGBDAgoVvDsVtYNVwyiHvgMymuNjVz6cZCRhRD3pKF",
      "tag": "",
      "mint": "So11111111111111111111111111111111111111112",
      "scale": 9
    },
    "PXLSmSBWHU8yAqNof9Ry2LPsZxHSYB4xXsBaQWUmEzV": {
      "chainId": 101,
      "address": "PXLSmSBWHU8yAqNof9Ry2LPsZxHSYB4xXsBaQWUmEzV",
      "symbol": "Pixels",
      "name": "Pixels",
      "decimals": 0,
      "logoURI": "https://arweave.net/GpuEa7JiRH0-trJ-B25Pjh-DYt0-RaXjzPTIEVGUOdk?ext=gif",
      "tags": [
        "NFT"
      ],
      "extensions": {
        "twitter": "https://twitter.com/solsunsets",
        "website": "https://solsunsets.com/"
      },
      "addr": "5AQoreRFz3pudFcLwaxniHUxDb8BBRSAPaDBsq5k2uJW",
      "tag": "NFT",
      "mint": "PXLSmSBWHU8yAqNof9Ry2LPsZxHSYB4xXsBaQWUmEzV",
      "scale": 0
    }
  },
  "target_amp": 100,
  "fee_numerator": 5,
  "fee_denominator": 10000
}