{
  "padding": {
    "type": "Buffer",
    "data": [
      241,
      154,
      109,
      4,
      17,
      177,
      109,
      188
    ]
  },
  "lpTokenFreezeVault": "CKhcRq2bQR1ZNPq7nbFdvXRkSqPMWv94PL2Vzn6q7VyQ",
  "poolMint": "9bCjWxNQ2WQFuQzsV7g5S3m8qCQ8ub6pd13nWUoXz2eh",
  "baseTokenVault": "4MT4B4UxfAYPmrpKvmPczBLDPBzTBApaX5qQqyUk5n9K",
  "baseTokenMint": "7dHbWXmci3dT8UFYWYZweBLXgycu7Y3iL6trKn1Y7ARj",
  "quoteTokenVault": "7xi4XDMRaj5JxtjA8kWmdAbfsYymsQvzsHLj2wMkzwwn",
  "quoteTokenMint": "EPjFWdd5AufqSSqeM2qN1xzybapC8G4wEGGkZwyTDt1v",
  "poolSigner": "AHg3tWsG997RtJo49sv4oUH6sTmmhgvBVzhthxX49DtX",
  "poolSignerNonce": 255,
  "authority": "BqSGA2WdiQXA2cC1EdGDnVD615A4nYEAq49K3fz2hNBo",
  "initializerAccount": "BqSGA2WdiQXA2cC1EdGDnVD615A4nYEAq49K3fz2hNBo",
  "feeBaseAccount": "6qVVfqjtZ44LPY7PCXqxAPhyLGT4faToswVF7fL66JUU",
  "feeQuoteAccount": "9fJMCSEVHNV8p7ohJNPsopDpREjKJ4W81boideYSpiAe",
  "feePoolTokenAccount": "pcb46dJKp5YLn4bfm7NMkjfPimDaoTLEqj7MhZn46nZ",
  "fees": {
    "tradeFeeNumerator": 20,
    "tradeFeeDenominator": 10000,
    "ownerTradeFeeNumerator": 10,
    "ownerTradeFeeDenominator": 10000,
    "ownerWithdrawFeeNumerator": 0,
    "ownerWithdrawFeeDenominator": 0
  },
  "curveType": 0,
  "curve": "FrMdZqhPZZ2tfQWHiihBx8aMaQu7g9zdU3mqnqJ3yGoL",
  "poolPublicKey": "5T5T3WHmXDZqM7E1Hi9PNCBFN33Baxvd64jdEPidmYPr",
  "poolVersion": 2,
  "provider": "aldrin",
  "other": "EPjFWdd5AufqSSqeM2qN1xzybapC8G4wEGGkZwyTDt1v",
  "tokenIds": [
    "7dHbWXmci3dT8UFYWYZweBLXgycu7Y3iL6trKn1Y7ARj",
    "EPjFWdd5AufqSSqeM2qN1xzybapC8G4wEGGkZwyTDt1v"
  ],
  "tokens": {
    "7dHbWXmci3dT8UFYWYZweBLXgycu7Y3iL6trKn1Y7ARj": {
      "chainId": 101,
      "address": "7dHbWXmci3dT8UFYWYZweBLXgycu7Y3iL6trKn1Y7ARj",
      "symbol": "stSOL",
      "name": "Lido Staked SOL",
      "decimals": 9,
      "logoURI": "https://raw.githubusercontent.com/solana-labs/token-list/main/assets/mainnet/7dHbWXmci3dT8UFYWYZweBLXgycu7Y3iL6trKn1Y7ARj/logo.png",
      "extensions": {
        "coingeckoId": "lido-staked-sol",
        "coinmarketcap": "https://coinmarketcap.com/currencies/lido-for-solana/",
        "discord": "https://discord.gg/w9pXXgQPu8",
        "github": "https://github.com/ChorusOne/solido",
        "serumV3Usdc": "5F7LGsP1LPtaRV7vVKgxwNYX4Vf22xvuzyXjyar7jJqp",
        "twitter": "https://twitter.com/LidoFinance",
        "website": "https://solana.lido.fi/"
      },
      "addr": "4MT4B4UxfAYPmrpKvmPczBLDPBzTBApaX5qQqyUk5n9K",
      "tag": "",
      "mint": "7dHbWXmci3dT8UFYWYZweBLXgycu7Y3iL6trKn1Y7ARj",
      "scale": 9
    },
    "EPjFWdd5AufqSSqeM2qN1xzybapC8G4wEGGkZwyTDt1v": {
      "chainId": 101,
      "address": "EPjFWdd5AufqSSqeM2qN1xzybapC8G4wEGGkZwyTDt1v",
      "symbol": "USDC",
      "name": "USD Coin",
      "decimals": 6,
      "logoURI": "https://raw.githubusercontent.com/solana-labs/token-list/main/assets/mainnet/EPjFWdd5AufqSSqeM2qN1xzybapC8G4wEGGkZwyTDt1v/logo.png",
      "tags": [
        "stablecoin"
      ],
      "extensions": {
        "coingeckoId": "usd-coin",
        "serumV3Usdt": "77quYg4MGneUdjgXCunt9GgM1usmrxKY31twEy3WHwcS",
        "website": "https://www.centre.io/"
      },
      "addr": "7xi4XDMRaj5JxtjA8kWmdAbfsYymsQvzsHLj2wMkzwwn",
      "tag": "stablecoin",
      "mint": "EPjFWdd5AufqSSqeM2qN1xzybapC8G4wEGGkZwyTDt1v",
      "scale": 6
    }
  },
  "target_amp": 100,
  "fee_numerator": 5,
  "fee_denominator": 10000
}