{
  "padding": {
    "type": "Buffer",
    "data": [
      241,
      154,
      109,
      4,
      17,
      177,
      109,
      188
    ]
  },
  "lpTokenFreezeVault": "5bW9p7bm3xfgwuNoHEkJfaCWpTjpsomD5yjDSZUzwMyn",
  "poolMint": "9eaLJfp4Kkw2h4fmZMBTn6PBj31rDDvgKBguansxYZso",
  "baseTokenVault": "5sNHCJLrDCLpi5fjHMLqnrrhdjd7Qfcp5BoSoLU9ihCG",
  "baseTokenMint": "5S2uwGaiCYX4tXq9wfSH44SbXTQUF2n2sanJJ2o1djXr",
  "quoteTokenVault": "ApX9mMfmWm3DaoFca12tq5S15UM2CsF4aSCwDBGoFyYX",
  "quoteTokenMint": "So11111111111111111111111111111111111111112",
  "poolSigner": "EmoH2RxCAZXnFNUYG2VQP76fTLbLfoy9nFsd2w8xhPqm",
  "poolSignerNonce": 254,
  "authority": "BqSGA2WdiQXA2cC1EdGDnVD615A4nYEAq49K3fz2hNBo",
  "initializerAccount": "6YmJ2gKaYQNVTVTUVjtrYYeW22hvdo7AvVg9xAWwUGWe",
  "feeBaseAccount": "AZy24fMDrn6JTJrLf9HEEmP1tMjdFZnsxDnp3XSpjqV3",
  "feeQuoteAccount": "HpCV4cHjWPk36dMS62f9eUBTqwrGaU2Na3z4Cmj49UGi",
  "feePoolTokenAccount": "EecLCYpjJaESddM4rQhQQowKs8PXDQ9oVoMCESfMFQ9U",
  "fees": {
    "tradeFeeNumerator": 20,
    "tradeFeeDenominator": 10000,
    "ownerTradeFeeNumerator": 10,
    "ownerTradeFeeDenominator": 10000,
    "ownerWithdrawFeeNumerator": 0,
    "ownerWithdrawFeeDenominator": 0
  },
  "curveType": 0,
  "curve": "B35Genbt3U4sXC1or5mJ421jZFegAkvbrfgiudsCGbMn",
  "poolPublicKey": "GLHTSb4gjeBybEQ36NWGhnB48MmdppmVVUqc3SH7rYzN",
  "poolVersion": 2,
  "provider": "aldrin",
  "other": "So11111111111111111111111111111111111111112",
  "tokenIds": [
    "5S2uwGaiCYX4tXq9wfSH44SbXTQUF2n2sanJJ2o1djXr",
    "So11111111111111111111111111111111111111112"
  ],
  "tokens": {
    "5S2uwGaiCYX4tXq9wfSH44SbXTQUF2n2sanJJ2o1djXr": {
      "chainId": 101,
      "address": "5S2uwGaiCYX4tXq9wfSH44SbXTQUF2n2sanJJ2o1djXr",
      "symbol": "KROBA",
      "name": "KROBA",
      "decimals": 9,
      "logoURI": "https://raw.githubusercontent.com/RonxBrush/KROBA-TOKEN/main/logo.png",
      "tags": [
        "social-token"
      ],
      "addr": "5sNHCJLrDCLpi5fjHMLqnrrhdjd7Qfcp5BoSoLU9ihCG",
      "tag": "social-token",
      "mint": "5S2uwGaiCYX4tXq9wfSH44SbXTQUF2n2sanJJ2o1djXr",
      "scale": 9
    },
    "So11111111111111111111111111111111111111112": {
      "chainId": 102,
      "address": "So11111111111111111111111111111111111111112",
      "symbol": "wSOL",
      "name": "Wrapped SOL",
      "decimals": 9,
      "logoURI": "https://raw.githubusercontent.com/solana-labs/token-list/main/assets/mainnet/So11111111111111111111111111111111111111112/logo.png",
      "extensions": {
        "coingeckoId": "solana",
        "website": "https://www.solana.com/"
      },
      "addr": "ApX9mMfmWm3DaoFca12tq5S15UM2CsF4aSCwDBGoFyYX",
      "tag": "",
      "mint": "So11111111111111111111111111111111111111112",
      "scale": 9
    }
  },
  "target_amp": 100,
  "fee_numerator": 5,
  "fee_denominator": 10000
}