{
  "padding": {
    "type": "Buffer",
    "data": [
      241,
      154,
      109,
      4,
      17,
      177,
      109,
      188
    ]
  },
  "lpTokenFreezeVault": "5tKqaLfkwMCMqYQpFM2sCAsUmqFQNUK5bAFS9Yr15HqA",
  "poolMint": "ADkd9NtJZu9r47JThmQfYRH6ZNT93RbfDQJAps8q6gu8",
  "baseTokenVault": "8HxNEgAQWZ64ombeCuvn39GgGj6EkJzrM74b7Abcz5UM",
  "baseTokenMint": "7ScYHk4VDgSRnQngAUtQk4Eyf7fGat8P4wXq6e2dkzLj",
  "quoteTokenVault": "8xptwh5ToFZGqfCUMPrmbPkxpFeGMX4a33VdMUjHvrEb",
  "quoteTokenMint": "So11111111111111111111111111111111111111112",
  "poolSigner": "EAyZjoYgufKbsWZfXKTJ3RKtEADmNgiopqzk89eznY4L",
  "poolSignerNonce": 255,
  "authority": "BqSGA2WdiQXA2cC1EdGDnVD615A4nYEAq49K3fz2hNBo",
  "initializerAccount": "F54nHD2Ri63F25iy4Vf1YPLBo7oBEZTzXH9aRZzsnVh8",
  "feeBaseAccount": "HEgQMZJNG88XrxusJbxCDMujzYGBoGLbyK1akZQqcubR",
  "feeQuoteAccount": "Cjyn16AgY1gtQMZyEhp73CFRGMJELZqaxW1G935hJag",
  "feePoolTokenAccount": "5jyyAb9weHh6Kua88obHDEezoQgSBA8d39E7ksoRe1rZ",
  "fees": {
    "tradeFeeNumerator": 20,
    "tradeFeeDenominator": 10000,
    "ownerTradeFeeNumerator": 10,
    "ownerTradeFeeDenominator": 10000,
    "ownerWithdrawFeeNumerator": 0,
    "ownerWithdrawFeeDenominator": 0
  },
  "curveType": 0,
  "curve": "7NiPvyAahTv9KhC9bVGFwD1Ueyu5gFtttLx1HrijaAYu",
  "poolPublicKey": "CJUaR3jguwqctj3BN3DZETwjaXFpRzrRMVhAAFjrHAP1",
  "poolVersion": 2,
  "provider": "aldrin",
  "other": "So11111111111111111111111111111111111111112",
  "tokenIds": [
    "7ScYHk4VDgSRnQngAUtQk4Eyf7fGat8P4wXq6e2dkzLj",
    "So11111111111111111111111111111111111111112"
  ],
  "tokens": {
    "7ScYHk4VDgSRnQngAUtQk4Eyf7fGat8P4wXq6e2dkzLj": {
      "chainId": 101,
      "address": "7ScYHk4VDgSRnQngAUtQk4Eyf7fGat8P4wXq6e2dkzLj",
      "symbol": "$ALL",
      "name": "ALL",
      "decimals": 9,
      "logoURI": "https://raw.githubusercontent.com/solana-labs/token-list/main/assets/mainnet/7ScYHk4VDgSRnQngAUtQk4Eyf7fGat8P4wXq6e2dkzLj/logo.png",
      "tags": [
        "utility-token",
        "nft",
        "commodity-token"
      ],
      "extensions": {
        "discord": "https://discord.gg/stonedapecrew",
        "twitter": "https://twitter.com/stonedapecrew",
        "website": "https://www.allblue.dev/"
      },
      "addr": "8HxNEgAQWZ64ombeCuvn39GgGj6EkJzrM74b7Abcz5UM",
      "tag": "utility-token,nft,commodity-token",
      "mint": "7ScYHk4VDgSRnQngAUtQk4Eyf7fGat8P4wXq6e2dkzLj",
      "scale": 9
    },
    "So11111111111111111111111111111111111111112": {
      "chainId": 102,
      "address": "So11111111111111111111111111111111111111112",
      "symbol": "wSOL",
      "name": "Wrapped SOL",
      "decimals": 9,
      "logoURI": "https://raw.githubusercontent.com/solana-labs/token-list/main/assets/mainnet/So11111111111111111111111111111111111111112/logo.png",
      "extensions": {
        "coingeckoId": "solana",
        "website": "https://www.solana.com/"
      },
      "addr": "8xptwh5ToFZGqfCUMPrmbPkxpFeGMX4a33VdMUjHvrEb",
      "tag": "",
      "mint": "So11111111111111111111111111111111111111112",
      "scale": 9
    }
  },
  "target_amp": 100,
  "fee_numerator": 5,
  "fee_denominator": 10000
}