{
  "padding": {
    "type": "Buffer",
    "data": [
      241,
      154,
      109,
      4,
      17,
      177,
      109,
      188
    ]
  },
  "lpTokenFreezeVault": "8QMzuydYLmYvHvYZnHEWuwzSnpKTUaSM1WigXU5Mkeow",
  "poolMint": "CbbkTLzWk366JrPcPz3kQshSGukAEgb6YWaxG9sGj7bd",
  "baseTokenVault": "3rCAt3eErL8fJGKTdAXqvi7Fi1GKGtULh4QkvPUbesbZ",
  "baseTokenMint": "3m7A2A8HHdqmiDrjAfaddj7Hxd88FrBHA1KSoqjoELtu",
  "quoteTokenVault": "2TX1cMbHhpFgtiXk398B741w3XkgAT527tUNiQv4oZcM",
  "quoteTokenMint": "EPjFWdd5AufqSSqeM2qN1xzybapC8G4wEGGkZwyTDt1v",
  "poolSigner": "8ErLbNG3GZJLerx1CAzWnMLgxfbaa5m9ixHYR3SkqS4s",
  "poolSignerNonce": 254,
  "authority": "BqSGA2WdiQXA2cC1EdGDnVD615A4nYEAq49K3fz2hNBo",
  "initializerAccount": "8VgfiXWzPjXUWzikdUc1R9WuYw6v6Ab3vCZXXUbhfPf1",
  "feeBaseAccount": "DN35Qd1dMTZPWmDFtV7G5f4AQuG7eZWVKULyfrdASq1j",
  "feeQuoteAccount": "Bd3qZNXYMCSMohfx2vitsESF1z3yy7k9pg3eQPwysCXq",
  "feePoolTokenAccount": "Ars5Pvkgsodc5tePUza5YrKrZCphuZJ7AsS9oS4t2zx7",
  "fees": {
    "tradeFeeNumerator": 20,
    "tradeFeeDenominator": 10000,
    "ownerTradeFeeNumerator": 10,
    "ownerTradeFeeDenominator": 10000,
    "ownerWithdrawFeeNumerator": 0,
    "ownerWithdrawFeeDenominator": 0
  },
  "curveType": 0,
  "curve": "o8nuMGne1hT3XwZRbGXhtSNpDUbVDBpyL2witqTb5Sd",
  "poolPublicKey": "GuuJ9vfwpCuA3ZuxKSvpZqQaPUULE86u3yKWEit8RKGf",
  "poolVersion": 2,
  "provider": "aldrin",
  "other": "EPjFWdd5AufqSSqeM2qN1xzybapC8G4wEGGkZwyTDt1v",
  "tokenIds": [
    "3m7A2A8HHdqmiDrjAfaddj7Hxd88FrBHA1KSoqjoELtu",
    "EPjFWdd5AufqSSqeM2qN1xzybapC8G4wEGGkZwyTDt1v"
  ],
  "tokens": {
    "3m7A2A8HHdqmiDrjAfaddj7Hxd88FrBHA1KSoqjoELtu": {
      "chainId": 101,
      "address": "3m7A2A8HHdqmiDrjAfaddj7Hxd88FrBHA1KSoqjoELtu",
      "symbol": "WAGMI",
      "name": "WAGMI",
      "decimals": 6,
      "logoURI": "https://raw.githubusercontent.com/solana-labs/token-list/main/assets/mainnet/3m7A2A8HHdqmiDrjAfaddj7Hxd88FrBHA1KSoqjoELtu/logo.png",
      "tags": [
        "meme-token",
        "community-token"
      ],
      "extensions": {
        "coingeckoId": "wagmi-on-solana",
        "serumV3Usdc": "eju5JDyaf29jYNfq7VrVAocVxGayDEHVHHiM7MYc331",
        "twitter": "https://twitter.com/wagmi_sol",
        "website": "https://wagmionsolana.com"
      },
      "addr": "3rCAt3eErL8fJGKTdAXqvi7Fi1GKGtULh4QkvPUbesbZ",
      "tag": "meme-token,community-token",
      "mint": "3m7A2A8HHdqmiDrjAfaddj7Hxd88FrBHA1KSoqjoELtu",
      "scale": 6
    },
    "EPjFWdd5AufqSSqeM2qN1xzybapC8G4wEGGkZwyTDt1v": {
      "chainId": 101,
      "address": "EPjFWdd5AufqSSqeM2qN1xzybapC8G4wEGGkZwyTDt1v",
      "symbol": "USDC",
      "name": "USD Coin",
      "decimals": 6,
      "logoURI": "https://raw.githubusercontent.com/solana-labs/token-list/main/assets/mainnet/EPjFWdd5AufqSSqeM2qN1xzybapC8G4wEGGkZwyTDt1v/logo.png",
      "tags": [
        "stablecoin"
      ],
      "extensions": {
        "coingeckoId": "usd-coin",
        "serumV3Usdt": "77quYg4MGneUdjgXCunt9GgM1usmrxKY31twEy3WHwcS",
        "website": "https://www.centre.io/"
      },
      "addr": "2TX1cMbHhpFgtiXk398B741w3XkgAT527tUNiQv4oZcM",
      "tag": "stablecoin",
      "mint": "EPjFWdd5AufqSSqeM2qN1xzybapC8G4wEGGkZwyTDt1v",
      "scale": 6
    }
  },
  "target_amp": 100,
  "fee_numerator": 5,
  "fee_denominator": 10000
}