{
  "padding": {
    "type": "Buffer",
    "data": [
      241,
      154,
      109,
      4,
      17,
      177,
      109,
      188
    ]
  },
  "lpTokenFreezeVault": "JBRi8Hajw6QKXi321VXgPt135TsKLwUFtj6rQYBS4JzC",
  "poolMint": "CqAJCFcBr9ye1mHGRUBqmHtBz7282kU2DuQBVsWfq8k3",
  "baseTokenVault": "9nYrdeJrp1MRMPXoaz1vf3a6xUYWK2tPgjFnHoNufLHJ",
  "baseTokenMint": "7dHbWXmci3dT8UFYWYZweBLXgycu7Y3iL6trKn1Y7ARj",
  "quoteTokenVault": "4Ykg6YbHVmeyvjtm8i5bXpMSb4BUetUSU9v14v2Tuuxm",
  "quoteTokenMint": "2FPyTwcZLUg1MDrwsyoP4D6s1tM7hAkHYRjkNb5w6Pxk",
  "poolSigner": "5FZdHnUsQ4Les7H5KrnmTXiP2y5ppBMc94gUMRasv2sz",
  "poolSignerNonce": 253,
  "authority": "BqSGA2WdiQXA2cC1EdGDnVD615A4nYEAq49K3fz2hNBo",
  "initializerAccount": "BqSGA2WdiQXA2cC1EdGDnVD615A4nYEAq49K3fz2hNBo",
  "feeBaseAccount": "BeGwpamBG1ztKYXtEGJUBvM6Nq1Bsdk9Bovqh8gm2ePN",
  "feeQuoteAccount": "HztuVvp379TCYYaBYgCkf9AySAe5x3Y2HWA1ESkd5jKy",
  "feePoolTokenAccount": "8W6EkvpFBKzgsruQuAypXNr7WA8bimSPuKs1nbJEgATM",
  "fees": {
    "tradeFeeNumerator": 20,
    "tradeFeeDenominator": 10000,
    "ownerTradeFeeNumerator": 10,
    "ownerTradeFeeDenominator": 10000,
    "ownerWithdrawFeeNumerator": 0,
    "ownerWithdrawFeeDenominator": 0
  },
  "curveType": 0,
  "curve": "43iZ8HUPGvznEmRgircNUAt5gyE54RtjxmvUDhg5eHNa",
  "poolPublicKey": "6aZ4nKFhYp3KFm2TuWUMmgHcy7anyUBpWznyDk6UGAe2",
  "poolVersion": 2,
  "provider": "aldrin",
  "other": "2FPyTwcZLUg1MDrwsyoP4D6s1tM7hAkHYRjkNb5w6Pxk",
  "tokenIds": [
    "7dHbWXmci3dT8UFYWYZweBLXgycu7Y3iL6trKn1Y7ARj",
    "2FPyTwcZLUg1MDrwsyoP4D6s1tM7hAkHYRjkNb5w6Pxk"
  ],
  "tokens": {
    "7dHbWXmci3dT8UFYWYZweBLXgycu7Y3iL6trKn1Y7ARj": {
      "chainId": 101,
      "address": "7dHbWXmci3dT8UFYWYZweBLXgycu7Y3iL6trKn1Y7ARj",
      "symbol": "stSOL",
      "name": "Lido Staked SOL",
      "decimals": 9,
      "logoURI": "https://raw.githubusercontent.com/solana-labs/token-list/main/assets/mainnet/7dHbWXmci3dT8UFYWYZweBLXgycu7Y3iL6trKn1Y7ARj/logo.png",
      "extensions": {
        "coingeckoId": "lido-staked-sol",
        "coinmarketcap": "https://coinmarketcap.com/currencies/lido-for-solana/",
        "discord": "https://discord.gg/w9pXXgQPu8",
        "github": "https://github.com/ChorusOne/solido",
        "serumV3Usdc": "5F7LGsP1LPtaRV7vVKgxwNYX4Vf22xvuzyXjyar7jJqp",
        "twitter": "https://twitter.com/LidoFinance",
        "website": "https://solana.lido.fi/"
      },
      "addr": "9nYrdeJrp1MRMPXoaz1vf3a6xUYWK2tPgjFnHoNufLHJ",
      "tag": "",
      "mint": "7dHbWXmci3dT8UFYWYZweBLXgycu7Y3iL6trKn1Y7ARj",
      "scale": 9
    },
    "2FPyTwcZLUg1MDrwsyoP4D6s1tM7hAkHYRjkNb5w6Pxk": {
      "chainId": 101,
      "address": "2FPyTwcZLUg1MDrwsyoP4D6s1tM7hAkHYRjkNb5w6Pxk",
      "symbol": "soETH",
      "name": "Wrapped Ethereum (Sollet)",
      "decimals": 6,
      "logoURI": "https://raw.githubusercontent.com/solana-labs/token-list/main/assets/mainnet/2FPyTwcZLUg1MDrwsyoP4D6s1tM7hAkHYRjkNb5w6Pxk/logo.png",
      "tags": [
        "wrapped-sollet",
        "ethereum"
      ],
      "extensions": {
        "bridgeContract": "https://etherscan.io/address/0xeae57ce9cc1984f202e15e038b964bb8bdf7229a",
        "coingeckoId": "ethereum",
        "serumV3Usdc": "4tSvZvnbyzHXLMTiFonMyxZoHmFqau1XArcRCVHLZ5gX",
        "serumV3Usdt": "7dLVkUfBVfCGkFhSXDCq1ukM9usathSgS716t643iFGF"
      },
      "addr": "4Ykg6YbHVmeyvjtm8i5bXpMSb4BUetUSU9v14v2Tuuxm",
      "tag": "wrapped-sollet,ethereum",
      "mint": "2FPyTwcZLUg1MDrwsyoP4D6s1tM7hAkHYRjkNb5w6Pxk",
      "scale": 6
    }
  },
  "target_amp": 100,
  "fee_numerator": 5,
  "fee_denominator": 10000
}