{
  "padding": {
    "type": "Buffer",
    "data": [
      241,
      154,
      109,
      4,
      17,
      177,
      109,
      188
    ]
  },
  "lpTokenFreezeVault": "EsqbYRs2w2M9pEGPn18Rxxbpq5MetEjwJQE94VB26SnN",
  "poolMint": "CVzqCTmb9yJqQyjLBgpUEpZsXZe8gUibrkcCNfX67B7T",
  "baseTokenVault": "GiKpVSLemKfNRNyzmBdMd37cByPHMZhwtG3Tqmck7tWb",
  "baseTokenMint": "nYDqQVEaQxLYLh8B8oAFXziMT1bcGrAVigZPL1s3dKc",
  "quoteTokenVault": "H7TTEPJ89Ak36kFhCKBN3fPb2LJjPaMbYje2nTK9VXJt",
  "quoteTokenMint": "So11111111111111111111111111111111111111112",
  "poolSigner": "9vyUu4p6SpQLf7uVDXNv1Qf4MWy1vaoHr1hnfMMFj8P3",
  "poolSignerNonce": 255,
  "authority": "BqSGA2WdiQXA2cC1EdGDnVD615A4nYEAq49K3fz2hNBo",
  "initializerAccount": "Ar9GD9kKQtRkNdGCpsMtdQ6e1TUkaAaW9W2TXoKvGsag",
  "feeBaseAccount": "8AEEDRDezYsUV5UJeTceDPoJzoW7bj8HRhWG1VMDqECw",
  "feeQuoteAccount": "AcSfrJ6tmZzr2WaqdEeEgEj16UXHHUTaYwqg7UtyhJB3",
  "feePoolTokenAccount": "AsA2zsNX4oVvyHmngRAqzXVYFjd7yXRiFxxeuF4yb1bY",
  "fees": {
    "tradeFeeNumerator": 20,
    "tradeFeeDenominator": 10000,
    "ownerTradeFeeNumerator": 10,
    "ownerTradeFeeDenominator": 10000,
    "ownerWithdrawFeeNumerator": 0,
    "ownerWithdrawFeeDenominator": 0
  },
  "curveType": 0,
  "curve": "FcUwk5Kz282HaJyiLTbyWMFqhiDwnPFLu6dDGoHNJW9W",
  "poolPublicKey": "F75Kq26UWrVukEeRbDNs5ebQpXz8nqGf7qfqgkSssFmh",
  "poolVersion": 2,
  "provider": "aldrin",
  "other": "So11111111111111111111111111111111111111112",
  "tokenIds": [
    "nYDqQVEaQxLYLh8B8oAFXziMT1bcGrAVigZPL1s3dKc",
    "So11111111111111111111111111111111111111112"
  ],
  "tokens": {
    "nYDqQVEaQxLYLh8B8oAFXziMT1bcGrAVigZPL1s3dKc": {
      "chainId": 101,
      "address": "nYDqQVEaQxLYLh8B8oAFXziMT1bcGrAVigZPL1s3dKc",
      "symbol": "PREY",
      "name": "PREY",
      "decimals": 9,
      "logoURI": "https://raw.githubusercontent.com/solana-labs/token-list/main/assets/mainnet/nYDqQVEaQxLYLh8B8oAFXziMT1bcGrAVigZPL1s3dKc/logo.png",
      "tags": [
        "utility-token"
      ],
      "extensions": {
        "twitter": "https://twitter.com/ApexPredatorSOL",
        "website": "https://home.apexpredator.army/"
      },
      "addr": "GiKpVSLemKfNRNyzmBdMd37cByPHMZhwtG3Tqmck7tWb",
      "tag": "utility-token",
      "mint": "nYDqQVEaQxLYLh8B8oAFXziMT1bcGrAVigZPL1s3dKc",
      "scale": 9
    },
    "So11111111111111111111111111111111111111112": {
      "chainId": 102,
      "address": "So11111111111111111111111111111111111111112",
      "symbol": "wSOL",
      "name": "Wrapped SOL",
      "decimals": 9,
      "logoURI": "https://raw.githubusercontent.com/solana-labs/token-list/main/assets/mainnet/So11111111111111111111111111111111111111112/logo.png",
      "extensions": {
        "coingeckoId": "solana",
        "website": "https://www.solana.com/"
      },
      "addr": "H7TTEPJ89Ak36kFhCKBN3fPb2LJjPaMbYje2nTK9VXJt",
      "tag": "",
      "mint": "So11111111111111111111111111111111111111112",
      "scale": 9
    }
  },
  "target_amp": 100,
  "fee_numerator": 5,
  "fee_denominator": 10000
}