{
  "padding": {
    "type": "Buffer",
    "data": [
      241,
      154,
      109,
      4,
      17,
      177,
      109,
      188
    ]
  },
  "lpTokenFreezeVault": "HEAvymDK94aHMrvEMpfPNw5AbCtTC6FVYLqfS91xFbF9",
  "poolMint": "CzvfR1W2s1me86rqJnnBFLtfeWGrrpgtusTM9dzhyUCh",
  "baseTokenVault": "5NTbAqifonoC4t7qVeBLu29Bonu4J2YbY4Rf686GRvWz",
  "baseTokenMint": "EPjFWdd5AufqSSqeM2qN1xzybapC8G4wEGGkZwyTDt1v",
  "quoteTokenVault": "Ewet4WunF4NsRDGsJfu5DbtTLmmHP2k2r2B1RX84E2Cu",
  "quoteTokenMint": "4pk3pf9nJDN1im1kNwWJN1ThjE8pCYCTexXYGyFjqKVf",
  "poolSigner": "G5RifYbPVGjh7naUVhehDtXkmurLbcaeRoevwSWybTAp",
  "poolSignerNonce": 255,
  "authority": "BqSGA2WdiQXA2cC1EdGDnVD615A4nYEAq49K3fz2hNBo",
  "initializerAccount": "B6i414VVxzsDNscMMQUX8B6MoGpyNHkgXQTPwPUpJeH8",
  "feeBaseAccount": "6PLvcRJnnVm5ekxRhJKZFmSjXavc5zxJBExtV4tmZZDN",
  "feeQuoteAccount": "2RLGqX6CbYGf7ozXxtwaXyBia89c9NKUkxxzz9MfGuFz",
  "feePoolTokenAccount": "GZmcKZKuYy9eisYczPSunZf5917sr25sVjYPenBjenuJ",
  "fees": {
    "tradeFeeNumerator": 20,
    "tradeFeeDenominator": 10000,
    "ownerTradeFeeNumerator": 10,
    "ownerTradeFeeDenominator": 10000,
    "ownerWithdrawFeeNumerator": 0,
    "ownerWithdrawFeeDenominator": 0
  },
  "curveType": 0,
  "curve": "48ycdpigAPaZSKbPCtHXHDrfie6SYjXNyV5i1DkL8V1D",
  "poolPublicKey": "HsVBko8DA29PTbVQwFqPzNwe4fiuyF1JF8b19cy1CcU9",
  "poolVersion": 2,
  "provider": "aldrin",
  "other": "EPjFWdd5AufqSSqeM2qN1xzybapC8G4wEGGkZwyTDt1v",
  "tokenIds": [
    "EPjFWdd5AufqSSqeM2qN1xzybapC8G4wEGGkZwyTDt1v",
    "4pk3pf9nJDN1im1kNwWJN1ThjE8pCYCTexXYGyFjqKVf"
  ],
  "tokens": {
    "EPjFWdd5AufqSSqeM2qN1xzybapC8G4wEGGkZwyTDt1v": {
      "chainId": 101,
      "address": "EPjFWdd5AufqSSqeM2qN1xzybapC8G4wEGGkZwyTDt1v",
      "symbol": "USDC",
      "name": "USD Coin",
      "decimals": 6,
      "logoURI": "https://raw.githubusercontent.com/solana-labs/token-list/main/assets/mainnet/EPjFWdd5AufqSSqeM2qN1xzybapC8G4wEGGkZwyTDt1v/logo.png",
      "tags": [
        "stablecoin"
      ],
      "extensions": {
        "coingeckoId": "usd-coin",
        "serumV3Usdt": "77quYg4MGneUdjgXCunt9GgM1usmrxKY31twEy3WHwcS",
        "website": "https://www.centre.io/"
      },
      "addr": "5NTbAqifonoC4t7qVeBLu29Bonu4J2YbY4Rf686GRvWz",
      "tag": "stablecoin",
      "mint": "EPjFWdd5AufqSSqeM2qN1xzybapC8G4wEGGkZwyTDt1v",
      "scale": 6
    },
    "4pk3pf9nJDN1im1kNwWJN1ThjE8pCYCTexXYGyFjqKVf": {
      "chainId": 101,
      "address": "4pk3pf9nJDN1im1kNwWJN1ThjE8pCYCTexXYGyFjqKVf",
      "symbol": "oDOP",
      "name": "Dominican Pesos",
      "decimals": 9,
      "logoURI": "https://raw.githubusercontent.com/solana-labs/token-list/main/assets/mainnet/4pk3pf9nJDN1im1kNwWJN1ThjE8pCYCTexXYGyFjqKVf/logo.png",
      "tags": [
        "stablecoin"
      ],
      "extensions": {
        "website": "https://Odop.io/"
      },
      "addr": "Ewet4WunF4NsRDGsJfu5DbtTLmmHP2k2r2B1RX84E2Cu",
      "tag": "stablecoin",
      "mint": "4pk3pf9nJDN1im1kNwWJN1ThjE8pCYCTexXYGyFjqKVf",
      "scale": 9
    }
  },
  "target_amp": 100,
  "fee_numerator": 5,
  "fee_denominator": 10000
}