{
  "padding": {
    "type": "Buffer",
    "data": [
      241,
      154,
      109,
      4,
      17,
      177,
      109,
      188
    ]
  },
  "lpTokenFreezeVault": "8ZN6kWY7HtGfhjLfmFLRpayk2urru6nN1LPESL82nN9P",
  "poolMint": "F78Ee5MV54HEB9rPJwaZXuWcSdsx3pWT9mcjxgBZNeru",
  "baseTokenVault": "F2WxK1HgScMYgGdL8cWJfhKSaMsZxZSyKLNkEEdgnDix",
  "baseTokenMint": "7vfCXTUXx5WJV5JADk17DUJ4ksgau7utNKj4b963voxs",
  "quoteTokenVault": "7oHZg7D8DPx1AKudRW4yDBUXe6m9xFhdVwCKFHDvoSab",
  "quoteTokenMint": "EPjFWdd5AufqSSqeM2qN1xzybapC8G4wEGGkZwyTDt1v",
  "poolSigner": "BVivR7vyaSAhvS4pXhGx3vrMATi3qSxvHe6cDqwCciPp",
  "poolSignerNonce": 255,
  "authority": "BqSGA2WdiQXA2cC1EdGDnVD615A4nYEAq49K3fz2hNBo",
  "initializerAccount": "GLfSX4YtaFXQrH9S87i1HuwxhX5UtznUvsWyEXvzWzpY",
  "feeBaseAccount": "4keeZp6jvc8aBFQF9RoRKtNcdi6qTCj55FW35Zdf4jTL",
  "feeQuoteAccount": "JARwKkxWnhEQ3EVwpGvkyjGP6JHS5PdZiKaziKAQtfEy",
  "feePoolTokenAccount": "8KPrQfriZutYJCSaSP1yqxa8MZctQf2gb2CtKHmtWVmz",
  "fees": {
    "tradeFeeNumerator": 20,
    "tradeFeeDenominator": 10000,
    "ownerTradeFeeNumerator": 10,
    "ownerTradeFeeDenominator": 10000,
    "ownerWithdrawFeeNumerator": 0,
    "ownerWithdrawFeeDenominator": 0
  },
  "curveType": 0,
  "curve": "CnEgPhGG6d8CuH6iMbcNvGsF57CQjPay8uWRqhyNmjNn",
  "poolPublicKey": "2abEh3XV8HGaa2cB61uZKCttCmLWRWujPhvZdLac1b7H",
  "poolVersion": 2,
  "provider": "aldrin",
  "other": "EPjFWdd5AufqSSqeM2qN1xzybapC8G4wEGGkZwyTDt1v",
  "tokenIds": [
    "7vfCXTUXx5WJV5JADk17DUJ4ksgau7utNKj4b963voxs",
    "EPjFWdd5AufqSSqeM2qN1xzybapC8G4wEGGkZwyTDt1v"
  ],
  "tokens": {
    "7vfCXTUXx5WJV5JADk17DUJ4ksgau7utNKj4b963voxs": {
      "chainId": 101,
      "address": "7vfCXTUXx5WJV5JADk17DUJ4ksgau7utNKj4b963voxs",
      "symbol": "ETH",
      "name": "Ether (Portal)",
      "decimals": 8,
      "logoURI": "https://raw.githubusercontent.com/solana-labs/token-list/main/assets/mainnet/7vfCXTUXx5WJV5JADk17DUJ4ksgau7utNKj4b963voxs/logo.png",
      "tags": [
        "wrapped",
        "wormhole"
      ],
      "extensions": {
        "address": "0xc02aaa39b223fe8d0a0e5c4f27ead9083c756cc2",
        "assetContract": "https://etherscan.io/address/0xc02aaa39b223fe8d0a0e5c4f27ead9083c756cc2",
        "bridgeContract": "https://etherscan.io/address/0x3ee18B2214AFF97000D974cf647E7C347E8fa585",
        "coingeckoId": "ethereum",
        "serumV3Usdc": "8Gmi2HhZmwQPVdCwzS7CM66MGstMXPcTVHA7jF19cLZz",
        "serumV3Usdt": "ch7kmPrtoQUSEPBggcNAvLGiMQkJagVwd3gDYfd8m7Q"
      },
      "addr": "F2WxK1HgScMYgGdL8cWJfhKSaMsZxZSyKLNkEEdgnDix",
      "tag": "wrapped,wormhole",
      "mint": "7vfCXTUXx5WJV5JADk17DUJ4ksgau7utNKj4b963voxs",
      "scale": 8
    },
    "EPjFWdd5AufqSSqeM2qN1xzybapC8G4wEGGkZwyTDt1v": {
      "chainId": 101,
      "address": "EPjFWdd5AufqSSqeM2qN1xzybapC8G4wEGGkZwyTDt1v",
      "symbol": "USDC",
      "name": "USD Coin",
      "decimals": 6,
      "logoURI": "https://raw.githubusercontent.com/solana-labs/token-list/main/assets/mainnet/EPjFWdd5AufqSSqeM2qN1xzybapC8G4wEGGkZwyTDt1v/logo.png",
      "tags": [
        "stablecoin"
      ],
      "extensions": {
        "coingeckoId": "usd-coin",
        "serumV3Usdt": "77quYg4MGneUdjgXCunt9GgM1usmrxKY31twEy3WHwcS",
        "website": "https://www.centre.io/"
      },
      "addr": "7oHZg7D8DPx1AKudRW4yDBUXe6m9xFhdVwCKFHDvoSab",
      "tag": "stablecoin",
      "mint": "EPjFWdd5AufqSSqeM2qN1xzybapC8G4wEGGkZwyTDt1v",
      "scale": 6
    }
  },
  "target_amp": 100,
  "fee_numerator": 5,
  "fee_denominator": 10000
}