{
  "padding": {
    "type": "Buffer",
    "data": [
      241,
      154,
      109,
      4,
      17,
      177,
      109,
      188
    ]
  },
  "lpTokenFreezeVault": "B3BfTufHYu6kXU1tzJrmo3iqSs4AuLua2jx3fDEwnscb",
  "poolMint": "FKQX91BgH633Ww72Jpeq2g11MC3MTP97k4Nd2bk2W2Vn",
  "baseTokenVault": "6hEZrVBkpNt7xCZCFquDNcammi4hy5TDLrsDcnZP53zv",
  "baseTokenMint": "AymKzSDznoLT7Vhsb4wSRnCj1gjcG3zkgYFY8fxsHHer",
  "quoteTokenVault": "4C9gL7KJkriRR3UqRLgZMJ2R4MR9A3qLJ8LBDwdNzGae",
  "quoteTokenMint": "EPjFWdd5AufqSSqeM2qN1xzybapC8G4wEGGkZwyTDt1v",
  "poolSigner": "EZxhM27okKnE1nGuzByhbU34cFpYB5TNCm367qLqJokU",
  "poolSignerNonce": 255,
  "authority": "BqSGA2WdiQXA2cC1EdGDnVD615A4nYEAq49K3fz2hNBo",
  "initializerAccount": "WHiTERKtMPxry2ASjqESdMCPyRz2DTzjxuUdtRLGssY",
  "feeBaseAccount": "2WJAu2tkJAiQYy4RLkhTr7Tdo656n7Achcw432DHc4B2",
  "feeQuoteAccount": "2Xdih1hK2vUKa3ekKfamY7eYv5pYrCLqCqzdeezmYRKd",
  "feePoolTokenAccount": "4yyu1zUQGb3dDcjDVDQGoYJUtMcsSfLHPZmRziSBF41T",
  "fees": {
    "tradeFeeNumerator": 20,
    "tradeFeeDenominator": 10000,
    "ownerTradeFeeNumerator": 10,
    "ownerTradeFeeDenominator": 10000,
    "ownerWithdrawFeeNumerator": 0,
    "ownerWithdrawFeeDenominator": 0
  },
  "curveType": 0,
  "curve": "BEB9isDBZuAR53yy3Ycpi5evm3YP3wZhNfDPxqKot2Qu",
  "poolPublicKey": "AFu6fk1de2XbmvS16m3E2zA1zANR6Zwg9TBDmo8xDpDu",
  "poolVersion": 2,
  "provider": "aldrin",
  "other": "EPjFWdd5AufqSSqeM2qN1xzybapC8G4wEGGkZwyTDt1v",
  "tokenIds": [
    "AymKzSDznoLT7Vhsb4wSRnCj1gjcG3zkgYFY8fxsHHer",
    "EPjFWdd5AufqSSqeM2qN1xzybapC8G4wEGGkZwyTDt1v"
  ],
  "tokens": {
    "AymKzSDznoLT7Vhsb4wSRnCj1gjcG3zkgYFY8fxsHHer": {
      "chainId": 101,
      "address": "AymKzSDznoLT7Vhsb4wSRnCj1gjcG3zkgYFY8fxsHHer",
      "symbol": "TICKET",
      "name": "The Ticket Finance",
      "decimals": 8,
      "logoURI": "https://raw.githubusercontent.com/solana-labs/token-list/main/assets/mainnet/AymKzSDznoLT7Vhsb4wSRnCj1gjcG3zkgYFY8fxsHHer/logo.png",
      "tags": [
        "launchpad",
        "dex",
        "defi",
        "exchange",
        "utility-token"
      ],
      "extensions": {
        "serumV3Usdc": "HBfdGEMeQQpGogC3Li4uhRqZxGZAVLM9zimt31vdtSdA",
        "telegram": "https://t.me/theticketfinance",
        "twitter": "https://twitter.com/TheTicketSol",
        "website": "https://theticket.finance"
      },
      "addr": "6hEZrVBkpNt7xCZCFquDNcammi4hy5TDLrsDcnZP53zv",
      "tag": "launchpad,dex,defi,exchange,utility-token",
      "mint": "AymKzSDznoLT7Vhsb4wSRnCj1gjcG3zkgYFY8fxsHHer",
      "scale": 8
    },
    "EPjFWdd5AufqSSqeM2qN1xzybapC8G4wEGGkZwyTDt1v": {
      "chainId": 101,
      "address": "EPjFWdd5AufqSSqeM2qN1xzybapC8G4wEGGkZwyTDt1v",
      "symbol": "USDC",
      "name": "USD Coin",
      "decimals": 6,
      "logoURI": "https://raw.githubusercontent.com/solana-labs/token-list/main/assets/mainnet/EPjFWdd5AufqSSqeM2qN1xzybapC8G4wEGGkZwyTDt1v/logo.png",
      "tags": [
        "stablecoin"
      ],
      "extensions": {
        "coingeckoId": "usd-coin",
        "serumV3Usdt": "77quYg4MGneUdjgXCunt9GgM1usmrxKY31twEy3WHwcS",
        "website": "https://www.centre.io/"
      },
      "addr": "4C9gL7KJkriRR3UqRLgZMJ2R4MR9A3qLJ8LBDwdNzGae",
      "tag": "stablecoin",
      "mint": "EPjFWdd5AufqSSqeM2qN1xzybapC8G4wEGGkZwyTDt1v",
      "scale": 6
    }
  },
  "target_amp": 100,
  "fee_numerator": 5,
  "fee_denominator": 10000
}