{
  "padding": {
    "type": "Buffer",
    "data": [
      241,
      154,
      109,
      4,
      17,
      177,
      109,
      188
    ]
  },
  "lpTokenFreezeVault": "5RJE2DQqxZr3P3AVBgCThhfuibCC2YoLPZ8BQwes116M",
  "poolMint": "GvW29kQYBbddNfBagwK3qEdS8d7LfscwykPhsvsQ6UDT",
  "baseTokenVault": "7VmxpHQ9spiYUwmoUavEBigK6CX1gmpPMUyKSwQ7STAY",
  "baseTokenMint": "4bwMPPipiPafcxxtSBPMUgCkv8hF4xAyWsUzxr3DLYPZ",
  "quoteTokenVault": "ADhZFuAbeBLq6Fqd1spRQDnHavCXcLSZJN6uoNzmvPma",
  "quoteTokenMint": "4k3Dyjzvzp8eMZWUXbBCjEvwSkkk59S5iCNLY3QrkX6R",
  "poolSigner": "7RjwgRefNqRMhdEzi6JmnFL9NRWVJppk2NLK8747cfyF",
  "poolSignerNonce": 251,
  "authority": "BqSGA2WdiQXA2cC1EdGDnVD615A4nYEAq49K3fz2hNBo",
  "initializerAccount": "GLfSX4YtaFXQrH9S87i1HuwxhX5UtznUvsWyEXvzWzpY",
  "feeBaseAccount": "6oqbLmvqsEoNczoF1Kvk8VygW4bmmUToTKwwt2rq2ykv",
  "feeQuoteAccount": "FFivJEXeZz3s33DtCScYeF43bWmC6UaUn8873bbaYePn",
  "feePoolTokenAccount": "Eg2ArvpzLMoCQNLFSqzq1DhYEVnpyUsH1CDxjW7TAkXk",
  "fees": {
    "tradeFeeNumerator": 20,
    "tradeFeeDenominator": 10000,
    "ownerTradeFeeNumerator": 10,
    "ownerTradeFeeDenominator": 10000,
    "ownerWithdrawFeeNumerator": 0,
    "ownerWithdrawFeeDenominator": 0
  },
  "curveType": 0,
  "curve": "HJeYXt8FgzW1vDFQFRmsAeLAhDdgDg85SMNqBj3qxWX1",
  "poolPublicKey": "4L8GyYWKpdvtv9H7HtSSgUAAnH8bNEvq4ny7GsWdP2xk",
  "poolVersion": 2,
  "provider": "aldrin",
  "other": "4k3Dyjzvzp8eMZWUXbBCjEvwSkkk59S5iCNLY3QrkX6R",
  "tokenIds": [
    "4bwMPPipiPafcxxtSBPMUgCkv8hF4xAyWsUzxr3DLYPZ",
    "4k3Dyjzvzp8eMZWUXbBCjEvwSkkk59S5iCNLY3QrkX6R"
  ],
  "tokens": {
    "4bwMPPipiPafcxxtSBPMUgCkv8hF4xAyWsUzxr3DLYPZ": {
      "chainId": 101,
      "address": "4bwMPPipiPafcxxtSBPMUgCkv8hF4xAyWsUzxr3DLYPZ",
      "symbol": "DISK",
      "name": "FloppyLabs token",
      "decimals": 9,
      "logoURI": "https://raw.githubusercontent.com/floppy-labs/disk-logo/master/disk_logo.png",
      "tags": [
        "utility-token"
      ],
      "addr": "7VmxpHQ9spiYUwmoUavEBigK6CX1gmpPMUyKSwQ7STAY",
      "tag": "utility-token",
      "mint": "4bwMPPipiPafcxxtSBPMUgCkv8hF4xAyWsUzxr3DLYPZ",
      "scale": 9
    },
    "4k3Dyjzvzp8eMZWUXbBCjEvwSkkk59S5iCNLY3QrkX6R": {
      "chainId": 101,
      "address": "4k3Dyjzvzp8eMZWUXbBCjEvwSkkk59S5iCNLY3QrkX6R",
      "symbol": "RAY",
      "name": "Raydium",
      "decimals": 6,
      "logoURI": "https://raw.githubusercontent.com/solana-labs/token-list/main/assets/mainnet/4k3Dyjzvzp8eMZWUXbBCjEvwSkkk59S5iCNLY3QrkX6R/logo.png",
      "extensions": {
        "coingeckoId": "raydium",
        "serumV3Usdc": "2xiv8A5xrJ7RnGdxXB42uFEkYHJjszEhaJyKKt4WaLep",
        "serumV3Usdt": "teE55QrL4a4QSfydR9dnHF97jgCfptpuigbb53Lo95g",
        "waterfallbot": "https://bit.ly/RAYwaterfall",
        "website": "https://raydium.io/"
      },
      "addr": "ADhZFuAbeBLq6Fqd1spRQDnHavCXcLSZJN6uoNzmvPma",
      "tag": "",
      "mint": "4k3Dyjzvzp8eMZWUXbBCjEvwSkkk59S5iCNLY3QrkX6R",
      "scale": 6
    }
  },
  "target_amp": 100,
  "fee_numerator": 5,
  "fee_denominator": 10000
}