{
  "padding": {
    "type": "Buffer",
    "data": [
      241,
      154,
      109,
      4,
      17,
      177,
      109,
      188
    ]
  },
  "lpTokenFreezeVault": "BarJuYsX6xbMuyhB56MXL2mnyy9S34awrQZSNAAZ2NSX",
  "poolMint": "HyAjqYjZygFd3byvmTzhCM1W8BicxqJwrPsJ9Sn6Qnwp",
  "baseTokenVault": "9QLj5Q833zXM5HmikhkHhekSK3qd8y17NdpEnDcWknmy",
  "baseTokenMint": "So11111111111111111111111111111111111111112",
  "quoteTokenVault": "4ejnD9LzoytVMTBAhWYK3RUmtWJuuicWpjfMpUws8Qey",
  "quoteTokenMint": "6wcWAqCEmxQkEK6hPEsyvTpiaFFCENww6gxqMTq8YBHE",
  "poolSigner": "zyyQckCNw3TRyEnbWF1CtKeqrzJ2dyqjkFuZHF1RH2h",
  "poolSignerNonce": 254,
  "authority": "BqSGA2WdiQXA2cC1EdGDnVD615A4nYEAq49K3fz2hNBo",
  "initializerAccount": "B79Cd45nHcwcfbLM8AVyAbUUB75fLxxBiWQyZrtb2qbu",
  "feeBaseAccount": "9hqMk4y1dsxoP1RDKdxkGSFFQCW8M6CK4wRVkEgpz7t3",
  "feeQuoteAccount": "AkqMzmoEFrMAVRA6C6LfC24xuJEzCpcEroMNt4EhFtMK",
  "feePoolTokenAccount": "BXDTpMB6K7maCYJpvAcPW9k5vNGN2BZe2TxFF9v5vQyH",
  "fees": {
    "tradeFeeNumerator": 20,
    "tradeFeeDenominator": 10000,
    "ownerTradeFeeNumerator": 10,
    "ownerTradeFeeDenominator": 10000,
    "ownerWithdrawFeeNumerator": 0,
    "ownerWithdrawFeeDenominator": 0
  },
  "curveType": 0,
  "curve": "8RpLi9kxzx6rBXVRL2yWkfr6HfCgF4VgWsYX8rCtaJVz",
  "poolPublicKey": "J6Nt7Bu1XkLkbnELRURqGzXku3r7vYSU22CaHbJydtxy",
  "poolVersion": 2,
  "provider": "aldrin",
  "other": "So11111111111111111111111111111111111111112",
  "tokenIds": [
    "So11111111111111111111111111111111111111112",
    "6wcWAqCEmxQkEK6hPEsyvTpiaFFCENww6gxqMTq8YBHE"
  ],
  "tokens": {
    "So11111111111111111111111111111111111111112": {
      "chainId": 102,
      "address": "So11111111111111111111111111111111111111112",
      "symbol": "wSOL",
      "name": "Wrapped SOL",
      "decimals": 9,
      "logoURI": "https://raw.githubusercontent.com/solana-labs/token-list/main/assets/mainnet/So11111111111111111111111111111111111111112/logo.png",
      "extensions": {
        "coingeckoId": "solana",
        "website": "https://www.solana.com/"
      },
      "addr": "9QLj5Q833zXM5HmikhkHhekSK3qd8y17NdpEnDcWknmy",
      "tag": "",
      "mint": "So11111111111111111111111111111111111111112",
      "scale": 9
    },
    "6wcWAqCEmxQkEK6hPEsyvTpiaFFCENww6gxqMTq8YBHE": {
      "chainId": 101,
      "address": "6wcWAqCEmxQkEK6hPEsyvTpiaFFCENww6gxqMTq8YBHE",
      "symbol": "TTST",
      "name": "T&T Socialist Party Token",
      "decimals": 9,
      "logoURI": "https://raw.githubusercontent.com/xxmafiaxxx/doobietokens/main/TTSP.png",
      "extensions": {
        "description": "Trinidad and Tobago Socialist Party Crypto Token",
        "instagram": "https://www.instagram.com/socialismtnt/"
      },
      "addr": "4ejnD9LzoytVMTBAhWYK3RUmtWJuuicWpjfMpUws8Qey",
      "tag": "",
      "mint": "6wcWAqCEmxQkEK6hPEsyvTpiaFFCENww6gxqMTq8YBHE",
      "scale": 9
    }
  },
  "target_amp": 100,
  "fee_numerator": 5,
  "fee_denominator": 10000
}