{
  "tokenX": "Ao94rg8D6oK2TAq3nm8YEQxfS73vZ2GWYw2AKaUihDEY",
  "tokenY": "EPjFWdd5AufqSSqeM2qN1xzybapC8G4wEGGkZwyTDt1v",
  "poolXAccount": "JDqy1eRQJmT1Ku2r3GNcFWcavegquDAYWmWgDBJeybMG",
  "poolYAccount": "2XBLstNUSQXLLZHfqemor4zr6k96S4xTBMH2gmrw1b6n",
  "admin": "MaPoNRu6RgbTkE978RYGuaXKobsciLLTDdgL6juqh68",
  "projectOwner": "MaPoNRu6RgbTkE978RYGuaXKobsciLLTDdgL6juqh68",
  "tokenXReserve": {
    "v": "0685c4d624d3"
  },
  "tokenYReserve": {
    "v": "0106ff7a"
  },
  "selfShares": {
    "v": "056ac9be"
  },
  "allShares": {
    "v": "0296ac746f"
  },
  "buybackAmountX": {
    "v": "40263f49"
  },
  "buybackAmountY": {
    "v": "049f"
  },
  "projectAmountX": {
    "v": "2817e78e"
  },
  "projectAmountY": {
    "v": "02e4"
  },
  "mercantiAmountX": {
    "v": "00"
  },
  "mercantiAmountY": {
    "v": "00"
  },
  "lpAccumulatorX": {
    "v": "55ddedc36341"
  },
  "lpAccumulatorY": {
    "v": "ac20742d"
  },
  "constK": {
    "v": "06b369cdfaccadb98e"
  },
  "price": {
    "v": "24ac10"
  },
  "lpFee": {
    "v": "9502f900"
  },
  "buybackFee": {
    "v": "2faf0800"
  },
  "projectFee": {
    "v": "1dcd6500"
  },
  "mercantiFee": {
    "v": "0bebc200"
  },
  "farmCount": "13",
  "bump": 253
}