{
  "tokenX": "G67DtH2J5F1RbdJSSr1hKVe1yinPRb5x2XZs8yFXUJgo",
  "tokenY": "EPjFWdd5AufqSSqeM2qN1xzybapC8G4wEGGkZwyTDt1v",
  "poolXAccount": "ErWcQzrqc3Q4yqoacecm31ozSWSbRGi4YjXy9rsn63js",
  "poolYAccount": "EVU2GrhLLvhtYNJpJKVRqCkxDm8HoNU1NpPeYEpb66ar",
  "admin": "MaPoNRu6RgbTkE978RYGuaXKobsciLLTDdgL6juqh68",
  "projectOwner": "MaPoNRu6RgbTkE978RYGuaXKobsciLLTDdgL6juqh68",
  "tokenXReserve": {
    "v": "60e6dc2678"
  },
  "tokenYReserve": {
    "v": "012091f043"
  },
  "selfShares": {
    "v": "01bf"
  },
  "allShares": {
    "v": "0a738a592b"
  },
  "buybackAmountX": {
    "v": "0138138d"
  },
  "buybackAmountY": {
    "v": "7e9b"
  },
  "projectAmountX": {
    "v": "9c09c7"
  },
  "projectAmountY": {
    "v": "3f4f"
  },
  "mercantiAmountX": {
    "v": "00"
  },
  "mercantiAmountY": {
    "v": "00"
  },
  "lpAccumulatorX": {
    "v": "2949626f9c"
  },
  "lpAccumulatorY": {
    "v": "026247f98c"
  },
  "constK": {
    "v": "6d3af55fc399a69168"
  },
  "price": {
    "v": "02b55c7e1c"
  },
  "lpFee": {
    "v": "044eaf9900"
  },
  "buybackFee": {
    "v": "3b9aca00"
  },
  "projectFee": {
    "v": "1dcd6500"
  },
  "mercantiFee": {
    "v": "00"
  },
  "farmCount": "00",
  "bump": 255
}