{
  "tokenX": "USDH1SM1ojwWUga67PGrgFWUHibbjqMvuMaDkRJTgkX",
  "tokenY": "EPjFWdd5AufqSSqeM2qN1xzybapC8G4wEGGkZwyTDt1v",
  "poolXAccount": "BE4hySYfN8ry4VacHGviMKaWy9cFzaFf75eCRXguzfJY",
  "poolYAccount": "3J87wXzC4cPzN5VpAyoB6GrdWqCTBfHR5tefKQwjxVLN",
  "admin": "MaPoNRu6RgbTkE978RYGuaXKobsciLLTDdgL6juqh68",
  "projectOwner": "MaPoNRu6RgbTkE978RYGuaXKobsciLLTDdgL6juqh68",
  "tokenXReserve": {
    "v": "794fb79f"
  },
  "tokenYReserve": {
    "v": "78bbeac9"
  },
  "selfShares": {
    "v": "0f4240"
  },
  "allShares": {
    "v": "7905ba98"
  },
  "buybackAmountX": {
    "v": "00"
  },
  "buybackAmountY": {
    "v": "0fd2"
  },
  "projectAmountX": {
    "v": "00"
  },
  "projectAmountY": {
    "v": "00"
  },
  "mercantiAmountX": {
    "v": "00"
  },
  "mercantiAmountY": {
    "v": "00"
  },
  "lpAccumulatorX": {
    "v": "202a46eb"
  },
  "lpAccumulatorY": {
    "v": "20669e5e"
  },
  "constK": {
    "v": "39366a8fc69381d7"
  },
  "price": {
    "v": "e7b8f98bd5"
  },
  "lpFee": {
    "v": "9502f900"
  },
  "buybackFee": {
    "v": "4d7c6d00"
  },
  "projectFee": {
    "v": "00"
  },
  "mercantiFee": {
    "v": "0bebc200"
  },
  "farmCount": "14",
  "bump": 255
}