{
  "tokenX": "5zrskpWuxLzumWtUGDPcAMwTrGuZbP45iig6QBZ1DTaM",
  "tokenY": "EPjFWdd5AufqSSqeM2qN1xzybapC8G4wEGGkZwyTDt1v",
  "poolXAccount": "CsjhwgHPuaZpBsxJZ9hyDNSascPGamoUMdD6VDhM4o7p",
  "poolYAccount": "CuNwVAjq9XkKQqvpcarETQAQSq6j1kdPDVmsLsy8NqNV",
  "admin": "MaPoNRu6RgbTkE978RYGuaXKobsciLLTDdgL6juqh68",
  "projectOwner": "MaPoNRu6RgbTkE978RYGuaXKobsciLLTDdgL6juqh68",
  "tokenXReserve": {
    "v": "01493e23b70c"
  },
  "tokenYReserve": {
    "v": "5427b9"
  },
  "selfShares": {
    "v": "221ea3"
  },
  "allShares": {
    "v": "a6749d2e"
  },
  "buybackAmountX": {
    "v": "00"
  },
  "buybackAmountY": {
    "v": "00"
  },
  "projectAmountX": {
    "v": "00"
  },
  "projectAmountY": {
    "v": "00"
  },
  "mercantiAmountX": {
    "v": "00"
  },
  "mercantiAmountY": {
    "v": "00"
  },
  "lpAccumulatorX": {
    "v": "074b298fa0f2"
  },
  "lpAccumulatorY": {
    "v": "01647caf"
  },
  "constK": {
    "v": "6c3b7a1d68a21bac"
  },
  "price": {
    "v": "3b8314"
  },
  "lpFee": {
    "v": "9502f900"
  },
  "buybackFee": {
    "v": "2faf0800"
  },
  "projectFee": {
    "v": "1dcd6500"
  },
  "mercantiFee": {
    "v": "0bebc200"
  },
  "farmCount": "09",
  "bump": 252
}