{
  "tokenX": "mSoLzYCxHdYgdzU16g5QSh3i5K3z3KZK7ytfqcJm7So",
  "tokenY": "So11111111111111111111111111111111111111112",
  "poolXAccount": "6CM3bhEFssLTcuGWbQwwKe4YvMF5n61nbuYXZxW5n8yB",
  "poolYAccount": "4tJd1vdzLzeBcbaNivPq5CMF649uumjJGqx7YxQitFuY",
  "admin": "MaPoNRu6RgbTkE978RYGuaXKobsciLLTDdgL6juqh68",
  "projectOwner": "MaPoNRu6RgbTkE978RYGuaXKobsciLLTDdgL6juqh68",
  "tokenXReserve": {
    "v": "2818004e26"
  },
  "tokenYReserve": {
    "v": "2dd2b58424"
  },
  "selfShares": {
    "v": "93b404"
  },
  "allShares": {
    "v": "2adce04c8c"
  },
  "buybackAmountX": {
    "v": "00"
  },
  "buybackAmountY": {
    "v": "00"
  },
  "projectAmountX": {
    "v": "00"
  },
  "projectAmountY": {
    "v": "00"
  },
  "mercantiAmountX": {
    "v": "00"
  },
  "mercantiAmountY": {
    "v": "00"
  },
  "lpAccumulatorX": {
    "v": "2f1b6265"
  },
  "lpAccumulatorY": {
    "v": "2d68ba82"
  },
  "constK": {
    "v": "072d382ba703f5349558"
  },
  "price": {
    "v": "010a1a0b62d6"
  },
  "lpFee": {
    "v": "9502f900"
  },
  "buybackFee": {
    "v": "4d7c6d00"
  },
  "projectFee": {
    "v": "00"
  },
  "mercantiFee": {
    "v": "0bebc200"
  },
  "farmCount": "12",
  "bump": 255
}