{
  "tokenX": "3F9MVEwf5AhYMPZ2AtpDKYNPHKq3DNcty38JSkKrEUEr",
  "tokenY": "EPjFWdd5AufqSSqeM2qN1xzybapC8G4wEGGkZwyTDt1v",
  "poolXAccount": "4WMU3oZJfVsiawHDm95WwVA3CAQaajsyou8nyrJgK5ML",
  "poolYAccount": "Gxam9dAHEfrgddp7hQTq3rpNXuuyfG3Xub4gJoh9qaKP",
  "admin": "MaPoNRu6RgbTkE978RYGuaXKobsciLLTDdgL6juqh68",
  "projectOwner": "MaPoNRu6RgbTkE978RYGuaXKobsciLLTDdgL6juqh68",
  "tokenXReserve": {
    "v": "027c54"
  },
  "tokenYReserve": {
    "v": "34f823"
  },
  "selfShares": {
    "v": "1f"
  },
  "allShares": {
    "v": "0b7970"
  },
  "buybackAmountX": {
    "v": "00"
  },
  "buybackAmountY": {
    "v": "00"
  },
  "projectAmountX": {
    "v": "00"
  },
  "projectAmountY": {
    "v": "00"
  },
  "mercantiAmountX": {
    "v": "00"
  },
  "mercantiAmountY": {
    "v": "00"
  },
  "lpAccumulatorX": {
    "v": "2c758a78"
  },
  "lpAccumulatorY": {
    "v": "018c79841f"
  },
  "constK": {
    "v": "83a9d85f7c"
  },
  "price": {
    "v": "13619d843e42"
  },
  "lpFee": {
    "v": "9502f900"
  },
  "buybackFee": {
    "v": "2faf0800"
  },
  "projectFee": {
    "v": "1dcd6500"
  },
  "mercantiFee": {
    "v": "0bebc200"
  },
  "farmCount": "02",
  "bump": 251
}