{
  "tokenX": "MarcoPaG4dV4qit3ZPGPFm4qt4KKNBKvAsm2rPGNF72",
  "tokenY": "So11111111111111111111111111111111111111112",
  "poolXAccount": "ApJSMJE72vN4jZuRenM7G8fdnFhUskTeKhNrsSwNsTX7",
  "poolYAccount": "JBT1hDw6Fig5VXPKd1AYkX2LxwcRjW3KTaxu2v5Jh7U8",
  "admin": "MaPoNRu6RgbTkE978RYGuaXKobsciLLTDdgL6juqh68",
  "projectOwner": "MaPoNRu6RgbTkE978RYGuaXKobsciLLTDdgL6juqh68",
  "tokenXReserve": {
    "v": "d9361d51ab"
  },
  "tokenYReserve": {
    "v": "02a730df74"
  },
  "selfShares": {
    "v": "12b028"
  },
  "allShares": {
    "v": "18017fd8e9"
  },
  "buybackAmountX": {
    "v": "150ef836"
  },
  "buybackAmountY": {
    "v": "3946ac"
  },
  "projectAmountX": {
    "v": "00"
  },
  "projectAmountY": {
    "v": "00"
  },
  "mercantiAmountX": {
    "v": "00"
  },
  "mercantiAmountY": {
    "v": "00"
  },
  "lpAccumulatorX": {
    "v": "131cff8d19"
  },
  "lpAccumulatorY": {
    "v": "048e3b23a1"
  },
  "constK": {
    "v": "024047ff81abec7cf67c"
  },
  "price": {
    "v": "02d807bdce"
  },
  "lpFee": {
    "v": "9502f900"
  },
  "buybackFee": {
    "v": "4d7c6d00"
  },
  "projectFee": {
    "v": "00"
  },
  "mercantiFee": {
    "v": "0bebc200"
  },
  "farmCount": "0a",
  "bump": 255
}