{
  "padding": {
    "type": "Buffer",
    "data": [
      241,
      154,
      109,
      4,
      17,
      177,
      109,
      188
    ]
  },
  "lpTokenFreezeVault": "GGwD7VN4ZingVCwJwy7L68Y2mR485FzqprAqsxVngBQx",
  "poolMint": "2m9ZT6smigrmNKxSRe7to6HnYGMYTztsDiuoJM4k336j",
  "baseTokenVault": "CEKPRyrkVsBvSZB6yG7snybYA86HUMxYhA2SAhnMPYZJ",
  "baseTokenMint": "7dHbWXmci3dT8UFYWYZweBLXgycu7Y3iL6trKn1Y7ARj",
  "quoteTokenVault": "CouyQhExzB5x7UpL5bGCPGTfcbHmx4TfqMBSdcLseacb",
  "quoteTokenMint": "Es9vMFrzaCERmJfrF4H2FYD4KCoNkY11McCe8BenwNYB",
  "poolSigner": "2oRtLButwSW3cLNdF8Lha7vZ7jkPjAW2Tioqp9nVMA2b",
  "poolSignerNonce": 254,
  "authority": "BqSGA2WdiQXA2cC1EdGDnVD615A4nYEAq49K3fz2hNBo",
  "initializerAccount": "BqSGA2WdiQXA2cC1EdGDnVD615A4nYEAq49K3fz2hNBo",
  "feeBaseAccount": "5qc1kF495SXcJ7JcYtiTwpohD7vextyYsyDwLt8GbRqM",
  "feeQuoteAccount": "J98huqSVQKgCCorVidfzL5zCdEmrrFyY8K5cNfWwTYC",
  "feePoolTokenAccount": "A7GT4a6qG4F2wF8YHYzKJ9dRccHqyDqY5d1bV18cvLr9",
  "fees": {
    "tradeFeeNumerator": 20,
    "tradeFeeDenominator": 10000,
    "ownerTradeFeeNumerator": 10,
    "ownerTradeFeeDenominator": 10000,
    "ownerWithdrawFeeNumerator": 0,
    "ownerWithdrawFeeDenominator": 0
  },
  "curveType": 0,
  "curve": "4zrddcukxSf55sSuwEUKvcgXyheWb6ZQj4ebQFtsFENx",
  "poolPublicKey": "2BNq1R3wyjHj6BkgDKewW7F4BsAgJoLm2yWUD6tmHq9U",
  "poolVersion": 2,
  "provider": "aldrin",
  "other": "Es9vMFrzaCERmJfrF4H2FYD4KCoNkY11McCe8BenwNYB",
  "tokenIds": [
    "7dHbWXmci3dT8UFYWYZweBLXgycu7Y3iL6trKn1Y7ARj",
    "Es9vMFrzaCERmJfrF4H2FYD4KCoNkY11McCe8BenwNYB"
  ],
  "tokens": {
    "7dHbWXmci3dT8UFYWYZweBLXgycu7Y3iL6trKn1Y7ARj": {
      "chainId": 101,
      "address": "7dHbWXmci3dT8UFYWYZweBLXgycu7Y3iL6trKn1Y7ARj",
      "symbol": "stSOL",
      "name": "Lido Staked SOL",
      "decimals": 9,
      "logoURI": "https://raw.githubusercontent.com/solana-labs/token-list/main/assets/mainnet/7dHbWXmci3dT8UFYWYZweBLXgycu7Y3iL6trKn1Y7ARj/logo.png",
      "extensions": {
        "coingeckoId": "lido-staked-sol",
        "coinmarketcap": "https://coinmarketcap.com/currencies/lido-for-solana/",
        "discord": "https://discord.gg/w9pXXgQPu8",
        "github": "https://github.com/ChorusOne/solido",
        "serumV3Usdc": "5F7LGsP1LPtaRV7vVKgxwNYX4Vf22xvuzyXjyar7jJqp",
        "twitter": "https://twitter.com/LidoFinance",
        "website": "https://solana.lido.fi/"
      },
      "addr": "CEKPRyrkVsBvSZB6yG7snybYA86HUMxYhA2SAhnMPYZJ",
      "tag": "",
      "mint": "7dHbWXmci3dT8UFYWYZweBLXgycu7Y3iL6trKn1Y7ARj",
      "scale": 9
    },
    "Es9vMFrzaCERmJfrF4H2FYD4KCoNkY11McCe8BenwNYB": {
      "chainId": 101,
      "address": "Es9vMFrzaCERmJfrF4H2FYD4KCoNkY11McCe8BenwNYB",
      "symbol": "USDT",
      "name": "USDT",
      "decimals": 6,
      "logoURI": "https://raw.githubusercontent.com/solana-labs/token-list/main/assets/mainnet/Es9vMFrzaCERmJfrF4H2FYD4KCoNkY11McCe8BenwNYB/logo.svg",
      "tags": [
        "stablecoin"
      ],
      "extensions": {
        "coingeckoId": "tether",
        "serumV3Usdc": "77quYg4MGneUdjgXCunt9GgM1usmrxKY31twEy3WHwcS",
        "website": "https://tether.to/"
      },
      "addr": "CouyQhExzB5x7UpL5bGCPGTfcbHmx4TfqMBSdcLseacb",
      "tag": "stablecoin",
      "mint": "Es9vMFrzaCERmJfrF4H2FYD4KCoNkY11McCe8BenwNYB",
      "scale": 6
    }
  },
  "target_amp": 100,
  "fee_numerator": 5,
  "fee_denominator": 10000
}