{
  "padding": {
    "type": "Buffer",
    "data": [
      241,
      154,
      109,
      4,
      17,
      177,
      109,
      188
    ]
  },
  "lpTokenFreezeVault": "3mQs1JP7QUsViPwCBRKX88bUe8QSWT5ffRdAVcZDNVjg",
  "poolMint": "2RYWtHhuV9sgxAHmLh34kN5BgZbcU182JiuMAvxWLQqa",
  "baseTokenVault": "CEffc4Yf4R1PgeMRBEd41DWsZZ2XJwu3HrpDLAfntVxB",
  "baseTokenMint": "FoRGERiW7odcCBGU1bztZi16osPBHjxharvDathL5eds",
  "quoteTokenVault": "7vLHGFsY2t4NHynGaKEh4tnpZNUAnfjY6LKvvHLixVoe",
  "quoteTokenMint": "So11111111111111111111111111111111111111112",
  "poolSigner": "D7C8WP48xQTJQwsE4YwqfXPWSmUoLNGxMmsjJqiaYXPC",
  "poolSignerNonce": 255,
  "authority": "BqSGA2WdiQXA2cC1EdGDnVD615A4nYEAq49K3fz2hNBo",
  "initializerAccount": "SGhDybhTLDG18JJg1TSsaePb2eXBWg1YcdSCYhtNEFy",
  "feeBaseAccount": "42WM3Lv87LyaThd1MubtB14uKELh6TEtKzGTauEftcuc",
  "feeQuoteAccount": "EanaDYkxToVSACXkKXibHrKn2hwJGYyHCL1HpsvTXLmy",
  "feePoolTokenAccount": "4iDmikXfeYH1oKs2ETxan4YPau7ZY6jwYC5KbCoogK6U",
  "fees": {
    "tradeFeeNumerator": 20,
    "tradeFeeDenominator": 10000,
    "ownerTradeFeeNumerator": 10,
    "ownerTradeFeeDenominator": 10000,
    "ownerWithdrawFeeNumerator": 0,
    "ownerWithdrawFeeDenominator": 0
  },
  "curveType": 0,
  "curve": "H2aSK7MD7ggim1UFaotZtGQ1qZ9GEthSYEBzLsvVAYQw",
  "poolPublicKey": "4UzvvqJ4jPEU5ZGCr5aVCiFMUe4p8Aez6VLSd2FoTTND",
  "poolVersion": 2,
  "provider": "aldrin",
  "other": "So11111111111111111111111111111111111111112",
  "tokenIds": [
    "FoRGERiW7odcCBGU1bztZi16osPBHjxharvDathL5eds",
    "So11111111111111111111111111111111111111112"
  ],
  "tokens": {
    "FoRGERiW7odcCBGU1bztZi16osPBHjxharvDathL5eds": {
      "chainId": 101,
      "address": "FoRGERiW7odcCBGU1bztZi16osPBHjxharvDathL5eds",
      "symbol": "FORGE",
      "name": "FORGE",
      "decimals": 9,
      "logoURI": "https://raw.githubusercontent.com/solana-labs/token-list/main/assets/mainnet/FoRGERiW7odcCBGU1bztZi16osPBHjxharvDathL5eds/logo.png",
      "tags": [
        "NFT",
        "utility-token"
      ],
      "extensions": {
        "discord": "https://discord.gg/blocksmithlabs",
        "twitter": "https://twitter.com/BlocksmithLabs",
        "website": "https://blocksmithlabs.io/"
      },
      "addr": "CEffc4Yf4R1PgeMRBEd41DWsZZ2XJwu3HrpDLAfntVxB",
      "tag": "NFT,utility-token",
      "mint": "FoRGERiW7odcCBGU1bztZi16osPBHjxharvDathL5eds",
      "scale": 9
    },
    "So11111111111111111111111111111111111111112": {
      "chainId": 102,
      "address": "So11111111111111111111111111111111111111112",
      "symbol": "wSOL",
      "name": "Wrapped SOL",
      "decimals": 9,
      "logoURI": "https://raw.githubusercontent.com/solana-labs/token-list/main/assets/mainnet/So11111111111111111111111111111111111111112/logo.png",
      "extensions": {
        "coingeckoId": "solana",
        "website": "https://www.solana.com/"
      },
      "addr": "7vLHGFsY2t4NHynGaKEh4tnpZNUAnfjY6LKvvHLixVoe",
      "tag": "",
      "mint": "So11111111111111111111111111111111111111112",
      "scale": 9
    }
  },
  "target_amp": 100,
  "fee_numerator": 5,
  "fee_denominator": 10000
}