{
  "padding": {
    "type": "Buffer",
    "data": [
      241,
      154,
      109,
      4,
      17,
      177,
      109,
      188
    ]
  },
  "lpTokenFreezeVault": "8MzM4QXQdwWjiK6oS14dCafddtn1G1pr8Eiy8LZjRD2U",
  "poolMint": "2Y19qD53tn85ZAwbsxJeAD1H2DDq4SzzuVjcruiAhri2",
  "baseTokenVault": "BLguJq8QS542PRMCu71zp9LFhMvZzRH2i6xTrVcaxZT2",
  "baseTokenMint": "frtnaScfGPuo56uyPGmij1QTc64SBdjnXC3RXmcVmxw",
  "quoteTokenVault": "A9QhKLed9krPPumn3X6PKXSQAUSy9tkCRCqgc1gvbj7E",
  "quoteTokenMint": "EPjFWdd5AufqSSqeM2qN1xzybapC8G4wEGGkZwyTDt1v",
  "poolSigner": "7as6JQGfrj5zD4ZHVnvC9kKDQrvfYXLVxzQKxjLjB4v9",
  "poolSignerNonce": 255,
  "authority": "BqSGA2WdiQXA2cC1EdGDnVD615A4nYEAq49K3fz2hNBo",
  "initializerAccount": "E8f3kZYCzsxhyYzCw9uJ7oSMsgrt6uKRc3HXp6bLoGSZ",
  "feeBaseAccount": "2PnXSFLW61K4VpZQSQqrTiX426fwhYowckiYFLw9e6sx",
  "feeQuoteAccount": "8DDAW3MTzDSMd8LU5hZZvMuZ1cCvV2nF85pCLTxU51LB",
  "feePoolTokenAccount": "D8bwvJf7W1EASKPEbpwz5T3YtVViD9Cz5p6A6UU7NkmM",
  "fees": {
    "tradeFeeNumerator": 20,
    "tradeFeeDenominator": 10000,
    "ownerTradeFeeNumerator": 10,
    "ownerTradeFeeDenominator": 10000,
    "ownerWithdrawFeeNumerator": 0,
    "ownerWithdrawFeeDenominator": 0
  },
  "curveType": 0,
  "curve": "2cUQrKKE6NBq4r8bgjJ2rfWHoNqTDqDxR2pZfbaYdP2B",
  "poolPublicKey": "7i4q9TYCShD5EkuEz8mis7vnjQ3dCjMUF8XnoG7K5ZTX",
  "poolVersion": 2,
  "provider": "aldrin",
  "other": "EPjFWdd5AufqSSqeM2qN1xzybapC8G4wEGGkZwyTDt1v",
  "tokenIds": [
    "frtnaScfGPuo56uyPGmij1QTc64SBdjnXC3RXmcVmxw",
    "EPjFWdd5AufqSSqeM2qN1xzybapC8G4wEGGkZwyTDt1v"
  ],
  "tokens": {
    "frtnaScfGPuo56uyPGmij1QTc64SBdjnXC3RXmcVmxw": {
      "chainId": 101,
      "address": "frtnaScfGPuo56uyPGmij1QTc64SBdjnXC3RXmcVmxw",
      "symbol": "FRTN",
      "name": "Fortune",
      "decimals": 9,
      "logoURI": "https://raw.githubusercontent.com/cesar128/token-list/3b60aecbb7e2565151a9dc3c2e4dab1a96acb520/assets/mainnet/frtnaScfGPuo56uyPGmij1QTc64SBdjnXC3RXmcVmxw/logo.png",
      "extensions": {
        "coingeckoId": "fortune-finance",
        "discord": "https://discord.gg/fortunefinance",
        "twitter": "https://twitter.com/fortunefinance_",
        "website": "https://fortune.finance/"
      },
      "addr": "BLguJq8QS542PRMCu71zp9LFhMvZzRH2i6xTrVcaxZT2",
      "tag": "",
      "mint": "frtnaScfGPuo56uyPGmij1QTc64SBdjnXC3RXmcVmxw",
      "scale": 9
    },
    "EPjFWdd5AufqSSqeM2qN1xzybapC8G4wEGGkZwyTDt1v": {
      "chainId": 101,
      "address": "EPjFWdd5AufqSSqeM2qN1xzybapC8G4wEGGkZwyTDt1v",
      "symbol": "USDC",
      "name": "USD Coin",
      "decimals": 6,
      "logoURI": "https://raw.githubusercontent.com/solana-labs/token-list/main/assets/mainnet/EPjFWdd5AufqSSqeM2qN1xzybapC8G4wEGGkZwyTDt1v/logo.png",
      "tags": [
        "stablecoin"
      ],
      "extensions": {
        "coingeckoId": "usd-coin",
        "serumV3Usdt": "77quYg4MGneUdjgXCunt9GgM1usmrxKY31twEy3WHwcS",
        "website": "https://www.centre.io/"
      },
      "addr": "A9QhKLed9krPPumn3X6PKXSQAUSy9tkCRCqgc1gvbj7E",
      "tag": "stablecoin",
      "mint": "EPjFWdd5AufqSSqeM2qN1xzybapC8G4wEGGkZwyTDt1v",
      "scale": 6
    }
  },
  "target_amp": 100,
  "fee_numerator": 5,
  "fee_denominator": 10000
}