{
  "padding": {
    "type": "Buffer",
    "data": [
      241,
      154,
      109,
      4,
      17,
      177,
      109,
      188
    ]
  },
  "lpTokenFreezeVault": "77ABumjP158cEKasiZtUKLCPLxxZvCxbNmKffNg1vGzN",
  "poolMint": "6VwC1TWUWHS7yynhrxc5znNWi3k2bU8m5jgk3tRcFjeR",
  "baseTokenVault": "Bq2SJYhDts5YyRR333CzVncr8Ru6MQBCjQuWEuwA1x2s",
  "baseTokenMint": "2FPyTwcZLUg1MDrwsyoP4D6s1tM7hAkHYRjkNb5w6Pxk",
  "quoteTokenVault": "8QwTtRtsAQNiFoAsFr7WxRkZPHSJCFieEh4QjURsCc7D",
  "quoteTokenMint": "7vfCXTUXx5WJV5JADk17DUJ4ksgau7utNKj4b963voxs",
  "poolSigner": "CfJR9TyCKeRyZgaqdcmHGZXewHV5cGufmPSFW7WrKciB",
  "poolSignerNonce": 255,
  "authority": "BqSGA2WdiQXA2cC1EdGDnVD615A4nYEAq49K3fz2hNBo",
  "initializerAccount": "GLfSX4YtaFXQrH9S87i1HuwxhX5UtznUvsWyEXvzWzpY",
  "feeBaseAccount": "7PCn4ua4PPWRyGJKewe1sog49zic95bqvyMLTPv9LXz8",
  "feeQuoteAccount": "HVVEwFCWZScadusMHdMHcw5D9byBwicrgy15Ud9fC7bR",
  "feePoolTokenAccount": "EWoRZBPFiF2PG4ixUxTjk34LJHmK5PBFNfYb2e5LttNW",
  "fees": {
    "tradeFeeNumerator": 20,
    "tradeFeeDenominator": 10000,
    "ownerTradeFeeNumerator": 10,
    "ownerTradeFeeDenominator": 10000,
    "ownerWithdrawFeeNumerator": 0,
    "ownerWithdrawFeeDenominator": 0
  },
  "curveType": 0,
  "curve": "5bhDQBdj6NnvJoN1XfMo1vugLqGxRztgLGgUyD3cAeBF",
  "poolPublicKey": "UiMK1mUcgSD11hpwwXh4MV7BBXcysqCq1aGtiZppkpB",
  "poolVersion": 2,
  "provider": "aldrin",
  "other": "2FPyTwcZLUg1MDrwsyoP4D6s1tM7hAkHYRjkNb5w6Pxk",
  "tokenIds": [
    "2FPyTwcZLUg1MDrwsyoP4D6s1tM7hAkHYRjkNb5w6Pxk",
    "7vfCXTUXx5WJV5JADk17DUJ4ksgau7utNKj4b963voxs"
  ],
  "tokens": {
    "2FPyTwcZLUg1MDrwsyoP4D6s1tM7hAkHYRjkNb5w6Pxk": {
      "chainId": 101,
      "address": "2FPyTwcZLUg1MDrwsyoP4D6s1tM7hAkHYRjkNb5w6Pxk",
      "symbol": "soETH",
      "name": "Wrapped Ethereum (Sollet)",
      "decimals": 6,
      "logoURI": "https://raw.githubusercontent.com/solana-labs/token-list/main/assets/mainnet/2FPyTwcZLUg1MDrwsyoP4D6s1tM7hAkHYRjkNb5w6Pxk/logo.png",
      "tags": [
        "wrapped-sollet",
        "ethereum"
      ],
      "extensions": {
        "bridgeContract": "https://etherscan.io/address/0xeae57ce9cc1984f202e15e038b964bb8bdf7229a",
        "coingeckoId": "ethereum",
        "serumV3Usdc": "4tSvZvnbyzHXLMTiFonMyxZoHmFqau1XArcRCVHLZ5gX",
        "serumV3Usdt": "7dLVkUfBVfCGkFhSXDCq1ukM9usathSgS716t643iFGF"
      },
      "addr": "Bq2SJYhDts5YyRR333CzVncr8Ru6MQBCjQuWEuwA1x2s",
      "tag": "wrapped-sollet,ethereum",
      "mint": "2FPyTwcZLUg1MDrwsyoP4D6s1tM7hAkHYRjkNb5w6Pxk",
      "scale": 6
    },
    "7vfCXTUXx5WJV5JADk17DUJ4ksgau7utNKj4b963voxs": {
      "chainId": 101,
      "address": "7vfCXTUXx5WJV5JADk17DUJ4ksgau7utNKj4b963voxs",
      "symbol": "ETH",
      "name": "Ether (Portal)",
      "decimals": 8,
      "logoURI": "https://raw.githubusercontent.com/solana-labs/token-list/main/assets/mainnet/7vfCXTUXx5WJV5JADk17DUJ4ksgau7utNKj4b963voxs/logo.png",
      "tags": [
        "wrapped",
        "wormhole"
      ],
      "extensions": {
        "address": "0xc02aaa39b223fe8d0a0e5c4f27ead9083c756cc2",
        "assetContract": "https://etherscan.io/address/0xc02aaa39b223fe8d0a0e5c4f27ead9083c756cc2",
        "bridgeContract": "https://etherscan.io/address/0x3ee18B2214AFF97000D974cf647E7C347E8fa585",
        "coingeckoId": "ethereum",
        "serumV3Usdc": "8Gmi2HhZmwQPVdCwzS7CM66MGstMXPcTVHA7jF19cLZz",
        "serumV3Usdt": "ch7kmPrtoQUSEPBggcNAvLGiMQkJagVwd3gDYfd8m7Q"
      },
      "addr": "8QwTtRtsAQNiFoAsFr7WxRkZPHSJCFieEh4QjURsCc7D",
      "tag": "wrapped,wormhole",
      "mint": "7vfCXTUXx5WJV5JADk17DUJ4ksgau7utNKj4b963voxs",
      "scale": 8
    }
  },
  "target_amp": 100,
  "fee_numerator": 5,
  "fee_denominator": 10000
}