{
  "padding": {
    "type": "Buffer",
    "data": [
      241,
      154,
      109,
      4,
      17,
      177,
      109,
      188
    ]
  },
  "lpTokenFreezeVault": "ZJPQPqUPdxVWGLnXnuaRbtbLHd4rU9VtcMny8gn8vWi",
  "poolMint": "8hwMMqQjRiDmbnbPFqjJE7veVb4ngkxT4YHeKg94CHZh",
  "baseTokenVault": "2pBUoXsSzkiQiWQ7aZuy74TiS7PtJfBm3geZHHgMyJGg",
  "baseTokenMint": "NGK3iHqqQkyRZUj4uhJDQqEyKKcZ7mdawWpqwMffM3s",
  "quoteTokenVault": "BdQz11t1UzApJ5uxutWCh7DxRMK2V46AtaGXAFK8CgYQ",
  "quoteTokenMint": "EPjFWdd5AufqSSqeM2qN1xzybapC8G4wEGGkZwyTDt1v",
  "poolSigner": "5DnXuna9MrnnJbLcGBd3f1ShghZoaYAiDUoP3Xs3K4GC",
  "poolSignerNonce": 253,
  "authority": "BqSGA2WdiQXA2cC1EdGDnVD615A4nYEAq49K3fz2hNBo",
  "initializerAccount": "E2fTQQbBytGcP9JA9Zmfob4aXdWzPrCdq93tr2UVo1zM",
  "feeBaseAccount": "H3bBE9mEhea5E7WLyRBwkbxtN4AgS4RGJz45xZrAeWG",
  "feeQuoteAccount": "BLusCPgfk1jYUozkjsuqCeYNtrdmZxxVzCGbEJ4eFAzM",
  "feePoolTokenAccount": "6ipRFRkZgZfUvTGpg87argL49r2YQm2QqDG2Y9XPNiC3",
  "fees": {
    "tradeFeeNumerator": 20,
    "tradeFeeDenominator": 10000,
    "ownerTradeFeeNumerator": 10,
    "ownerTradeFeeDenominator": 10000,
    "ownerWithdrawFeeNumerator": 0,
    "ownerWithdrawFeeDenominator": 0
  },
  "curveType": 0,
  "curve": "ETpTLHR4HYUKkadhXeSeahxEh3sdf9cBiQXFYPttms5t",
  "poolPublicKey": "8panRaTQfCVyexmqMxKU34oZPzXHmzTfb9exUXEgjcR8",
  "poolVersion": 2,
  "provider": "aldrin",
  "other": "EPjFWdd5AufqSSqeM2qN1xzybapC8G4wEGGkZwyTDt1v",
  "tokenIds": [
    "NGK3iHqqQkyRZUj4uhJDQqEyKKcZ7mdawWpqwMffM3s",
    "EPjFWdd5AufqSSqeM2qN1xzybapC8G4wEGGkZwyTDt1v"
  ],
  "tokens": {
    "NGK3iHqqQkyRZUj4uhJDQqEyKKcZ7mdawWpqwMffM3s": {
      "chainId": 101,
      "address": "NGK3iHqqQkyRZUj4uhJDQqEyKKcZ7mdawWpqwMffM3s",
      "symbol": "YAKU",
      "name": "Yaku",
      "decimals": 9,
      "logoURI": "https://raw.githubusercontent.com/solana-labs/token-list/main/assets/mainnet/EK58dp4mxsKwwuySWQW826i3fwcvUK69jPph22VUcd2H/logo.png",
      "tags": [
        "utility-token"
      ],
      "addr": "2pBUoXsSzkiQiWQ7aZuy74TiS7PtJfBm3geZHHgMyJGg",
      "tag": "utility-token",
      "mint": "NGK3iHqqQkyRZUj4uhJDQqEyKKcZ7mdawWpqwMffM3s",
      "scale": 9
    },
    "EPjFWdd5AufqSSqeM2qN1xzybapC8G4wEGGkZwyTDt1v": {
      "chainId": 101,
      "address": "EPjFWdd5AufqSSqeM2qN1xzybapC8G4wEGGkZwyTDt1v",
      "symbol": "USDC",
      "name": "USD Coin",
      "decimals": 6,
      "logoURI": "https://raw.githubusercontent.com/solana-labs/token-list/main/assets/mainnet/EPjFWdd5AufqSSqeM2qN1xzybapC8G4wEGGkZwyTDt1v/logo.png",
      "tags": [
        "stablecoin"
      ],
      "extensions": {
        "coingeckoId": "usd-coin",
        "serumV3Usdt": "77quYg4MGneUdjgXCunt9GgM1usmrxKY31twEy3WHwcS",
        "website": "https://www.centre.io/"
      },
      "addr": "BdQz11t1UzApJ5uxutWCh7DxRMK2V46AtaGXAFK8CgYQ",
      "tag": "stablecoin",
      "mint": "EPjFWdd5AufqSSqeM2qN1xzybapC8G4wEGGkZwyTDt1v",
      "scale": 6
    }
  },
  "target_amp": 100,
  "fee_numerator": 5,
  "fee_denominator": 10000
}