{
  "padding": {
    "type": "Buffer",
    "data": [
      241,
      154,
      109,
      4,
      17,
      177,
      109,
      188
    ]
  },
  "lpTokenFreezeVault": "GhGpJBST1APx7b4WukHgVMJGXxkxQFFwWm28AEVZBSzx",
  "poolMint": "BefMiScishov2KtnwdPnNt9H692Y8TScqqDrQo8aecUC",
  "baseTokenVault": "7ETCRhvj6eWNiY5QNoUWyrEFXDru4yQErSzGJJwA5DEc",
  "baseTokenMint": "7dHbWXmci3dT8UFYWYZweBLXgycu7Y3iL6trKn1Y7ARj",
  "quoteTokenVault": "HSqHFh5iTmknBpWR1vywi4KdBuTZy4er5vpGyTu42VTD",
  "quoteTokenMint": "9n4nbM75f5Ui33ZbPYXn59EwSgE8CGsHtAeTH5YFeJ9E",
  "poolSigner": "2gFdCK4yFhHEZhvyY1e7sPtmkLVYf34Y849UdXofnM1N",
  "poolSignerNonce": 255,
  "authority": "BqSGA2WdiQXA2cC1EdGDnVD615A4nYEAq49K3fz2hNBo",
  "initializerAccount": "BqSGA2WdiQXA2cC1EdGDnVD615A4nYEAq49K3fz2hNBo",
  "feeBaseAccount": "A9sMAP5rf3KqCtoQerLT5FSxVv3TsRe8jK6hECWosLKd",
  "feeQuoteAccount": "AeQrPuBUzfD55fbQX6o1fcJWoYqY7NGnY8JUUUrAswhy",
  "feePoolTokenAccount": "ExRc2yZ2m9x2oYQf5Qm7Urjq4GFQZFqdUuDC5hgiSwpE",
  "fees": {
    "tradeFeeNumerator": 20,
    "tradeFeeDenominator": 10000,
    "ownerTradeFeeNumerator": 10,
    "ownerTradeFeeDenominator": 10000,
    "ownerWithdrawFeeNumerator": 0,
    "ownerWithdrawFeeDenominator": 0
  },
  "curveType": 0,
  "curve": "H6WYvDo7Zm2xN8CckxKD58wDLjUvokXwy1kgxmBcNLcy",
  "poolPublicKey": "3WVFJ8xJCEocGVrhnmxDRrf3mDVTNc6VwgRJNyAKXNkv",
  "poolVersion": 2,
  "provider": "aldrin",
  "other": "9n4nbM75f5Ui33ZbPYXn59EwSgE8CGsHtAeTH5YFeJ9E",
  "tokenIds": [
    "7dHbWXmci3dT8UFYWYZweBLXgycu7Y3iL6trKn1Y7ARj",
    "9n4nbM75f5Ui33ZbPYXn59EwSgE8CGsHtAeTH5YFeJ9E"
  ],
  "tokens": {
    "7dHbWXmci3dT8UFYWYZweBLXgycu7Y3iL6trKn1Y7ARj": {
      "chainId": 101,
      "address": "7dHbWXmci3dT8UFYWYZweBLXgycu7Y3iL6trKn1Y7ARj",
      "symbol": "stSOL",
      "name": "Lido Staked SOL",
      "decimals": 9,
      "logoURI": "https://raw.githubusercontent.com/solana-labs/token-list/main/assets/mainnet/7dHbWXmci3dT8UFYWYZweBLXgycu7Y3iL6trKn1Y7ARj/logo.png",
      "extensions": {
        "coingeckoId": "lido-staked-sol",
        "coinmarketcap": "https://coinmarketcap.com/currencies/lido-for-solana/",
        "discord": "https://discord.gg/w9pXXgQPu8",
        "github": "https://github.com/ChorusOne/solido",
        "serumV3Usdc": "5F7LGsP1LPtaRV7vVKgxwNYX4Vf22xvuzyXjyar7jJqp",
        "twitter": "https://twitter.com/LidoFinance",
        "website": "https://solana.lido.fi/"
      },
      "addr": "7ETCRhvj6eWNiY5QNoUWyrEFXDru4yQErSzGJJwA5DEc",
      "tag": "",
      "mint": "7dHbWXmci3dT8UFYWYZweBLXgycu7Y3iL6trKn1Y7ARj",
      "scale": 9
    },
    "9n4nbM75f5Ui33ZbPYXn59EwSgE8CGsHtAeTH5YFeJ9E": {
      "chainId": 101,
      "address": "9n4nbM75f5Ui33ZbPYXn59EwSgE8CGsHtAeTH5YFeJ9E",
      "symbol": "soBTC",
      "name": "Wrapped Bitcoin (Sollet)",
      "decimals": 6,
      "logoURI": "https://raw.githubusercontent.com/solana-labs/token-list/main/assets/mainnet/9n4nbM75f5Ui33ZbPYXn59EwSgE8CGsHtAeTH5YFeJ9E/logo.png",
      "tags": [
        "wrapped-sollet",
        "ethereum"
      ],
      "extensions": {
        "bridgeContract": "https://etherscan.io/address/0xeae57ce9cc1984f202e15e038b964bb8bdf7229a",
        "coingeckoId": "bitcoin",
        "serumV3Usdc": "A8YFbxQYFVqKZaoYJLLUVcQiWP7G2MeEgW5wsAQgMvFw",
        "serumV3Usdt": "C1EuT9VokAKLiW7i2ASnZUvxDoKuKkCpDDeNxAptuNe4"
      },
      "addr": "HSqHFh5iTmknBpWR1vywi4KdBuTZy4er5vpGyTu42VTD",
      "tag": "wrapped-sollet,ethereum",
      "mint": "9n4nbM75f5Ui33ZbPYXn59EwSgE8CGsHtAeTH5YFeJ9E",
      "scale": 6
    }
  },
  "target_amp": 100,
  "fee_numerator": 5,
  "fee_denominator": 10000
}