{
  "padding": {
    "type": "Buffer",
    "data": [
      241,
      154,
      109,
      4,
      17,
      177,
      109,
      188
    ]
  },
  "lpTokenFreezeVault": "HZ8DdkoHKpRM2RfWoFV4EHxYd57GQRLLy9RbaUkRY65Z",
  "poolMint": "FStAWSK5x5Pr6tAsMwR5HJtHhDNYnfBf4PQ14pGdW1AP",
  "baseTokenVault": "9ATna1r5GZbv97yd7oVeT8tFmPVfzFFoGLZ8sP65KBHb",
  "baseTokenMint": "DK6PWMyuZ4NMjsm9AWNCTMKrajQYrtfMjMJ3QauX2UH5",
  "quoteTokenVault": "8VLw5EYRsM7ryv55vP7vNdtE7juJbYRZge4v8UnRbTmC",
  "quoteTokenMint": "9vMJfxuKxXBoEa7rM12mYLMwTacLMLDJqHozw96WQL8i",
  "poolSigner": "424YfgLqU4CDEWv1uKgw9PXZ5dTPumrH6SAYzh51qq2r",
  "poolSignerNonce": 255,
  "authority": "BqSGA2WdiQXA2cC1EdGDnVD615A4nYEAq49K3fz2hNBo",
  "initializerAccount": "DPBuZSWra9WUX6jJ2sZP9jE3rR97zNR2vXg3ESq7VMxo",
  "feeBaseAccount": "4ECJCgeW6pPN8bJvp7Rv2FjfbLNMSko7L7NGNVuk6uiS",
  "feeQuoteAccount": "k6n4EvxXSe5Azm8YfjxcTXYxG8mKopqcfoW1ZtCtoE7",
  "feePoolTokenAccount": "8maRYms4tT6bqeF8C7Q7CgM9pMJSyG9rWsbaoZmyT9pX",
  "fees": {
    "tradeFeeNumerator": 20,
    "tradeFeeDenominator": 10000,
    "ownerTradeFeeNumerator": 10,
    "ownerTradeFeeDenominator": 10000,
    "ownerWithdrawFeeNumerator": 0,
    "ownerWithdrawFeeDenominator": 0
  },
  "curveType": 0,
  "curve": "Hy3bNyL81JcuyCGU22iDJuVaKTkTdzBdnorKm9c4qVMc",
  "poolPublicKey": "msrXnFtp8k4A9cUbx2XTubX3YBdhZwZcoSyYtJvDr5G",
  "poolVersion": 2,
  "provider": "aldrin",
  "other": "DK6PWMyuZ4NMjsm9AWNCTMKrajQYrtfMjMJ3QauX2UH5",
  "tokenIds": [
    "DK6PWMyuZ4NMjsm9AWNCTMKrajQYrtfMjMJ3QauX2UH5",
    "9vMJfxuKxXBoEa7rM12mYLMwTacLMLDJqHozw96WQL8i"
  ],
  "tokens": {
    "DK6PWMyuZ4NMjsm9AWNCTMKrajQYrtfMjMJ3QauX2UH5": {
      "chainId": 101,
      "address": "DK6PWMyuZ4NMjsm9AWNCTMKrajQYrtfMjMJ3QauX2UH5",
      "symbol": "BITXBIT",
      "name": "BITXBIT",
      "decimals": 9,
      "logoURI": "https://raw.githubusercontent.com/solana-labs/token-list/main/assets/mainnet/DK6PWMyuZ4NMjsm9AWNCTMKrajQYrtfMjMJ3QauX2UH5/logo.png",
      "tags": [
        "social-token",
        "technology",
        "utility-token"
      ],
      "extensions": {
        "twitter": "https://twitter.com/bitXbit_aus",
        "website": "https://bitxbit.com.au"
      },
      "addr": "9ATna1r5GZbv97yd7oVeT8tFmPVfzFFoGLZ8sP65KBHb",
      "tag": "social-token,technology,utility-token",
      "mint": "DK6PWMyuZ4NMjsm9AWNCTMKrajQYrtfMjMJ3QauX2UH5",
      "scale": 9
    },
    "9vMJfxuKxXBoEa7rM12mYLMwTacLMLDJqHozw96WQL8i": {
      "chainId": 101,
      "address": "9vMJfxuKxXBoEa7rM12mYLMwTacLMLDJqHozw96WQL8i",
      "symbol": "UST",
      "name": "UST (Portal)",
      "decimals": 6,
      "logoURI": "https://raw.githubusercontent.com/solana-labs/token-list/main/assets/mainnet/9vMJfxuKxXBoEa7rM12mYLMwTacLMLDJqHozw96WQL8i/logo.png",
      "tags": [
        "wrapped",
        "wormhole",
        "stablecoin"
      ],
      "extensions": {
        "address": "uusd",
        "bridgeContract": "https://finder.terra.money/columbus-5/address/terra10nmmwe8r3g99a9newtqa7a75xfgs2e8z87r2sf",
        "coingeckoId": "terrausd",
        "serumV3Usdc": "8WmckvEoVGZvtN8knjdzFGbWJ3Sr4BcWdyzSYuCrD4YK"
      },
      "addr": "8VLw5EYRsM7ryv55vP7vNdtE7juJbYRZge4v8UnRbTmC",
      "tag": "wrapped,wormhole,stablecoin",
      "mint": "9vMJfxuKxXBoEa7rM12mYLMwTacLMLDJqHozw96WQL8i",
      "scale": 6
    }
  },
  "target_amp": 100,
  "fee_numerator": 5,
  "fee_denominator": 10000
}