{
  "padding": {
    "type": "Buffer",
    "data": [
      241,
      154,
      109,
      4,
      17,
      177,
      109,
      188
    ]
  },
  "lpTokenFreezeVault": "DqwdoS7zNs8UgQgh3QNSWGw4QyjsqWNX2S7SiZeLxBBC",
  "poolMint": "F6sY9SM3z73c7YWjFTqJFPah8KhxZtGARcE3zv76yXh3",
  "baseTokenVault": "1hHzJpJRDoCYM34ynyfMQroCJG47akRkxKY2A3J6U5V",
  "baseTokenMint": "So11111111111111111111111111111111111111112",
  "quoteTokenVault": "GngYkz7eBYdgsbUgQMcoQajqEww5tpQvY9U1jmn9ghBX",
  "quoteTokenMint": "44thGfHRsdCB61NAkrDFe6djRrwWZegTTqrs1bwMeAGu",
  "poolSigner": "AKPPcn9KV2pUgZLhgKtvmgEMZjTcFk7Nn1cYEfSfu52K",
  "poolSignerNonce": 253,
  "authority": "BqSGA2WdiQXA2cC1EdGDnVD615A4nYEAq49K3fz2hNBo",
  "initializerAccount": "5jmvxAU2kC3JaARBKNATBc9RikENBKwiy4unKvkonGCc",
  "feeBaseAccount": "HFDQVmq9i4JkropyyhxiRq5xHLXhP7qd35CypthdjwAJ",
  "feeQuoteAccount": "414C47rwuPVfkXdDrebgPMnztBPKwNTdZJq29dYaGKsq",
  "feePoolTokenAccount": "DVxhWNXFVGbadXA2Vqz2EjAQbLeiXmds1RBg5HGrDPyd",
  "fees": {
    "tradeFeeNumerator": 20,
    "tradeFeeDenominator": 10000,
    "ownerTradeFeeNumerator": 10,
    "ownerTradeFeeDenominator": 10000,
    "ownerWithdrawFeeNumerator": 0,
    "ownerWithdrawFeeDenominator": 0
  },
  "curveType": 0,
  "curve": "4isuy8nX8Dm1nYiDMZSnH7YFAmnoZpvtHQPqVct3nXFy",
  "poolPublicKey": "5vQTRiiRGKF2j4geW15W1nLPthzgDaLCqXCBiq8jvPwp",
  "poolVersion": 2,
  "provider": "aldrin",
  "other": "So11111111111111111111111111111111111111112",
  "tokenIds": [
    "So11111111111111111111111111111111111111112",
    "44thGfHRsdCB61NAkrDFe6djRrwWZegTTqrs1bwMeAGu"
  ],
  "tokens": {
    "So11111111111111111111111111111111111111112": {
      "chainId": 102,
      "address": "So11111111111111111111111111111111111111112",
      "symbol": "wSOL",
      "name": "Wrapped SOL",
      "decimals": 9,
      "logoURI": "https://raw.githubusercontent.com/solana-labs/token-list/main/assets/mainnet/So11111111111111111111111111111111111111112/logo.png",
      "extensions": {
        "coingeckoId": "solana",
        "website": "https://www.solana.com/"
      },
      "addr": "1hHzJpJRDoCYM34ynyfMQroCJG47akRkxKY2A3J6U5V",
      "tag": "",
      "mint": "So11111111111111111111111111111111111111112",
      "scale": 9
    },
    "44thGfHRsdCB61NAkrDFe6djRrwWZegTTqrs1bwMeAGu": {
      "chainId": 101,
      "address": "44thGfHRsdCB61NAkrDFe6djRrwWZegTTqrs1bwMeAGu",
      "symbol": "44TH",
      "name": "44TH",
      "decimals": 9,
      "logoURI": "https://raw.githubusercontent.com/solana-labs/token-list/main/assets/mainnet/44thGfHRsdCB61NAkrDFe6djRrwWZegTTqrs1bwMeAGu/logo.png",
      "tags": [
        "utility-token"
      ],
      "addr": "GngYkz7eBYdgsbUgQMcoQajqEww5tpQvY9U1jmn9ghBX",
      "tag": "utility-token",
      "mint": "44thGfHRsdCB61NAkrDFe6djRrwWZegTTqrs1bwMeAGu",
      "scale": 9
    }
  },
  "target_amp": 100,
  "fee_numerator": 5,
  "fee_denominator": 10000
}